{
  "type": "FeatureCollection",
  "generator": "overpass-turbo",
  "copyright": "The data included in this document is from www.openstreetmap.org. The data is made available under ODbL.",
  "timestamp": "2026-04-24T18:23:33Z",
  "features": [
    {
      "type": "Feature",
      "properties": {
        "@id": "node/41958626",
        "name": "Maastricht Randwyck",
        "public_transport": "stop_position",
        "railway": "stop",
        "railway:ref": "Mtr",
        "ref": "2",
        "train": "yes"
      },
      "geometry": {
        "type": "Point",
        "coordinates": [
          5.717595,
          50.8376314
        ]
      },
      "id": "node/41958626"
    },
    {
      "type": "Feature",
      "properties": {
        "@id": "node/41984084",
        "name": "Schin op Geul",
        "operator": "Zuid-Limburgse Stoomtrein Maatschappij",
        "platforms": "2",
        "public_transport": "station",
        "railway": "station",
        "railway:ref": "Sog",
        "train": "yes",
        "usage": "tourism",
        "wheelchair": "yes",
        "wikidata": "Q2684360",
        "wikimedia_commons": "Category:Station Schin op Geul",
        "wikipedia": "nl:Station Schin op Geul"
      },
      "geometry": {
        "type": "Point",
        "coordinates": [
          5.8714734,
          50.8559809
        ]
      },
      "id": "node/41984084"
    },
    {
      "type": "Feature",
      "properties": {
        "@id": "node/41984490",
        "name": "Schin op Geul",
        "public_transport": "stop_position",
        "railway": "stop",
        "railway:ref": "Sog",
        "ref": "1",
        "train": "yes"
      },
      "geometry": {
        "type": "Point",
        "coordinates": [
          5.8722543,
          50.8562856
        ]
      },
      "id": "node/41984490"
    },
    {
      "type": "Feature",
      "properties": {
        "@id": "node/42000020",
        "name": "Klimmen-Ransdaal",
        "public_transport": "stop_position",
        "railway": "stop",
        "railway:ref": "Kmr",
        "ref": "1",
        "train": "yes"
      },
      "geometry": {
        "type": "Point",
        "coordinates": [
          5.8901819,
          50.8662479
        ]
      },
      "id": "node/42000020"
    },
    {
      "type": "Feature",
      "properties": {
        "@id": "node/42006537",
        "name": "Maastricht Noord",
        "public_transport": "stop_position",
        "railway": "stop",
        "railway:ref": "Mtn",
        "ref": "2",
        "train": "yes",
        "website": "https://9292.nl/en/locations/station-maastricht-noord/departures",
        "wikidata": "Q2024081",
        "wikimedia_commons": "Category:Station Maastricht Noord",
        "wikipedia": "en:Maastricht Noord railway station"
      },
      "geometry": {
        "type": "Point",
        "coordinates": [
          5.7175273,
          50.8705303
        ]
      },
      "id": "node/42006537"
    },
    {
      "type": "Feature",
      "properties": {
        "@id": "node/42011214",
        "name": "Houthem-Sint Gerlach",
        "public_transport": "stop_position",
        "railway": "stop",
        "railway:ref": "Sgl",
        "ref": "1",
        "train": "yes"
      },
      "geometry": {
        "type": "Point",
        "coordinates": [
          5.7964022,
          50.8733825
        ]
      },
      "id": "node/42011214"
    },
    {
      "type": "Feature",
      "properties": {
        "@id": "node/42015863",
        "name": "Chevremont",
        "name:de": "Kaffenberg",
        "public_transport": "stop_position",
        "railway": "stop",
        "railway:ref": "Cvm",
        "ref": "1",
        "train": "yes"
      },
      "geometry": {
        "type": "Point",
        "coordinates": [
          6.0595314,
          50.8761756
        ]
      },
      "id": "node/42015863"
    },
    {
      "type": "Feature",
      "properties": {
        "@id": "node/42026539",
        "name": "Meerssen",
        "public_transport": "stop_position",
        "railway": "stop",
        "railway:ref": "Mes",
        "ref": "1",
        "train": "yes"
      },
      "geometry": {
        "type": "Point",
        "coordinates": [
          5.7505828,
          50.8825619
        ]
      },
      "id": "node/42026539"
    },
    {
      "type": "Feature",
      "properties": {
        "@id": "node/42032185",
        "name": "Voerendaal",
        "public_transport": "stop_position",
        "railway": "stop",
        "railway:ref": "Vdl",
        "ref": "1",
        "train": "yes"
      },
      "geometry": {
        "type": "Point",
        "coordinates": [
          5.9294293,
          50.8868243
        ]
      },
      "id": "node/42032185"
    },
    {
      "type": "Feature",
      "properties": {
        "@id": "node/42037239",
        "name": "Heerlen",
        "public_transport": "stop_position",
        "railway": "stop",
        "railway:ref": "Hrl",
        "railway:ref:DB": "XNH",
        "ref": "1",
        "train": "yes",
        "uic_ref": "8400307",
        "zone": "6611"
      },
      "geometry": {
        "type": "Point",
        "coordinates": [
          5.9753028,
          50.8906559
        ]
      },
      "id": "node/42037239"
    },
    {
      "type": "Feature",
      "properties": {
        "@id": "node/42038079",
        "name": "Eygelshoven",
        "public_transport": "stop_position",
        "railway": "stop",
        "railway:ref": "Egh",
        "ref": "2",
        "train": "yes"
      },
      "geometry": {
        "type": "Point",
        "coordinates": [
          6.0455119,
          50.8901141
        ]
      },
      "id": "node/42038079"
    },
    {
      "type": "Feature",
      "properties": {
        "@id": "node/42043721",
        "name": "Heerlen Woonboulevard",
        "public_transport": "stop_position",
        "railway": "stop",
        "railway:ref": "Hrlw",
        "ref": "1",
        "train": "yes"
      },
      "geometry": {
        "type": "Point",
        "coordinates": [
          5.9528939,
          50.8961357
        ]
      },
      "id": "node/42043721"
    },
    {
      "type": "Feature",
      "properties": {
        "@id": "node/42053780",
        "name": "Hoensbroek",
        "public_transport": "stop_position",
        "railway": "stop",
        "railway:ref": "Hb",
        "ref": "1",
        "train": "yes"
      },
      "geometry": {
        "type": "Point",
        "coordinates": [
          5.9302707,
          50.9055895
        ]
      },
      "id": "node/42053780"
    },
    {
      "type": "Feature",
      "properties": {
        "@id": "node/42084791",
        "name": "Spaubeek",
        "public_transport": "stop_position",
        "railway": "stop",
        "railway:ref": "Sbk",
        "ref": "2",
        "train": "yes"
      },
      "geometry": {
        "type": "Point",
        "coordinates": [
          5.8496099,
          50.9434607
        ]
      },
      "id": "node/42084791"
    },
    {
      "type": "Feature",
      "properties": {
        "@id": "node/42088494",
        "name": "Beek-Elsloo",
        "public_transport": "stop_position",
        "railway": "stop",
        "railway:ref": "Bk",
        "ref": "2",
        "train": "yes"
      },
      "geometry": {
        "type": "Point",
        "coordinates": [
          5.7872235,
          50.9478069
        ]
      },
      "id": "node/42088494"
    },
    {
      "type": "Feature",
      "properties": {
        "@id": "node/42102055",
        "name": "Geleen Oost",
        "public_transport": "stop_position",
        "railway": "stop",
        "railway:ref": "Gln",
        "ref": "2",
        "train": "yes",
        "wikidata": "Q2677839",
        "wikimedia_commons": "Category:Station Geleen Oost",
        "wikipedia": "nl:Station Geleen Oost"
      },
      "geometry": {
        "type": "Point",
        "coordinates": [
          5.8432373,
          50.9670372
        ]
      },
      "id": "node/42102055"
    },
    {
      "type": "Feature",
      "properties": {
        "@id": "node/42108132",
        "name": "Geleen-Lutterade",
        "public_transport": "stop_position",
        "railway": "stop",
        "railway:ref": "Lut",
        "ref": "2",
        "train": "yes"
      },
      "geometry": {
        "type": "Point",
        "coordinates": [
          5.8244169,
          50.9754547
        ]
      },
      "id": "node/42108132"
    },
    {
      "type": "Feature",
      "properties": {
        "@id": "node/42120928",
        "name": "Sittard",
        "public_transport": "stop_position",
        "railway": "stop",
        "railway:ref": "Std",
        "ref": "3a",
        "train": "yes"
      },
      "geometry": {
        "type": "Point",
        "coordinates": [
          5.858317,
          51.0012601
        ]
      },
      "id": "node/42120928"
    },
    {
      "type": "Feature",
      "properties": {
        "@id": "node/42146945",
        "name": "Echt",
        "public_transport": "stop_position",
        "railway": "stop",
        "railway:ref": "Ec",
        "ref": "1",
        "train": "yes"
      },
      "geometry": {
        "type": "Point",
        "coordinates": [
          5.8788758,
          51.1001285
        ]
      },
      "id": "node/42146945"
    },
    {
      "type": "Feature",
      "properties": {
        "@id": "node/42199496",
        "name": "Roermond",
        "public_transport": "stop_position",
        "railway": "stop",
        "railway:ref": "Rm",
        "railway:ref:DB": "XNRM",
        "ref": "2",
        "train": "yes"
      },
      "geometry": {
        "type": "Point",
        "coordinates": [
          5.994106,
          51.1925263
        ]
      },
      "id": "node/42199496"
    },
    {
      "type": "Feature",
      "properties": {
        "@id": "node/42235002",
        "name": "Swalmen",
        "public_transport": "stop_position",
        "railway": "stop",
        "railway:ref": "Sm",
        "ref": "1",
        "train": "yes"
      },
      "geometry": {
        "type": "Point",
        "coordinates": [
          6.0315608,
          51.2353778
        ]
      },
      "id": "node/42235002"
    },
    {
      "type": "Feature",
      "properties": {
        "@id": "node/42250938",
        "name": "Weert",
        "public_transport": "stop_position",
        "railway": "stop",
        "railway:ref": "Wt",
        "ref": "2",
        "train": "yes"
      },
      "geometry": {
        "type": "Point",
        "coordinates": [
          5.7031571,
          51.2488202
        ]
      },
      "id": "node/42250938"
    },
    {
      "type": "Feature",
      "properties": {
        "@id": "node/42299017",
        "name": "Reuver",
        "public_transport": "stop_position",
        "railway": "stop",
        "railway:ref": "Rv",
        "ref": "1",
        "train": "yes"
      },
      "geometry": {
        "type": "Point",
        "coordinates": [
          6.0793649,
          51.2829991
        ]
      },
      "id": "node/42299017"
    },
    {
      "type": "Feature",
      "properties": {
        "@id": "node/42299776",
        "name": "Reuver",
        "public_transport": "stop_position",
        "railway": "stop",
        "railway:ref": "Rv",
        "ref": "2",
        "train": "yes"
      },
      "geometry": {
        "type": "Point",
        "coordinates": [
          6.0794497,
          51.2829604
        ]
      },
      "id": "node/42299776"
    },
    {
      "type": "Feature",
      "properties": {
        "@id": "node/42490556",
        "name": "Blerick",
        "public_transport": "stop_position",
        "railway": "stop",
        "railway:ref": "Br",
        "ref": "3",
        "train": "yes"
      },
      "geometry": {
        "type": "Point",
        "coordinates": [
          6.1553835,
          51.3724773
        ]
      },
      "id": "node/42490556"
    },
    {
      "type": "Feature",
      "properties": {
        "@id": "node/42515590",
        "name": "Heeze",
        "public_transport": "stop_position",
        "railway": "stop",
        "railway:ref": "Hze",
        "ref": "2",
        "train": "yes"
      },
      "geometry": {
        "type": "Point",
        "coordinates": [
          5.5694542,
          51.3852329
        ]
      },
      "id": "node/42515590"
    },
    {
      "type": "Feature",
      "properties": {
        "@id": "node/42567343",
        "name": "Baarland",
        "operator": "Stoomtrein Goes - Borsele",
        "public_transport": "stop_position",
        "railway": "stop",
        "railway:ref": "Bld",
        "train": "yes"
      },
      "geometry": {
        "type": "Point",
        "coordinates": [
          3.8826082,
          51.4149828
        ]
      },
      "id": "node/42567343"
    },
    {
      "type": "Feature",
      "properties": {
        "@id": "node/42598910",
        "name": "Horst-Sevenum",
        "public_transport": "stop_position",
        "railway": "stop",
        "railway:ref": "Hrt",
        "ref": "1",
        "train": "yes"
      },
      "geometry": {
        "type": "Point",
        "coordinates": [
          6.0413454,
          51.4269585
        ]
      },
      "id": "node/42598910"
    },
    {
      "type": "Feature",
      "properties": {
        "@id": "node/42614391",
        "name": "Krabbendijke",
        "public_transport": "stop_position",
        "railway": "stop",
        "railway:ref": "Kbd",
        "ref": "1",
        "train": "yes"
      },
      "geometry": {
        "type": "Point",
        "coordinates": [
          4.1186069,
          51.4326999
        ]
      },
      "id": "node/42614391"
    },
    {
      "type": "Feature",
      "properties": {
        "@id": "node/42631488",
        "name": "Kwadendamme",
        "operator": "Stoomtrein Goes - Borsele",
        "public_transport": "stop_position",
        "railway": "stop",
        "railway:ref": "Kdm",
        "train": "yes"
      },
      "geometry": {
        "type": "Point",
        "coordinates": [
          3.8894157,
          51.4407068
        ]
      },
      "id": "node/42631488"
    },
    {
      "type": "Feature",
      "properties": {
        "@id": "node/42641724",
        "name": "Vlissingen",
        "name:ar": "فلسنقن",
        "name:nl": "Vlissingen",
        "public_transport": "station",
        "railway": "station",
        "railway:ref": "Vs",
        "start_date": "1873-09-01",
        "train": "yes",
        "wikidata": "Q508613",
        "wikipedia": "nl:Station Vlissingen",
        "zone": "7660"
      },
      "geometry": {
        "type": "Point",
        "coordinates": [
          3.595722,
          51.4440529
        ]
      },
      "id": "node/42641724"
    },
    {
      "type": "Feature",
      "properties": {
        "@id": "node/42668833",
        "name": "Nisse",
        "operator": "Stoomtrein Goes - Borsele",
        "public_transport": "stop_position",
        "railway": "stop",
        "railway:ref": "Ni",
        "train": "yes"
      },
      "geometry": {
        "type": "Point",
        "coordinates": [
          3.8800765,
          51.4539473
        ]
      },
      "id": "node/42668833"
    },
    {
      "type": "Feature",
      "properties": {
        "@id": "node/42675172",
        "name": "Deurne",
        "public_transport": "stop_position",
        "railway": "stop",
        "railway:ref": "Dn",
        "ref": "1",
        "train": "yes"
      },
      "geometry": {
        "type": "Point",
        "coordinates": [
          5.7881031,
          51.4561049
        ]
      },
      "id": "node/42675172"
    },
    {
      "type": "Feature",
      "properties": {
        "@id": "node/42699513",
        "name": "Vlissingen Souburg",
        "public_transport": "stop_position",
        "railway": "stop",
        "railway:ref": "Vss",
        "ref": "2",
        "train": "yes"
      },
      "geometry": {
        "type": "Point",
        "coordinates": [
          3.5952907,
          51.4650554
        ]
      },
      "id": "node/42699513"
    },
    {
      "type": "Feature",
      "properties": {
        "@id": "node/42708577",
        "name": "Helmond 't Hout",
        "public_transport": "stop_position",
        "railway": "stop",
        "railway:ref": "Hmh",
        "ref": "1",
        "train": "yes"
      },
      "geometry": {
        "type": "Point",
        "coordinates": [
          5.6312611,
          51.4680329
        ]
      },
      "id": "node/42708577"
    },
    {
      "type": "Feature",
      "properties": {
        "@id": "node/42714941",
        "name": "Helmond Brouwhuis",
        "public_transport": "stop_position",
        "railway": "stop",
        "railway:ref": "Hmbh",
        "ref": "1",
        "train": "yes"
      },
      "geometry": {
        "type": "Point",
        "coordinates": [
          5.7016874,
          51.4705815
        ]
      },
      "id": "node/42714941"
    },
    {
      "type": "Feature",
      "properties": {
        "@id": "node/42715031",
        "addr:city": "Helmond",
        "addr:country": "NL",
        "addr:housenumber": "6",
        "addr:postcode": "5709AC",
        "addr:street": "Deltaweg",
        "name": "Helmond Brouwhuis",
        "public_transport": "station",
        "railway": "station",
        "railway:ref": "Hmbh",
        "source": "BAG",
        "source:date": "2014-06-04",
        "train": "yes",
        "website": "https://www.ns.nl/stationsinformatie/hmbh/helmond-brouwhuis",
        "wheelchair": "yes",
        "wikidata": "Q3405204",
        "wikipedia": "nl:Station Helmond Brouwhuis",
        "zone": "6543"
      },
      "geometry": {
        "type": "Point",
        "coordinates": [
          5.70137,
          51.4706226
        ]
      },
      "id": "node/42715031"
    },
    {
      "type": "Feature",
      "properties": {
        "@id": "node/42728632",
        "name": "Helmond",
        "public_transport": "stop_position",
        "railway": "stop",
        "railway:ref": "Hm",
        "ref": "1",
        "train": "yes",
        "zone": "6531"
      },
      "geometry": {
        "type": "Point",
        "coordinates": [
          5.6616731,
          51.475497
        ]
      },
      "id": "node/42728632"
    },
    {
      "type": "Feature",
      "properties": {
        "@id": "node/42743713",
        "name": "Kapelle-Biezelinge",
        "public_transport": "stop_position",
        "railway": "stop",
        "railway:ref": "Bzl",
        "ref": "2",
        "train": "yes"
      },
      "geometry": {
        "type": "Point",
        "coordinates": [
          3.9567925,
          51.4804309
        ]
      },
      "id": "node/42743713"
    },
    {
      "type": "Feature",
      "properties": {
        "@id": "node/42792154",
        "name": "Middelburg",
        "public_transport": "stop_position",
        "railway": "stop",
        "railway:ref": "Mdb",
        "ref": "2",
        "train": "yes"
      },
      "geometry": {
        "type": "Point",
        "coordinates": [
          3.6183164,
          51.4951303
        ]
      },
      "id": "node/42792154"
    },
    {
      "type": "Feature",
      "properties": {
        "@id": "node/42805451",
        "name": "Goes",
        "name:ar": "خوس",
        "name:fa": "خوس",
        "public_transport": "stop_position",
        "railway": "stop",
        "railway:ref": "Gs",
        "ref": "2",
        "train": "yes",
        "wikidata": "Q615222",
        "wikipedia": "nl:Station Goes",
        "zone": "7600"
      },
      "geometry": {
        "type": "Point",
        "coordinates": [
          3.8895966,
          51.4981406
        ]
      },
      "id": "node/42805451"
    },
    {
      "type": "Feature",
      "properties": {
        "@id": "node/42820035",
        "name": "Arnemuiden",
        "public_transport": "stop_position",
        "railway": "stop",
        "railway:ref": "Arn",
        "ref": "1",
        "train": "yes"
      },
      "geometry": {
        "type": "Point",
        "coordinates": [
          3.6697863,
          51.5015355
        ]
      },
      "id": "node/42820035"
    },
    {
      "type": "Feature",
      "properties": {
        "@id": "node/42915222",
        "name": "Venray",
        "public_transport": "stop_position",
        "railway": "stop",
        "railway:ref": "Vry",
        "train": "yes"
      },
      "geometry": {
        "type": "Point",
        "coordinates": [
          6.0146841,
          51.5261184
        ]
      },
      "id": "node/42915222"
    },
    {
      "type": "Feature",
      "properties": {
        "@id": "node/42966392",
        "name": "Roosendaal",
        "public_transport": "station",
        "railway": "station",
        "railway:ref": "Rsd",
        "railway:ref:NMBS/SNCB": "XNRSD",
        "source": "AND",
        "start_date": "1854-07-03",
        "train": "yes",
        "website": "https://www.ns.nl/stationsinformatie/rsd/roosendaal",
        "wikidata": "Q801378",
        "wikipedia": "nl:Station Roosendaal",
        "zone": "7260"
      },
      "geometry": {
        "type": "Point",
        "coordinates": [
          4.4584702,
          51.5403292
        ]
      },
      "id": "node/42966392"
    },
    {
      "type": "Feature",
      "properties": {
        "@id": "node/43028618",
        "name": "Tilburg",
        "public_transport": "stop_position",
        "railway": "stop",
        "railway:ref": "Tb",
        "ref": "1",
        "train": "yes",
        "wikidata": "Q801519",
        "wikipedia": "nl:Station Tilburg",
        "zone": "7300"
      },
      "geometry": {
        "type": "Point",
        "coordinates": [
          5.0833234,
          51.560617
        ]
      },
      "id": "node/43028618"
    },
    {
      "type": "Feature",
      "properties": {
        "@id": "node/43044523",
        "name": "Tilburg Universiteit",
        "old_name:1969-2010": "Tilburg West",
        "public_transport": "station",
        "railway": "station",
        "railway:ref": "Tbu",
        "train": "yes",
        "website": "https://www.ns.nl/stationsinformatie/tbu/tilburg-universiteit",
        "wheelchair": "yes",
        "wikidata": "Q970524",
        "wikipedia": "nl:Station Tilburg Universiteit",
        "zone": "7300"
      },
      "geometry": {
        "type": "Point",
        "coordinates": [
          5.0516776,
          51.5652341
        ]
      },
      "id": "node/43044523"
    },
    {
      "type": "Feature",
      "properties": {
        "@id": "node/43044999",
        "name": "Tilburg Universiteit",
        "public_transport": "stop_position",
        "railway": "stop",
        "railway:ref": "Tbu",
        "ref": "2",
        "train": "yes"
      },
      "geometry": {
        "type": "Point",
        "coordinates": [
          5.0501998,
          51.5651954
        ]
      },
      "id": "node/43044999"
    },
    {
      "type": "Feature",
      "properties": {
        "@id": "node/43115032",
        "name": "Oisterwijk",
        "public_transport": "stop_position",
        "railway": "stop",
        "railway:ref": "Ot",
        "ref": "1",
        "train": "yes"
      },
      "geometry": {
        "type": "Point",
        "coordinates": [
          5.1934345,
          51.5820169
        ]
      },
      "id": "node/43115032"
    },
    {
      "type": "Feature",
      "properties": {
        "@id": "node/43124982",
        "name": "Gilze-Rijen",
        "public_transport": "station",
        "railway": "station",
        "railway:ref": "Gz",
        "train": "yes",
        "website": "https://www.ns.nl/stationsinformatie/gz/gilze-rijen",
        "wikidata": "Q2270556",
        "wikipedia": "nl:Station Gilze-Rijen",
        "zone": "7343"
      },
      "geometry": {
        "type": "Point",
        "coordinates": [
          4.9242259,
          51.5840224
        ]
      },
      "id": "node/43124982"
    },
    {
      "type": "Feature",
      "properties": {
        "@id": "node/43141497",
        "name": "Oudenbosch",
        "public_transport": "stop_position",
        "railway": "stop",
        "railway:ref": "Odb",
        "ref": "2",
        "train": "yes"
      },
      "geometry": {
        "type": "Point",
        "coordinates": [
          4.5333535,
          51.5878095
        ]
      },
      "id": "node/43141497"
    },
    {
      "type": "Feature",
      "properties": {
        "@id": "node/43160670",
        "name": "Vierlingsbeek",
        "public_transport": "station",
        "railway": "station",
        "railway:ref": "Vlb",
        "train": "yes",
        "wheelchair": "yes",
        "wikidata": "Q2799890",
        "wikipedia": "nl:Station Vierlingsbeek",
        "zone": "6056"
      },
      "geometry": {
        "type": "Point",
        "coordinates": [
          5.9970961,
          51.5920221
        ]
      },
      "id": "node/43160670"
    },
    {
      "type": "Feature",
      "properties": {
        "@id": "node/43163076",
        "name": "Vierlingsbeek",
        "public_transport": "stop_position",
        "railway": "stop",
        "railway:ref": "Vlb",
        "ref": "1",
        "train": "yes"
      },
      "geometry": {
        "type": "Point",
        "coordinates": [
          5.99688,
          51.592413
        ]
      },
      "id": "node/43163076"
    },
    {
      "type": "Feature",
      "properties": {
        "@id": "node/43174364",
        "iata": "QRZ",
        "level": "1",
        "name": "Breda",
        "operator": "NS Groep N.V.",
        "public_transport": "station",
        "railway": "station",
        "railway:ref": "Bd",
        "railway:ref:NMBS/SNCB": "XNBD",
        "source": "AND",
        "toilets:wheelchair": "yes",
        "train": "yes",
        "uic_ref": "8400131",
        "website": "https://www.ns.nl/stationsinformatie/bd/breda",
        "wheelchair": "yes",
        "wikidata": "Q800561",
        "wikipedia": "nl:Station Breda",
        "zone": "7200"
      },
      "geometry": {
        "type": "Point",
        "coordinates": [
          4.7800231,
          51.5951433
        ]
      },
      "id": "node/43174364"
    },
    {
      "type": "Feature",
      "properties": {
        "@id": "node/43209011",
        "name": "Breda-Prinsenbeek",
        "public_transport": "stop_position",
        "railway": "stop",
        "railway:ref": "Bdpb",
        "ref": "1",
        "train": "yes"
      },
      "geometry": {
        "type": "Point",
        "coordinates": [
          4.7215646,
          51.6055497
        ]
      },
      "id": "node/43209011"
    },
    {
      "type": "Feature",
      "properties": {
        "@id": "node/43333321",
        "name": "Zevenbergen",
        "public_transport": "stop_position",
        "railway": "stop",
        "railway:ref": "Zvb",
        "ref": "1",
        "train": "yes"
      },
      "geometry": {
        "type": "Point",
        "coordinates": [
          4.6100522,
          51.6412756
        ]
      },
      "id": "node/43333321"
    },
    {
      "type": "Feature",
      "properties": {
        "@id": "node/43345288",
        "name": "Boxmeer",
        "public_transport": "stop_position",
        "railway": "stop",
        "railway:ref": "Bmr",
        "ref": "2",
        "train": "yes"
      },
      "geometry": {
        "type": "Point",
        "coordinates": [
          5.9396202,
          51.6440494
        ]
      },
      "id": "node/43345288"
    },
    {
      "type": "Feature",
      "properties": {
        "@id": "node/43346790",
        "name": "Boxmeer",
        "public_transport": "station",
        "railway": "station",
        "railway:ref": "Bmr",
        "source": "AND",
        "train": "yes",
        "wheelchair": "yes",
        "wikidata": "Q2660660",
        "wikipedia": "nl:Station Boxmeer",
        "zone": "6051"
      },
      "geometry": {
        "type": "Point",
        "coordinates": [
          5.9394902,
          51.6444502
        ]
      },
      "id": "node/43346790"
    },
    {
      "type": "Feature",
      "properties": {
        "@id": "node/43350498",
        "name": "Boxmeer",
        "public_transport": "stop_position",
        "railway": "stop",
        "railway:ref": "Bmr",
        "ref": "1",
        "train": "yes"
      },
      "geometry": {
        "type": "Point",
        "coordinates": [
          5.9385003,
          51.6451999
        ]
      },
      "id": "node/43350498"
    },
    {
      "type": "Feature",
      "properties": {
        "@id": "node/43527515",
        "name": "Lage Zwaluwe",
        "public_transport": "stop_position",
        "railway": "stop",
        "railway:ref": "Zlw",
        "ref": "2",
        "train": "yes"
      },
      "geometry": {
        "type": "Point",
        "coordinates": [
          4.6635332,
          51.6902188
        ]
      },
      "id": "node/43527515"
    },
    {
      "type": "Feature",
      "properties": {
        "@id": "node/43529858",
        "name": "'s-Hertogenbosch",
        "public_transport": "stop_position",
        "railway": "stop",
        "railway:ref": "Ht",
        "ref": "1",
        "train": "yes"
      },
      "geometry": {
        "type": "Point",
        "coordinates": [
          5.293996,
          51.6905518
        ]
      },
      "id": "node/43529858"
    },
    {
      "type": "Feature",
      "properties": {
        "@id": "node/43568886",
        "name": "'s-Hertogenbosch Oost",
        "public_transport": "stop_position",
        "railway": "stop",
        "railway:ref": "Hto",
        "ref": "2",
        "train": "yes"
      },
      "geometry": {
        "type": "Point",
        "coordinates": [
          5.3191174,
          51.7005336
        ]
      },
      "id": "node/43568886"
    },
    {
      "type": "Feature",
      "properties": {
        "@id": "node/43660437",
        "name": "Cuijk",
        "public_transport": "stop_position",
        "railway": "stop",
        "railway:ref": "Ck",
        "ref": "2",
        "train": "yes"
      },
      "geometry": {
        "type": "Point",
        "coordinates": [
          5.8741794,
          51.726767
        ]
      },
      "id": "node/43660437"
    },
    {
      "type": "Feature",
      "properties": {
        "@id": "node/43764875",
        "name": "Oss West",
        "public_transport": "stop_position",
        "railway": "stop",
        "railway:ref": "Ow",
        "ref": "2",
        "train": "yes"
      },
      "geometry": {
        "type": "Point",
        "coordinates": [
          5.5069494,
          51.758426
        ]
      },
      "id": "node/43764875"
    },
    {
      "type": "Feature",
      "properties": {
        "@id": "node/43851025",
        "name": "Dordrecht Zuid",
        "public_transport": "stop_position",
        "railway": "stop",
        "railway:ref": "Ddzd",
        "ref": "2",
        "train": "yes"
      },
      "geometry": {
        "type": "Point",
        "coordinates": [
          4.6716845,
          51.7902524
        ]
      },
      "id": "node/43851025"
    },
    {
      "type": "Feature",
      "properties": {
        "@id": "node/43861273",
        "addr:city": "Ravenstein",
        "addr:country": "NL",
        "addr:housenumber": "122",
        "addr:postcode": "5371BB",
        "addr:street": "Stationssingel",
        "name": "Ravenstein",
        "public_transport": "station",
        "railway": "station",
        "railway:ref": "Rvs",
        "source": "BAG",
        "source:date": "2014-06-17",
        "train": "yes",
        "wikidata": "Q2788131",
        "wikipedia": "nl:Station Ravenstein",
        "zone": "6264"
      },
      "geometry": {
        "type": "Point",
        "coordinates": [
          5.6377036,
          51.7947915
        ]
      },
      "id": "node/43861273"
    },
    {
      "type": "Feature",
      "properties": {
        "@id": "node/43881819",
        "name": "Dordrecht Stadspolders",
        "public_transport": "stop_position",
        "railway": "stop",
        "railway:ref": "Ddrs",
        "ref": "1",
        "train": "yes",
        "wheelchair": "yes"
      },
      "geometry": {
        "type": "Point",
        "coordinates": [
          4.7162139,
          51.8019887
        ]
      },
      "id": "node/43881819"
    },
    {
      "type": "Feature",
      "properties": {
        "@id": "node/43933034",
        "name": "Zwijndrecht",
        "public_transport": "stop_position",
        "railway": "stop",
        "railway:ref": "Zwd",
        "ref": "3",
        "train": "yes"
      },
      "geometry": {
        "type": "Point",
        "coordinates": [
          4.6423602,
          51.8147294
        ]
      },
      "id": "node/43933034"
    },
    {
      "type": "Feature",
      "properties": {
        "@id": "node/43937476",
        "name": "Zwijndrecht",
        "public_transport": "stop_position",
        "railway": "stop",
        "railway:ref": "Zwd",
        "ref": "2",
        "train": "yes"
      },
      "geometry": {
        "type": "Point",
        "coordinates": [
          4.6411735,
          51.8153494
        ]
      },
      "id": "node/43937476"
    },
    {
      "type": "Feature",
      "properties": {
        "@id": "node/43974591",
        "name": "Nijmegen Dukenburg",
        "public_transport": "stop_position",
        "railway": "stop",
        "railway:ref": "Nmd",
        "ref": "2",
        "train": "yes"
      },
      "geometry": {
        "type": "Point",
        "coordinates": [
          5.7942529,
          51.8239159
        ]
      },
      "id": "node/43974591"
    },
    {
      "type": "Feature",
      "properties": {
        "@id": "node/43986402",
        "name": "Nijmegen Heyendaal",
        "public_transport": "stop_position",
        "railway": "stop",
        "railway:ref": "Nmh",
        "ref": "2",
        "train": "yes"
      },
      "geometry": {
        "type": "Point",
        "coordinates": [
          5.8679031,
          51.8268303
        ]
      },
      "id": "node/43986402"
    },
    {
      "type": "Feature",
      "properties": {
        "@id": "node/43991043",
        "name": "Nijmegen Goffert",
        "public_transport": "stop_position",
        "railway": "stop",
        "railway:ref": "Nmgo",
        "ref": "2",
        "train": "yes"
      },
      "geometry": {
        "type": "Point",
        "coordinates": [
          5.8233615,
          51.8274191
        ]
      },
      "id": "node/43991043"
    },
    {
      "type": "Feature",
      "properties": {
        "@id": "node/44002375",
        "name": "Sliedrecht Baanhoek",
        "public_transport": "stop_position",
        "railway": "stop",
        "railway:ref": "Sdtb",
        "ref": "1",
        "train": "yes"
      },
      "geometry": {
        "type": "Point",
        "coordinates": [
          4.7432025,
          51.8295231
        ]
      },
      "id": "node/44002375"
    },
    {
      "type": "Feature",
      "properties": {
        "@id": "node/44006506",
        "name": "Sliedrecht",
        "operator": "Qbuzz",
        "public_transport": "stop_position",
        "railway": "stop",
        "railway:ref": "Sdt",
        "ref": "2",
        "train": "yes"
      },
      "geometry": {
        "type": "Point",
        "coordinates": [
          4.7781279,
          51.8296499
        ]
      },
      "id": "node/44006506"
    },
    {
      "type": "Feature",
      "properties": {
        "@id": "node/44009081",
        "name": "Hardinxveld-Giessendam",
        "public_transport": "stop_position",
        "railway": "stop",
        "railway:ref": "Gnd",
        "ref": "2",
        "train": "yes"
      },
      "geometry": {
        "type": "Point",
        "coordinates": [
          4.8353989,
          51.8304637
        ]
      },
      "id": "node/44009081"
    },
    {
      "type": "Feature",
      "properties": {
        "@id": "node/44009511",
        "name": "Hardinxveld-Giessendam",
        "public_transport": "stop_position",
        "railway": "stop",
        "railway:ref": "Gnd",
        "ref": "1",
        "train": "yes"
      },
      "geometry": {
        "type": "Point",
        "coordinates": [
          4.8354003,
          51.8304268
        ]
      },
      "id": "node/44009511"
    },
    {
      "type": "Feature",
      "properties": {
        "@id": "node/44017839",
        "name": "Boven Hardinxveld",
        "public_transport": "stop_position",
        "railway": "stop",
        "railway:ref": "Bhdv",
        "ref": "2",
        "train": "yes"
      },
      "geometry": {
        "type": "Point",
        "coordinates": [
          4.8785195,
          51.8323686
        ]
      },
      "id": "node/44017839"
    },
    {
      "type": "Feature",
      "properties": {
        "@id": "node/44024765",
        "name": "Gorinchem",
        "public_transport": "stop_position",
        "railway": "stop",
        "railway:ref": "Gr",
        "ref": "1",
        "train": "yes"
      },
      "geometry": {
        "type": "Point",
        "coordinates": [
          4.9678376,
          51.8338368
        ]
      },
      "id": "node/44024765"
    },
    {
      "type": "Feature",
      "properties": {
        "@id": "node/44061300",
        "name": "Nijmegen",
        "public_transport": "station",
        "railway": "station",
        "railway:ref": "Nm",
        "train": "yes",
        "website": "https://www.ns.nl/stationsinformatie/nm/nijmegen",
        "wheelchair": "yes",
        "wikidata": "Q801257",
        "wikimedia_commons": "Category:Station Nijmegen",
        "wikipedia": "nl:Station Nijmegen",
        "zone": "6000"
      },
      "geometry": {
        "type": "Point",
        "coordinates": [
          5.8530913,
          51.8431362
        ]
      },
      "id": "node/44061300"
    },
    {
      "type": "Feature",
      "properties": {
        "@id": "node/44170606",
        "name": "Arkel",
        "public_transport": "stop_position",
        "railway": "stop",
        "railway:ref": "Akl",
        "ref": "1",
        "train": "yes"
      },
      "geometry": {
        "type": "Point",
        "coordinates": [
          4.9926019,
          51.8719982
        ]
      },
      "id": "node/44170606"
    },
    {
      "type": "Feature",
      "properties": {
        "@id": "node/44210416",
        "name": "Rotterdam Lombardijen",
        "public_transport": "stop_position",
        "railway": "stop",
        "railway:ref": "Rlb",
        "ref": "3",
        "train": "yes"
      },
      "geometry": {
        "type": "Point",
        "coordinates": [
          4.5310151,
          51.8803491
        ]
      },
      "id": "node/44210416"
    },
    {
      "type": "Feature",
      "properties": {
        "@id": "node/44259401",
        "name": "Tiel",
        "public_transport": "stop_position",
        "railway": "stop",
        "railway:ref": "Tl",
        "ref": "3",
        "train": "yes"
      },
      "geometry": {
        "type": "Point",
        "coordinates": [
          5.4230931,
          51.8898569
        ]
      },
      "id": "node/44259401"
    },
    {
      "type": "Feature",
      "properties": {
        "@id": "node/44260445",
        "name": "Tiel",
        "public_transport": "stop_position",
        "railway": "stop",
        "railway:ref": "Tl",
        "ref": "2",
        "train": "yes"
      },
      "geometry": {
        "type": "Point",
        "coordinates": [
          5.4231762,
          51.8898072
        ]
      },
      "id": "node/44260445"
    },
    {
      "type": "Feature",
      "properties": {
        "@id": "node/44283580",
        "name": "Leerdam",
        "public_transport": "stop_position",
        "railway": "stop",
        "railway:ref": "Ldm",
        "ref": "1",
        "train": "yes"
      },
      "geometry": {
        "type": "Point",
        "coordinates": [
          5.093363,
          51.8946179
        ]
      },
      "id": "node/44283580"
    },
    {
      "type": "Feature",
      "properties": {
        "@id": "node/44284043",
        "name": "Leerdam",
        "public_transport": "stop_position",
        "railway": "stop",
        "railway:ref": "Ldm",
        "ref": "2",
        "train": "yes"
      },
      "geometry": {
        "type": "Point",
        "coordinates": [
          5.0924835,
          51.8946382
        ]
      },
      "id": "node/44284043"
    },
    {
      "type": "Feature",
      "properties": {
        "@id": "node/44306118",
        "name": "Beesd",
        "public_transport": "stop_position",
        "railway": "stop",
        "railway:ref": "Bsd",
        "ref": "2",
        "train": "yes"
      },
      "geometry": {
        "type": "Point",
        "coordinates": [
          5.1957702,
          51.899489
        ]
      },
      "id": "node/44306118"
    },
    {
      "type": "Feature",
      "properties": {
        "@id": "node/44328035",
        "name": "Rotterdam Zuid",
        "public_transport": "stop_position",
        "railway": "stop",
        "railway:ref": "Rtz",
        "ref": "2",
        "train": "yes"
      },
      "geometry": {
        "type": "Point",
        "coordinates": [
          4.5099385,
          51.9049278
        ]
      },
      "id": "node/44328035"
    },
    {
      "type": "Feature",
      "properties": {
        "@id": "node/44386148",
        "name": "Elst",
        "public_transport": "station",
        "railway": "station",
        "railway:ref": "Est",
        "train": "yes",
        "wheelchair": "yes",
        "wikidata": "Q2413820",
        "wikipedia": "nl:Station Elst",
        "zone": "4120"
      },
      "geometry": {
        "type": "Point",
        "coordinates": [
          5.8549361,
          51.9172528
        ]
      },
      "id": "node/44386148"
    },
    {
      "type": "Feature",
      "properties": {
        "@id": "node/44396486",
        "name": "Zetten-Andelst",
        "public_transport": "station",
        "railway": "station",
        "railway:ref": "Za",
        "train": "yes",
        "wikidata": "Q2133804",
        "wikipedia": "nl:Station Zetten-Andelst",
        "zone": "6140"
      },
      "geometry": {
        "type": "Point",
        "coordinates": [
          5.7233591,
          51.9197801
        ]
      },
      "id": "node/44396486"
    },
    {
      "type": "Feature",
      "properties": {
        "@id": "node/44404319",
        "name": "Aalten",
        "public_transport": "stop_position",
        "ref": "1",
        "train": "yes"
      },
      "geometry": {
        "type": "Point",
        "coordinates": [
          6.5786915,
          51.9212999
        ]
      },
      "id": "node/44404319"
    },
    {
      "type": "Feature",
      "properties": {
        "@id": "node/44406462",
        "name": "Schiedam Centrum",
        "public_transport": "stop_position",
        "railway": "stop",
        "railway:ref": "Sdm",
        "ref": "1",
        "train": "yes"
      },
      "geometry": {
        "type": "Point",
        "coordinates": [
          4.4092852,
          51.9217821
        ]
      },
      "id": "node/44406462"
    },
    {
      "type": "Feature",
      "properties": {
        "@id": "node/44408869",
        "name": "Hemmen-Dodewaard",
        "public_transport": "station",
        "railway": "station",
        "railway:ref": "Hmn",
        "train": "yes",
        "wikidata": "Q18769871",
        "wikipedia": "nl:Station Hemmen-Dodewaard",
        "zone": "6150"
      },
      "geometry": {
        "type": "Point",
        "coordinates": [
          5.6736223,
          51.9224135
        ]
      },
      "id": "node/44408869"
    },
    {
      "type": "Feature",
      "properties": {
        "@id": "node/44410530",
        "name": "Terborg",
        "public_transport": "stop_position",
        "ref": "1",
        "train": "yes"
      },
      "geometry": {
        "type": "Point",
        "coordinates": [
          6.3642471,
          51.9225983
        ]
      },
      "id": "node/44410530"
    },
    {
      "type": "Feature",
      "properties": {
        "@id": "node/44412148",
        "name": "Zevenaar",
        "public_transport": "station",
        "railway": "station",
        "railway:ref": "Zv",
        "train": "yes",
        "uic_ref": "8400735",
        "wheelchair": "yes",
        "wikidata": "Q2191292",
        "wikipedia": "nl:Station Zevenaar",
        "zone": "4135"
      },
      "geometry": {
        "type": "Point",
        "coordinates": [
          6.0719818,
          51.9231973
        ]
      },
      "id": "node/44412148"
    },
    {
      "type": "Feature",
      "properties": {
        "@id": "node/44412732",
        "name": "Zevenaar",
        "public_transport": "stop_position",
        "railway": "stop",
        "railway:ref": "Zv",
        "ref": "3",
        "train": "yes"
      },
      "geometry": {
        "type": "Point",
        "coordinates": [
          6.0720836,
          51.9230712
        ]
      },
      "id": "node/44412732"
    },
    {
      "type": "Feature",
      "properties": {
        "@id": "node/44428365",
        "internet_access": "no",
        "name": "Opheusden",
        "public_transport": "station",
        "railway": "station",
        "railway:ref": "Op",
        "train": "yes",
        "wikidata": "Q2746973",
        "wikipedia": "nl:Station Opheusden",
        "zone": "6160"
      },
      "geometry": {
        "type": "Point",
        "coordinates": [
          5.6374111,
          51.9260391
        ]
      },
      "id": "node/44428365"
    },
    {
      "type": "Feature",
      "properties": {
        "@id": "node/44455530",
        "name": "Kesteren",
        "public_transport": "stop_position",
        "railway": "stop",
        "railway:ref": "Ktr",
        "ref": "3",
        "train": "yes"
      },
      "geometry": {
        "type": "Point",
        "coordinates": [
          5.5834334,
          51.9314734
        ]
      },
      "id": "node/44455530"
    },
    {
      "type": "Feature",
      "properties": {
        "@id": "node/44466136",
        "name": "Didam",
        "public_transport": "stop_position",
        "railway": "stop",
        "railway:ref": "Did",
        "ref": "1",
        "train": "yes"
      },
      "geometry": {
        "type": "Point",
        "coordinates": [
          6.1326673,
          51.9333922
        ]
      },
      "id": "node/44466136"
    },
    {
      "type": "Feature",
      "properties": {
        "@id": "node/44488692",
        "name": "Varsseveld",
        "public_transport": "stop_position",
        "railway": "stop",
        "ref": "1",
        "train": "yes"
      },
      "geometry": {
        "type": "Point",
        "coordinates": [
          6.458489,
          51.9372258
        ]
      },
      "id": "node/44488692"
    },
    {
      "type": "Feature",
      "properties": {
        "@id": "node/44513069",
        "name": "Rotterdam Noord",
        "public_transport": "stop_position",
        "railway": "stop",
        "railway:ref": "Rtn",
        "ref": "2",
        "train": "yes"
      },
      "geometry": {
        "type": "Point",
        "coordinates": [
          4.4815737,
          51.9422835
        ]
      },
      "id": "node/44513069"
    },
    {
      "type": "Feature",
      "properties": {
        "@id": "node/44520232",
        "name": "Duiven",
        "public_transport": "station",
        "railway": "station",
        "railway:ref": "Dvn",
        "train": "yes",
        "uic_ref": "8400193",
        "wheelchair": "yes",
        "wikidata": "Q2330822",
        "wikipedia": "nl:Station Duiven",
        "zone": "4125"
      },
      "geometry": {
        "type": "Point",
        "coordinates": [
          6.0144531,
          51.9434452
        ]
      },
      "id": "node/44520232"
    },
    {
      "type": "Feature",
      "properties": {
        "@id": "node/44561380",
        "name": "Rotterdam Alexander",
        "public_transport": "stop_position",
        "railway": "stop",
        "railway:ref": "Rta",
        "ref": "2",
        "train": "yes"
      },
      "geometry": {
        "type": "Point",
        "coordinates": [
          4.5524521,
          51.951732
        ]
      },
      "id": "node/44561380"
    },
    {
      "type": "Feature",
      "properties": {
        "@id": "node/44573220",
        "name": "Capelle Schollevaar",
        "public_transport": "stop_position",
        "railway": "stop",
        "railway:ref": "Cps",
        "ref": "2",
        "train": "yes"
      },
      "geometry": {
        "type": "Point",
        "coordinates": [
          4.5840874,
          51.9541346
        ]
      },
      "id": "node/44573220"
    },
    {
      "type": "Feature",
      "properties": {
        "@id": "node/44589104",
        "name": "Wehl",
        "public_transport": "stop_position",
        "railway": "stop",
        "railway:ref": "Wl",
        "ref": "2",
        "train": "yes"
      },
      "geometry": {
        "type": "Point",
        "coordinates": [
          6.2137179,
          51.9571333
        ]
      },
      "id": "node/44589104"
    },
    {
      "type": "Feature",
      "properties": {
        "@id": "node/44589538",
        "name": "Wehl",
        "public_transport": "stop_position",
        "railway": "stop",
        "railway:ref": "Wl",
        "ref": "1",
        "train": "yes"
      },
      "geometry": {
        "type": "Point",
        "coordinates": [
          6.2136993,
          51.9572021
        ]
      },
      "id": "node/44589538"
    },
    {
      "type": "Feature",
      "properties": {
        "@id": "node/44592929",
        "name": "Rhenen",
        "public_transport": "stop_position",
        "railway": "stop",
        "railway:ref": "Rhn",
        "ref": "1",
        "train": "yes"
      },
      "geometry": {
        "type": "Point",
        "coordinates": [
          5.5783176,
          51.9580058
        ]
      },
      "id": "node/44592929"
    },
    {
      "type": "Feature",
      "properties": {
        "@id": "node/44595534",
        "name": "Doetinchem",
        "public_transport": "stop_position",
        "ref": "1",
        "train": "yes"
      },
      "geometry": {
        "type": "Point",
        "coordinates": [
          6.2955059,
          51.9584076
        ]
      },
      "id": "node/44595534"
    },
    {
      "type": "Feature",
      "properties": {
        "@id": "node/44599053",
        "name": "Doetinchem De Huet",
        "public_transport": "stop_position",
        "railway": "stop",
        "ref": "1",
        "train": "yes"
      },
      "geometry": {
        "type": "Point",
        "coordinates": [
          6.2600301,
          51.959148
        ]
      },
      "id": "node/44599053"
    },
    {
      "type": "Feature",
      "properties": {
        "@id": "node/44627738",
        "name": "Nieuwerkerk aan den IJssel",
        "public_transport": "stop_position",
        "railway": "stop",
        "railway:ref": "Nwk",
        "ref": "1",
        "train": "yes"
      },
      "geometry": {
        "type": "Point",
        "coordinates": [
          4.6168957,
          51.9652925
        ]
      },
      "id": "node/44627738"
    },
    {
      "type": "Feature",
      "properties": {
        "@id": "node/44631180",
        "name": "Nieuwerkerk aan den IJssel",
        "public_transport": "stop_position",
        "railway": "stop",
        "railway:ref": "Nwk",
        "ref": "2",
        "train": "yes"
      },
      "geometry": {
        "type": "Point",
        "coordinates": [
          4.6168528,
          51.9653148
        ]
      },
      "id": "node/44631180"
    },
    {
      "type": "Feature",
      "properties": {
        "@id": "node/44644240",
        "name": "Winterswijk",
        "name:de": "Winterswick",
        "name:nl": "Winterswijk",
        "public_transport": "stop_position",
        "railway": "stop",
        "ref": "1a",
        "train": "yes"
      },
      "geometry": {
        "type": "Point",
        "coordinates": [
          6.7142993,
          51.9684865
        ]
      },
      "id": "node/44644240"
    },
    {
      "type": "Feature",
      "properties": {
        "@id": "node/44727803",
        "addr:city": "Arnhem",
        "addr:housenumber": "17",
        "addr:postcode": "6811MC",
        "addr:street": "Renssenstraat",
        "alt_name": "Station Arnhem;Station Arnhem Centraal;Arnhem Centraal Station",
        "entrance": "yes",
        "name": "Arnhem Centraal",
        "note": "Incheckpoortjes",
        "old_name:-2015-11-19": "Arnhem",
        "public_transport": "station",
        "railway": "station",
        "railway:ref": "Ah",
        "source": "BAG",
        "source:date": "2018-07-08",
        "start_date": "1845-05-14",
        "train": "yes",
        "uic_ref": "8400071",
        "wheelchair": "yes",
        "wikidata": "Q800399",
        "wikimedia_commons": "Category:Station Arnhem Centraal",
        "wikipedia": "nl:Station Arnhem Centraal",
        "zone": "4000"
      },
      "geometry": {
        "type": "Point",
        "coordinates": [
          5.9011598,
          51.9844332
        ]
      },
      "id": "node/44727803"
    },
    {
      "type": "Feature",
      "properties": {
        "@id": "node/44731315",
        "image": "https://commons.wikimedia.org/wiki/File:2019-02-28_Station_Arnhem_Velperpoort_zuidkant.jpg",
        "name": "Arnhem Velperpoort",
        "public_transport": "station",
        "railway": "station",
        "railway:ref": "Ahp",
        "train": "yes",
        "wheelchair": "yes",
        "wikidata": "Q4794759",
        "wikipedia": "nl:Station Arnhem Velperpoort",
        "zone": "4000"
      },
      "geometry": {
        "type": "Point",
        "coordinates": [
          5.9199033,
          51.9851244
        ]
      },
      "id": "node/44731315"
    },
    {
      "type": "Feature",
      "properties": {
        "@id": "node/44742522",
        "name": "Arnhem Presikhaaf",
        "public_transport": "stop_position",
        "railway": "stop",
        "ref": "2",
        "train": "yes"
      },
      "geometry": {
        "type": "Point",
        "coordinates": [
          5.9429431,
          51.9875858
        ]
      },
      "id": "node/44742522"
    },
    {
      "type": "Feature",
      "properties": {
        "@id": "node/44757299",
        "name": "Delft Campus",
        "public_transport": "stop_position",
        "railway": "stop",
        "railway:ref": "Dtcp",
        "ref": "3",
        "train": "yes",
        "wheelchair": "yes"
      },
      "geometry": {
        "type": "Point",
        "coordinates": [
          4.3646542,
          51.9910966
        ]
      },
      "id": "node/44757299"
    },
    {
      "type": "Feature",
      "properties": {
        "@id": "node/44775615",
        "name": "Oosterbeek",
        "public_transport": "stop_position",
        "railway": "stop",
        "railway:ref": "Otb",
        "ref": "1",
        "train": "yes"
      },
      "geometry": {
        "type": "Point",
        "coordinates": [
          5.8404997,
          51.9947972
        ]
      },
      "id": "node/44775615"
    },
    {
      "type": "Feature",
      "properties": {
        "@id": "node/44776842",
        "name": "Velp",
        "public_transport": "stop_position",
        "railway": "stop",
        "ref": "2",
        "train": "yes"
      },
      "geometry": {
        "type": "Point",
        "coordinates": [
          5.9810216,
          51.9949913
        ]
      },
      "id": "node/44776842"
    },
    {
      "type": "Feature",
      "properties": {
        "@id": "node/44822867",
        "name": "Wolfheze",
        "public_transport": "station",
        "railway": "station",
        "railway:ref": "Wf",
        "train": "yes",
        "wheelchair": "limited",
        "wikidata": "Q32848",
        "wikipedia": "nl:Station Wolfheze",
        "zone": "4021"
      },
      "geometry": {
        "type": "Point",
        "coordinates": [
          5.7923944,
          52.0056717
        ]
      },
      "id": "node/44822867"
    },
    {
      "type": "Feature",
      "properties": {
        "@id": "node/44843881",
        "name": "Rheden",
        "public_transport": "stop_position",
        "railway": "stop",
        "ref": "2",
        "train": "yes"
      },
      "geometry": {
        "type": "Point",
        "coordinates": [
          6.0310626,
          52.0100685
        ]
      },
      "id": "node/44843881"
    },
    {
      "type": "Feature",
      "properties": {
        "@id": "node/44853653",
        "name": "Lichtenvoorde-Groenlo",
        "public_transport": "stop_position",
        "ref": "2",
        "train": "yes"
      },
      "geometry": {
        "type": "Point",
        "coordinates": [
          6.595729,
          52.012178
        ]
      },
      "id": "node/44853653"
    },
    {
      "type": "Feature",
      "properties": {
        "@id": "node/44863814",
        "name": "Gouda Goverwelle",
        "public_transport": "stop_position",
        "railway": "stop",
        "railway:ref": "Gdg",
        "ref": "1",
        "train": "yes"
      },
      "geometry": {
        "type": "Point",
        "coordinates": [
          4.7420758,
          52.0148838
        ]
      },
      "id": "node/44863814"
    },
    {
      "type": "Feature",
      "properties": {
        "@id": "node/44873654",
        "name": "Gouda",
        "public_transport": "stop_position",
        "railway": "stop",
        "railway:ref": "Gd",
        "ref": "3",
        "train": "yes"
      },
      "geometry": {
        "type": "Point",
        "coordinates": [
          4.7052653,
          52.0173047
        ]
      },
      "id": "node/44873654"
    },
    {
      "type": "Feature",
      "properties": {
        "@id": "node/44883991",
        "name": "Veenendaal Centrum",
        "public_transport": "stop_position",
        "railway": "stop",
        "railway:ref": "Vndc",
        "ref": "1",
        "train": "yes"
      },
      "geometry": {
        "type": "Point",
        "coordinates": [
          5.549245,
          52.019656
        ]
      },
      "id": "node/44883991"
    },
    {
      "type": "Feature",
      "properties": {
        "@id": "node/44919277",
        "name": "Ede-Wageningen",
        "public_transport": "stop_position",
        "railway": "stop",
        "railway:ref": "Ed",
        "ref": "4",
        "train": "yes"
      },
      "geometry": {
        "type": "Point",
        "coordinates": [
          5.6733673,
          52.0274776
        ]
      },
      "id": "node/44919277"
    },
    {
      "type": "Feature",
      "properties": {
        "@id": "node/44919922",
        "name": "Ede-Wageningen",
        "public_transport": "stop_position",
        "railway": "stop",
        "railway:ref": "Ed",
        "ref": "3",
        "train": "yes"
      },
      "geometry": {
        "type": "Point",
        "coordinates": [
          5.6732598,
          52.0276272
        ]
      },
      "id": "node/44919922"
    },
    {
      "type": "Feature",
      "properties": {
        "@id": "node/44920604",
        "name": "Ede-Wageningen",
        "public_transport": "station",
        "railway": "station",
        "railway:ref": "Ed",
        "train": "yes",
        "wheelchair": "yes",
        "wikidata": "Q388365",
        "wikipedia": "nl:Station Ede-Wageningen",
        "zone": "4051"
      },
      "geometry": {
        "type": "Point",
        "coordinates": [
          5.6741136,
          52.0274114
        ]
      },
      "id": "node/44920604"
    },
    {
      "type": "Feature",
      "properties": {
        "@id": "node/44922274",
        "name": "Veenendaal West",
        "public_transport": "station",
        "railway": "station",
        "railway:ref": "Vndw",
        "train": "yes",
        "wikidata": "Q2470710",
        "wikipedia": "nl:Station Veenendaal West",
        "zone": "4080"
      },
      "geometry": {
        "type": "Point",
        "coordinates": [
          5.5315679,
          52.0281017
        ]
      },
      "id": "node/44922274"
    },
    {
      "type": "Feature",
      "properties": {
        "@id": "node/44949685",
        "name": "Houten",
        "public_transport": "stop_position",
        "railway": "stop",
        "railway:ref": "Htn",
        "ref": "2",
        "train": "yes"
      },
      "geometry": {
        "type": "Point",
        "coordinates": [
          5.1678419,
          52.0342898
        ]
      },
      "id": "node/44949685"
    },
    {
      "type": "Feature",
      "properties": {
        "@id": "node/44974644",
        "name": "Rijswijk",
        "public_transport": "stop_position",
        "railway": "stop",
        "railway:ref": "Rsw",
        "ref": "1",
        "train": "yes"
      },
      "geometry": {
        "type": "Point",
        "coordinates": [
          4.3219491,
          52.0373977
        ]
      },
      "id": "node/44974644"
    },
    {
      "type": "Feature",
      "properties": {
        "@id": "node/44999893",
        "name": "Waddinxveen",
        "public_transport": "stop_position",
        "railway": "stop",
        "railway:ref": "Wad",
        "ref": "2",
        "train": "yes"
      },
      "geometry": {
        "type": "Point",
        "coordinates": [
          4.6498406,
          52.0441163
        ]
      },
      "id": "node/44999893"
    },
    {
      "type": "Feature",
      "properties": {
        "@id": "node/45000922",
        "name": "Dieren",
        "public_transport": "stop_position",
        "railway": "stop",
        "ref": "1",
        "train": "yes"
      },
      "geometry": {
        "type": "Point",
        "coordinates": [
          6.1030178,
          52.0446407
        ]
      },
      "id": "node/45000922"
    },
    {
      "type": "Feature",
      "properties": {
        "@id": "node/45006812",
        "name": "Veenendaal-De Klomp",
        "public_transport": "stop_position",
        "railway": "stop",
        "railway:ref": "Klp",
        "ref": "2",
        "train": "yes"
      },
      "geometry": {
        "type": "Point",
        "coordinates": [
          5.5759308,
          52.0454375
        ]
      },
      "id": "node/45006812"
    },
    {
      "type": "Feature",
      "properties": {
        "@id": "node/45008099",
        "name": "Veenendaal-De Klomp",
        "public_transport": "stop_position",
        "railway": "stop",
        "railway:ref": "Klp",
        "ref": "1",
        "train": "yes"
      },
      "geometry": {
        "type": "Point",
        "coordinates": [
          5.5725156,
          52.0460991
        ]
      },
      "id": "node/45008099"
    },
    {
      "type": "Feature",
      "properties": {
        "@id": "node/45010511",
        "name": "Zoetermeer Oost",
        "public_transport": "stop_position",
        "railway": "stop",
        "railway:ref": "Ztmo",
        "ref": "1",
        "train": "yes"
      },
      "geometry": {
        "type": "Point",
        "coordinates": [
          4.4919349,
          52.0465242
        ]
      },
      "id": "node/45010511"
    },
    {
      "type": "Feature",
      "properties": {
        "@id": "node/45015239",
        "name": "Zoetermeer",
        "public_transport": "stop_position",
        "railway": "stop",
        "railway:ref": "Ztm",
        "ref": "3",
        "train": "yes"
      },
      "geometry": {
        "type": "Point",
        "coordinates": [
          4.4770697,
          52.0476324
        ]
      },
      "id": "node/45015239"
    },
    {
      "type": "Feature",
      "properties": {
        "@id": "node/45047359",
        "name": "Waddinxveen Noord",
        "public_transport": "stop_position",
        "railway": "stop",
        "railway:ref": "Wadn",
        "ref": "1",
        "train": "yes"
      },
      "geometry": {
        "type": "Point",
        "coordinates": [
          4.6484442,
          52.0552029
        ]
      },
      "id": "node/45047359"
    },
    {
      "type": "Feature",
      "properties": {
        "@id": "node/45082393",
        "name": "Bunnik",
        "public_transport": "stop_position",
        "railway": "stop",
        "railway:ref": "Bnk",
        "ref": "1",
        "train": "yes"
      },
      "geometry": {
        "type": "Point",
        "coordinates": [
          5.1957906,
          52.0632287
        ]
      },
      "id": "node/45082393"
    },
    {
      "type": "Feature",
      "properties": {
        "@id": "node/45086683",
        "name": "Maarn",
        "public_transport": "stop_position",
        "railway": "stop",
        "railway:ref": "Mrn",
        "ref": "1",
        "train": "yes"
      },
      "geometry": {
        "type": "Point",
        "coordinates": [
          5.3706633,
          52.0641122
        ]
      },
      "id": "node/45086683"
    },
    {
      "type": "Feature",
      "properties": {
        "@id": "node/45095869",
        "layer": "2",
        "name": "Utrecht Lunetten",
        "public_transport": "station",
        "railway": "station",
        "railway:ref": "Utln",
        "train": "yes",
        "website": "https://www.ns.nl/stationsinformatie/utln/utrecht-lunetten",
        "wheelchair": "yes",
        "wikidata": "Q2987782",
        "wikipedia": "nl:Station Utrecht Lunetten",
        "zone": "5000"
      },
      "geometry": {
        "type": "Point",
        "coordinates": [
          5.1432619,
          52.0664082
        ]
      },
      "id": "node/45095869"
    },
    {
      "type": "Feature",
      "properties": {
        "@id": "node/45099168",
        "local_ref": "1",
        "name": "Voorburg",
        "public_transport": "stop_position",
        "railway": "stop",
        "railway:ref": "Vb",
        "ref": "1",
        "train": "yes"
      },
      "geometry": {
        "type": "Point",
        "coordinates": [
          4.3593198,
          52.066724
        ]
      },
      "id": "node/45099168"
    },
    {
      "type": "Feature",
      "properties": {
        "@id": "node/45102238",
        "name": "Utrecht Lunetten",
        "operator": "NS",
        "public_transport": "stop_position",
        "railway": "stop",
        "railway:ref": "Utln",
        "ref": "1",
        "train": "yes"
      },
      "geometry": {
        "type": "Point",
        "coordinates": [
          5.1425551,
          52.0672745
        ]
      },
      "id": "node/45102238"
    },
    {
      "type": "Feature",
      "properties": {
        "@id": "node/45113040",
        "name": "Den Haag Hollands Spoor",
        "public_transport": "stop_position",
        "railway": "stop",
        "railway:ref": "Gv",
        "railway:ref:NMBS/SNCB": "XNDHH",
        "ref": "3",
        "train": "yes"
      },
      "geometry": {
        "type": "Point",
        "coordinates": [
          4.3224156,
          52.0698899
        ]
      },
      "id": "node/45113040"
    },
    {
      "type": "Feature",
      "properties": {
        "@id": "node/45139736",
        "name": "Boskoop",
        "public_transport": "stop_position",
        "railway": "stop",
        "railway:ref": "Bsk",
        "ref": "2",
        "train": "yes"
      },
      "geometry": {
        "type": "Point",
        "coordinates": [
          4.6465718,
          52.0770685
        ]
      },
      "id": "node/45139736"
    },
    {
      "type": "Feature",
      "properties": {
        "@id": "node/45148091",
        "name": "Boskoop",
        "public_transport": "stop_position",
        "railway": "stop",
        "railway:ref": "Bsk",
        "ref": "1",
        "train": "yes"
      },
      "geometry": {
        "type": "Point",
        "coordinates": [
          4.6467077,
          52.0770569
        ]
      },
      "id": "node/45148091"
    },
    {
      "type": "Feature",
      "properties": {
        "@id": "node/45156878",
        "name": "Ruurlo",
        "public_transport": "stop_position",
        "ref": "2",
        "train": "yes"
      },
      "geometry": {
        "type": "Point",
        "coordinates": [
          6.4498932,
          52.0807251
        ]
      },
      "id": "node/45156878"
    },
    {
      "type": "Feature",
      "properties": {
        "@id": "node/45159481",
        "name": "Ruurlo",
        "public_transport": "stop_position",
        "ref": "1",
        "train": "yes"
      },
      "geometry": {
        "type": "Point",
        "coordinates": [
          6.4499386,
          52.0807811
        ]
      },
      "id": "node/45159481"
    },
    {
      "type": "Feature",
      "properties": {
        "@id": "node/45161860",
        "name": "Bodegraven",
        "public_transport": "stop_position",
        "railway": "stop",
        "railway:ref": "Bdg",
        "ref": "2",
        "train": "yes"
      },
      "geometry": {
        "type": "Point",
        "coordinates": [
          4.7462415,
          52.0814373
        ]
      },
      "id": "node/45161860"
    },
    {
      "type": "Feature",
      "properties": {
        "@id": "node/45175929",
        "name": "Woerden",
        "public_transport": "stop_position",
        "railway": "stop",
        "railway:ref": "Wd",
        "ref": "2",
        "train": "yes"
      },
      "geometry": {
        "type": "Point",
        "coordinates": [
          4.8929107,
          52.0849647
        ]
      },
      "id": "node/45175929"
    },
    {
      "type": "Feature",
      "properties": {
        "@id": "node/45177087",
        "name": "Woerden",
        "public_transport": "stop_position",
        "railway": "stop",
        "railway:ref": "Wd",
        "ref": "1",
        "train": "yes"
      },
      "geometry": {
        "type": "Point",
        "coordinates": [
          4.8928175,
          52.0850635
        ]
      },
      "id": "node/45177087"
    },
    {
      "type": "Feature",
      "properties": {
        "@id": "node/45177600",
        "name": "Lunteren",
        "public_transport": "stop_position",
        "railway": "stop",
        "railway:ref": "Ltn",
        "ref": "1",
        "train": "yes"
      },
      "geometry": {
        "type": "Point",
        "coordinates": [
          5.6242639,
          52.0851124
        ]
      },
      "id": "node/45177600"
    },
    {
      "type": "Feature",
      "properties": {
        "@id": "node/45198301",
        "alt_name": "Utrecht Centraal Station",
        "drinking_water": "yes",
        "drinking_water:refill:self_service": "yes",
        "name": "Utrecht Centraal",
        "old_name:-2000-05-29": "Utrecht CS",
        "public_transport": "station",
        "railway": "station",
        "railway:ref": "Ut",
        "start_date": "1843-12-18",
        "toilets:wheelchair": "yes",
        "train": "yes",
        "uic_ref": "8400621",
        "website": "https://www.ns.nl/stationsinformatie/ut/utrecht-centraal",
        "wheelchair": "yes",
        "wikidata": "Q575655",
        "wikimedia_commons": "Category:Utrecht Central station",
        "wikipedia": "nl:Station Utrecht Centraal",
        "zone": "5000"
      },
      "geometry": {
        "type": "Point",
        "coordinates": [
          5.109821,
          52.0893925
        ]
      },
      "id": "node/45198301"
    },
    {
      "type": "Feature",
      "properties": {
        "@id": "node/45204707",
        "name": "Brummen",
        "public_transport": "station",
        "railway": "station",
        "railway:ref": "Bmn",
        "train": "yes",
        "wheelchair": "yes",
        "wikidata": "Q1882571",
        "wikipedia": "nl:Station Brummen",
        "zone": "4144"
      },
      "geometry": {
        "type": "Point",
        "coordinates": [
          6.147059,
          52.0907483
        ]
      },
      "id": "node/45204707"
    },
    {
      "type": "Feature",
      "properties": {
        "@id": "node/45243362",
        "name": "Utrecht Terwijde",
        "public_transport": "station",
        "railway": "station",
        "railway:ref": "Utt",
        "train": "yes",
        "website": "https://www.ns.nl/stationsinformatie/utt/utrecht-terwijde",
        "wheelchair": "yes",
        "wikidata": "Q2303538",
        "wikipedia": "nl:Station Utrecht Terwijde",
        "zone": "5111"
      },
      "geometry": {
        "type": "Point",
        "coordinates": [
          5.0435521,
          52.1002155
        ]
      },
      "id": "node/45243362"
    },
    {
      "type": "Feature",
      "properties": {
        "@id": "node/45274497",
        "name": "Vorden",
        "public_transport": "stop_position",
        "railway": "stop",
        "ref": "1",
        "train": "yes"
      },
      "geometry": {
        "type": "Point",
        "coordinates": [
          6.3176125,
          52.1072553
        ]
      },
      "id": "node/45274497"
    },
    {
      "type": "Feature",
      "properties": {
        "@id": "node/45283653",
        "name": "Utrecht Overvecht",
        "public_transport": "stop_position",
        "railway": "stop",
        "railway:ref": "Uto",
        "ref": "3",
        "train": "yes"
      },
      "geometry": {
        "type": "Point",
        "coordinates": [
          5.1254593,
          52.1101281
        ]
      },
      "id": "node/45283653"
    },
    {
      "type": "Feature",
      "properties": {
        "@id": "node/45360025",
        "name": "Voorschoten",
        "public_transport": "stop_position",
        "railway": "stop",
        "railway:ref": "Vst",
        "ref": "4",
        "train": "yes"
      },
      "geometry": {
        "type": "Point",
        "coordinates": [
          4.4338366,
          52.12615
        ]
      },
      "id": "node/45360025"
    },
    {
      "type": "Feature",
      "properties": {
        "@id": "node/45376421",
        "name": "Bilthoven",
        "public_transport": "stop_position",
        "railway": "stop",
        "railway:ref": "Bhv",
        "ref": "1",
        "train": "yes"
      },
      "geometry": {
        "type": "Point",
        "coordinates": [
          5.204637,
          52.1302537
        ]
      },
      "id": "node/45376421"
    },
    {
      "type": "Feature",
      "properties": {
        "@id": "node/45377265",
        "name": "Bilthoven",
        "public_transport": "stop_position",
        "railway": "stop",
        "railway:ref": "Bhv",
        "ref": "2",
        "train": "yes"
      },
      "geometry": {
        "type": "Point",
        "coordinates": [
          5.2047041,
          52.130113
        ]
      },
      "id": "node/45377265"
    },
    {
      "type": "Feature",
      "properties": {
        "@id": "node/45402645",
        "name": "Maarssen",
        "public_transport": "station",
        "railway": "station",
        "railway:ref": "Mas",
        "railway:ref:DB": "XNMS",
        "train": "yes",
        "website": "https://www.ns.nl/stationsinformatie/mas/maarssen",
        "wikidata": "Q2266645",
        "wikipedia": "nl:Station Maarssen",
        "zone": "5925"
      },
      "geometry": {
        "type": "Point",
        "coordinates": [
          5.0330252,
          52.135947
        ]
      },
      "id": "node/45402645"
    },
    {
      "type": "Feature",
      "properties": {
        "@id": "node/45423425",
        "name": "Barneveld Centrum",
        "public_transport": "stop_position",
        "railway": "stop",
        "railway:ref": "Bnc",
        "ref": "2",
        "train": "yes"
      },
      "geometry": {
        "type": "Point",
        "coordinates": [
          5.5905582,
          52.1395977
        ]
      },
      "id": "node/45423425"
    },
    {
      "type": "Feature",
      "properties": {
        "@id": "node/45424850",
        "name": "Den Dolder",
        "public_transport": "stop_position",
        "railway": "stop",
        "railway:ref": "Dld",
        "ref": "1",
        "train": "yes"
      },
      "geometry": {
        "type": "Point",
        "coordinates": [
          5.2419351,
          52.1402711
        ]
      },
      "id": "node/45424850"
    },
    {
      "type": "Feature",
      "properties": {
        "@id": "node/45449233",
        "name": "Leiden Lammenschans",
        "public_transport": "stop_position",
        "railway": "stop",
        "railway:ref": "Ldl",
        "ref": "1",
        "train": "yes"
      },
      "geometry": {
        "type": "Point",
        "coordinates": [
          4.4928789,
          52.1467153
        ]
      },
      "id": "node/45449233"
    },
    {
      "type": "Feature",
      "properties": {
        "@id": "node/45457797",
        "name": "De Vink",
        "public_transport": "stop_position",
        "railway": "stop",
        "railway:ref": "Dvnk",
        "ref": "4",
        "train": "yes"
      },
      "geometry": {
        "type": "Point",
        "coordinates": [
          4.45648,
          52.1471157
        ]
      },
      "id": "node/45457797"
    },
    {
      "type": "Feature",
      "properties": {
        "@id": "node/45486403",
        "name": "Amersfoort Centraal",
        "public_transport": "stop_position",
        "railway": "stop",
        "railway:ref": "Amf",
        "ref": "2",
        "train": "yes"
      },
      "geometry": {
        "type": "Point",
        "coordinates": [
          5.3725497,
          52.153533
        ]
      },
      "id": "node/45486403"
    },
    {
      "type": "Feature",
      "properties": {
        "@id": "node/45489203",
        "alt_name": "Amersfoort Centraal Station",
        "name": "Amersfoort Centraal",
        "old_name:-2019-12-15": "Amersfoort",
        "public_transport": "station",
        "railway": "station",
        "railway:ref": "Amf",
        "start_date": "1901-08-01",
        "train": "yes",
        "uic_ref": "8400055",
        "wheelchair": "yes",
        "wikidata": "Q49854",
        "wikipedia": "nl:Station Amersfoort Centraal",
        "zone": "5042"
      },
      "geometry": {
        "type": "Point",
        "coordinates": [
          5.3740976,
          52.153898
        ]
      },
      "id": "node/45489203"
    },
    {
      "type": "Feature",
      "properties": {
        "@id": "node/45517303",
        "name": "Barneveld Noord",
        "public_transport": "stop_position",
        "railway": "stop",
        "railway:ref": "Bnn",
        "ref": "1",
        "train": "yes"
      },
      "geometry": {
        "type": "Point",
        "coordinates": [
          5.5983596,
          52.1611297
        ]
      },
      "id": "node/45517303"
    },
    {
      "type": "Feature",
      "properties": {
        "@id": "node/45535133",
        "name": "Soest Zuid",
        "public_transport": "stop_position",
        "railway": "stop",
        "railway:ref": "Stz",
        "ref": "1",
        "train": "yes"
      },
      "geometry": {
        "type": "Point",
        "coordinates": [
          5.3028427,
          52.1652242
        ]
      },
      "id": "node/45535133"
    },
    {
      "type": "Feature",
      "properties": {
        "@id": "node/45537286",
        "local_ref": "5b",
        "name": "Leiden Centraal",
        "public_transport": "stop_position",
        "railway": "stop",
        "railway:ref": "Ledn",
        "ref": "5b",
        "train": "yes"
      },
      "geometry": {
        "type": "Point",
        "coordinates": [
          4.48184,
          52.1660552
        ]
      },
      "id": "node/45537286"
    },
    {
      "type": "Feature",
      "properties": {
        "@id": "node/45539702",
        "name": "Hoevelaken",
        "public_transport": "stop_position",
        "railway": "stop",
        "railway:ref": "Hvl",
        "ref": "1",
        "train": "yes"
      },
      "geometry": {
        "type": "Point",
        "coordinates": [
          5.4579568,
          52.1664506
        ]
      },
      "id": "node/45539702"
    },
    {
      "type": "Feature",
      "properties": {
        "@id": "node/45541072",
        "name": "Lochem",
        "public_transport": "stop_position",
        "railway": "stop",
        "ref": "2",
        "train": "yes"
      },
      "geometry": {
        "type": "Point",
        "coordinates": [
          6.426383,
          52.1668385
        ]
      },
      "id": "node/45541072"
    },
    {
      "type": "Feature",
      "properties": {
        "@id": "node/45569132",
        "name": "Amersfoort Schothorst",
        "public_transport": "stop_position",
        "railway": "stop",
        "railway:ref": "Amfs",
        "ref": "2",
        "train": "yes"
      },
      "geometry": {
        "type": "Point",
        "coordinates": [
          5.4039254,
          52.1748187
        ]
      },
      "id": "node/45569132"
    },
    {
      "type": "Feature",
      "properties": {
        "@id": "node/45579906",
        "name": "Klarenbeek",
        "public_transport": "stop_position",
        "ref": "1",
        "train": "yes"
      },
      "geometry": {
        "type": "Point",
        "coordinates": [
          6.0845013,
          52.177918
        ]
      },
      "id": "node/45579906"
    },
    {
      "type": "Feature",
      "properties": {
        "@id": "node/45581552",
        "name": "Hollandsche Rading",
        "public_transport": "stop_position",
        "ref": "2",
        "train": "yes"
      },
      "geometry": {
        "type": "Point",
        "coordinates": [
          5.179554,
          52.178427
        ]
      },
      "id": "node/45581552"
    },
    {
      "type": "Feature",
      "properties": {
        "@id": "node/45601106",
        "name": "Soestdijk",
        "public_transport": "stop_position",
        "railway": "stop",
        "railway:ref": "Sd",
        "ref": "1",
        "train": "yes",
        "wheelchair": "yes",
        "zone": "5952"
      },
      "geometry": {
        "type": "Point",
        "coordinates": [
          5.2999885,
          52.1838306
        ]
      },
      "id": "node/45601106"
    },
    {
      "type": "Feature",
      "properties": {
        "@id": "node/45742075",
        "name": "Sassenheim",
        "public_transport": "stop_position",
        "railway": "stop",
        "railway:ref": "Ssh",
        "ref": "1",
        "train": "yes"
      },
      "geometry": {
        "type": "Point",
        "coordinates": [
          4.5165733,
          52.2150718
        ]
      },
      "id": "node/45742075"
    },
    {
      "type": "Feature",
      "properties": {
        "@id": "node/45744866",
        "name": "Hilversum Sportpark",
        "public_transport": "stop_position",
        "railway": "stop",
        "ref": "1",
        "train": "yes"
      },
      "geometry": {
        "type": "Point",
        "coordinates": [
          5.1872864,
          52.2163979
        ]
      },
      "id": "node/45744866"
    },
    {
      "type": "Feature",
      "properties": {
        "@id": "node/45756882",
        "name": "Glanerbrug",
        "name:de": "Glanerbrücke",
        "name:nl": "Glanerbrug",
        "name:ru": "Гланербрюг",
        "operator": "ProRail",
        "public_transport": "station",
        "railway": "station",
        "railway:ref": "Gbr",
        "train": "yes",
        "uic_ref": "8400011",
        "wikidata": "Q2700255",
        "wikipedia": "nl:Station Glanerbrug",
        "zone": "4501"
      },
      "geometry": {
        "type": "Point",
        "coordinates": [
          6.9741204,
          52.2187045
        ]
      },
      "id": "node/45756882"
    },
    {
      "type": "Feature",
      "properties": {
        "@id": "node/45772848",
        "name": "Nijkerk",
        "public_transport": "stop_position",
        "railway": "stop",
        "railway:ref": "Nkk",
        "ref": "2",
        "train": "yes"
      },
      "geometry": {
        "type": "Point",
        "coordinates": [
          5.4935449,
          52.2220158
        ]
      },
      "id": "node/45772848"
    },
    {
      "type": "Feature",
      "properties": {
        "@id": "node/45785882",
        "name": "Voorhout",
        "public_transport": "stop_position",
        "railway": "stop",
        "railway:ref": "Vh",
        "ref": "2",
        "train": "yes"
      },
      "geometry": {
        "type": "Point",
        "coordinates": [
          4.4840277,
          52.2253531
        ]
      },
      "id": "node/45785882"
    },
    {
      "type": "Feature",
      "properties": {
        "@id": "node/45790973",
        "name": "Hilversum",
        "public_transport": "stop_position",
        "ref": "5",
        "train": "yes"
      },
      "geometry": {
        "type": "Point",
        "coordinates": [
          5.1819665,
          52.226627
        ]
      },
      "id": "node/45790973"
    },
    {
      "type": "Feature",
      "properties": {
        "@id": "node/45791851",
        "name": "Hilversum",
        "public_transport": "stop_position",
        "ref": "1",
        "train": "yes",
        "wheelchair": "yes"
      },
      "geometry": {
        "type": "Point",
        "coordinates": [
          5.1815137,
          52.2264853
        ]
      },
      "id": "node/45791851"
    },
    {
      "type": "Feature",
      "properties": {
        "@id": "node/45807491",
        "name": "Goor",
        "public_transport": "stop_position",
        "railway": "stop",
        "ref": "2",
        "train": "yes"
      },
      "geometry": {
        "type": "Point",
        "coordinates": [
          6.5868009,
          52.2302249
        ]
      },
      "id": "node/45807491"
    },
    {
      "type": "Feature",
      "properties": {
        "@id": "node/45836125",
        "addr:city": "Enschede",
        "addr:country": "NL",
        "addr:housenumber": "10",
        "addr:postcode": "7521PM",
        "addr:street": "Forum",
        "image": "https://api.railway-stations.org/photos/nl/8400221.jpg",
        "name": "Enschede Kennispark",
        "old_name": "Enschede Drienerlo",
        "public_transport": "station",
        "railway": "station",
        "railway:ref": "Esk",
        "ref": "Esk",
        "toilets:wheelchair": "no",
        "train": "yes",
        "wheelchair": "yes",
        "wikidata": "Q2678217",
        "wikipedia": "nl:Station Enschede Kennispark"
      },
      "geometry": {
        "type": "Point",
        "coordinates": [
          6.8387936,
          52.237419
        ]
      },
      "id": "node/45836125"
    },
    {
      "type": "Feature",
      "properties": {
        "@id": "node/45836822",
        "name": "Hilversum Media Park",
        "old_name": "Hilversum Noord",
        "public_transport": "stop_position",
        "ref": "1",
        "train": "yes",
        "wheelchair": "yes"
      },
      "geometry": {
        "type": "Point",
        "coordinates": [
          5.1739801,
          52.2378669
        ]
      },
      "id": "node/45836822"
    },
    {
      "type": "Feature",
      "properties": {
        "@id": "node/45884321",
        "name": "Deventer Colmschate",
        "public_transport": "stop_position",
        "railway": "stop",
        "ref": "2",
        "train": "yes"
      },
      "geometry": {
        "type": "Point",
        "coordinates": [
          6.2156379,
          52.2503343
        ]
      },
      "id": "node/45884321"
    },
    {
      "type": "Feature",
      "properties": {
        "@id": "node/45911933",
        "name": "Deventer",
        "public_transport": "stop_position",
        "railway": "stop",
        "ref": "3",
        "train": "yes"
      },
      "geometry": {
        "type": "Point",
        "coordinates": [
          6.1613302,
          52.2570892
        ]
      },
      "id": "node/45911933"
    },
    {
      "type": "Feature",
      "properties": {
        "@id": "node/45920072",
        "name": "Nieuw Vennep",
        "public_transport": "station",
        "railway": "station",
        "railway:ref": "Nvp",
        "train": "yes",
        "website": "https://www.ns.nl/stationsinformatie/nvp/nieuw-vennep",
        "wikidata": "Q2470891",
        "wikipedia": "nl:Station Nieuw Vennep (Schiphollijn)",
        "zone": "5643"
      },
      "geometry": {
        "type": "Point",
        "coordinates": [
          4.6453582,
          52.2588593
        ]
      },
      "id": "node/45920072"
    },
    {
      "type": "Feature",
      "properties": {
        "@id": "node/45924538",
        "name": "Delden",
        "public_transport": "stop_position",
        "railway": "stop",
        "ref": "1",
        "train": "yes"
      },
      "geometry": {
        "type": "Point",
        "coordinates": [
          6.715144,
          52.2601198
        ]
      },
      "id": "node/45924538"
    },
    {
      "type": "Feature",
      "properties": {
        "@id": "node/45931397",
        "image": "https://api.railway-stations.org/photos/nl/8400316.jpg",
        "name": "Hengelo",
        "public_transport": "station",
        "railway": "station",
        "railway:ref": "Hgl",
        "train": "yes",
        "uic_ref": "8400316",
        "wikidata": "Q800910",
        "wikipedia": "nl:Station Hengelo"
      },
      "geometry": {
        "type": "Point",
        "coordinates": [
          6.7949086,
          52.2617754
        ]
      },
      "id": "node/45931397"
    },
    {
      "type": "Feature",
      "properties": {
        "@id": "node/45946170",
        "name": "Putten",
        "public_transport": "stop_position",
        "railway": "stop",
        "ref": "1",
        "train": "yes",
        "wheelchair": "yes"
      },
      "geometry": {
        "type": "Point",
        "coordinates": [
          5.5758988,
          52.2654832
        ]
      },
      "id": "node/45946170"
    },
    {
      "type": "Feature",
      "properties": {
        "@id": "node/45946917",
        "name": "Bussum Zuid",
        "public_transport": "stop_position",
        "railway": "stop",
        "ref": "2",
        "train": "yes"
      },
      "geometry": {
        "type": "Point",
        "coordinates": [
          5.1628651,
          52.2658454
        ]
      },
      "id": "node/45946917"
    },
    {
      "type": "Feature",
      "properties": {
        "@id": "node/45960709",
        "name": "Hengelo Oost",
        "public_transport": "station",
        "railway": "station",
        "railway:ref": "Hglo",
        "train": "yes",
        "uic_ref": "8400312",
        "wikidata": "Q5714271",
        "wikipedia": "nl:Station Hengelo Oost",
        "zone": "4511"
      },
      "geometry": {
        "type": "Point",
        "coordinates": [
          6.8197673,
          52.2689875
        ]
      },
      "id": "node/45960709"
    },
    {
      "type": "Feature",
      "properties": {
        "@id": "node/45999692",
        "name": "Naarden-Bussum",
        "public_transport": "stop_position",
        "railway": "stop",
        "ref": "1",
        "train": "yes"
      },
      "geometry": {
        "type": "Point",
        "coordinates": [
          5.1571948,
          52.2809532
        ]
      },
      "id": "node/45999692"
    },
    {
      "type": "Feature",
      "properties": {
        "@id": "node/46002834",
        "name": "Naarden-Bussum",
        "public_transport": "stop_position",
        "railway": "stop",
        "ref": "2",
        "train": "yes"
      },
      "geometry": {
        "type": "Point",
        "coordinates": [
          5.1571384,
          52.2809496
        ]
      },
      "id": "node/46002834"
    },
    {
      "type": "Feature",
      "properties": {
        "@id": "node/46015291",
        "name": "Holten",
        "public_transport": "stop_position",
        "railway": "stop",
        "ref": "1",
        "train": "yes"
      },
      "geometry": {
        "type": "Point",
        "coordinates": [
          6.421178,
          52.2840605
        ]
      },
      "id": "node/46015291"
    },
    {
      "type": "Feature",
      "properties": {
        "@id": "node/46076085",
        "name": "Borne",
        "public_transport": "stop_position",
        "ref": "1",
        "train": "yes"
      },
      "geometry": {
        "type": "Point",
        "coordinates": [
          6.748388,
          52.2985886
        ]
      },
      "id": "node/46076085"
    },
    {
      "type": "Feature",
      "properties": {
        "@id": "node/46078271",
        "name": "Borne",
        "public_transport": "stop_position",
        "ref": "2",
        "train": "yes"
      },
      "geometry": {
        "type": "Point",
        "coordinates": [
          6.7485197,
          52.2986381
        ]
      },
      "id": "node/46078271"
    },
    {
      "type": "Feature",
      "properties": {
        "@id": "node/46088188",
        "name": "Ermelo",
        "public_transport": "stop_position",
        "railway": "stop",
        "ref": "1",
        "train": "yes"
      },
      "geometry": {
        "type": "Point",
        "coordinates": [
          5.6145496,
          52.3011417
        ]
      },
      "id": "node/46088188"
    },
    {
      "type": "Feature",
      "properties": {
        "@id": "node/46108981",
        "name": "Oldenzaal",
        "public_transport": "station",
        "railway": "station",
        "railway:ref": "Odz",
        "ref": "2",
        "train": "yes",
        "uic_ref": "8400483",
        "wikidata": "Q599851",
        "wikipedia": "nl:Station Oldenzaal",
        "zone": "4524"
      },
      "geometry": {
        "type": "Point",
        "coordinates": [
          6.9340349,
          52.3062438
        ]
      },
      "id": "node/46108981"
    },
    {
      "type": "Feature",
      "properties": {
        "@id": "node/46122858",
        "name": "Schiphol Airport",
        "name:fr": "Aéroport d'Amsterdam-Schiphol",
        "public_transport": "station",
        "railway": "station",
        "railway:ref": "Shl",
        "ref:FR:sncf:resarail": "NLSPH",
        "ref:FR:uic8": "84005611",
        "toilets:wheelchair": "yes",
        "train": "yes",
        "uic_ref": "8400561",
        "website": "https://www.ns.nl/stationsinformatie/shl/schiphol-airport",
        "wheelchair": "yes",
        "wikidata": "Q801410",
        "wikipedia": "nl:Station Schiphol Airport",
        "zone": "5733"
      },
      "geometry": {
        "type": "Point",
        "coordinates": [
          4.7620721,
          52.3095969
        ]
      },
      "id": "node/46122858"
    },
    {
      "type": "Feature",
      "properties": {
        "@id": "node/46131574",
        "name": "Rijssen",
        "public_transport": "stop_position",
        "railway": "stop",
        "railway:ref": "Rsn",
        "train": "yes",
        "zone": "4530"
      },
      "geometry": {
        "type": "Point",
        "coordinates": [
          6.5192633,
          52.3117227
        ]
      },
      "id": "node/46131574"
    },
    {
      "type": "Feature",
      "properties": {
        "@id": "node/46132286",
        "local_ref": "1",
        "name": "Amsterdam Bijlmer ArenA",
        "public_transport": "stop_position",
        "railway": "stop",
        "ref": "1",
        "train": "yes"
      },
      "geometry": {
        "type": "Point",
        "coordinates": [
          4.947939,
          52.3119363
        ]
      },
      "id": "node/46132286"
    },
    {
      "type": "Feature",
      "properties": {
        "@id": "node/46132425",
        "name": "Weesp",
        "public_transport": "stop_position",
        "railway": "stop",
        "railway:ref": "Wp",
        "ref": "2",
        "train": "yes"
      },
      "geometry": {
        "type": "Point",
        "coordinates": [
          5.04396,
          52.312159
        ]
      },
      "id": "node/46132425"
    },
    {
      "type": "Feature",
      "properties": {
        "@id": "node/46133386",
        "name": "Weesp",
        "public_transport": "stop_position",
        "railway": "stop",
        "railway:ref": "Wp",
        "ref": "5",
        "train": "yes"
      },
      "geometry": {
        "type": "Point",
        "coordinates": [
          5.0441123,
          52.3122689
        ]
      },
      "id": "node/46133386"
    },
    {
      "type": "Feature",
      "properties": {
        "@id": "node/46199966",
        "name": "Diemen Zuid",
        "network": "Hoofdrailnet Nederland;Amsterdamse metro",
        "network:subway": "Amsterdamse metro",
        "network:train": "Hoofdrailnet Nederland",
        "operator": "Nederlandse Spoorwegen;GVB",
        "operator:subway": "GVB",
        "operator:train": "Nederlandse Spoorwegen",
        "public_transport": "station",
        "railway": "station",
        "railway:ref": "Dmnz",
        "source": "AND",
        "start_date": "1977-10-14",
        "station": "train;subway",
        "subway": "yes",
        "train": "yes",
        "website": "https://www.ns.nl/stationsinformatie/dmnz/diemen-zuid",
        "wheelchair": "no",
        "wikidata": "Q800664",
        "wikimedia_commons": "Category:Station Diemen Zuid",
        "wikipedia": "nl:Station Diemen Zuid",
        "zone": "5715"
      },
      "geometry": {
        "type": "Point",
        "coordinates": [
          4.9560598,
          52.3302613
        ]
      },
      "id": "node/46199966"
    },
    {
      "type": "Feature",
      "properties": {
        "@id": "node/46226599",
        "name": "Olst",
        "public_transport": "stop_position",
        "railway": "stop",
        "ref": "2",
        "train": "yes"
      },
      "geometry": {
        "type": "Point",
        "coordinates": [
          6.1134665,
          52.3357035
        ]
      },
      "id": "node/46226599"
    },
    {
      "type": "Feature",
      "properties": {
        "@id": "node/46237348",
        "name": "Harderwijk",
        "public_transport": "stop_position",
        "railway": "stop",
        "ref": "1",
        "train": "yes"
      },
      "geometry": {
        "type": "Point",
        "coordinates": [
          5.6202705,
          52.3375205
        ]
      },
      "id": "node/46237348"
    },
    {
      "type": "Feature",
      "properties": {
        "@id": "node/46257037",
        "name": "Almere Poort",
        "public_transport": "stop_position",
        "railway": "stop",
        "railway:ref": "Ampo",
        "ref": "2",
        "train": "yes"
      },
      "geometry": {
        "type": "Point",
        "coordinates": [
          5.1522617,
          52.3429004
        ]
      },
      "id": "node/46257037"
    },
    {
      "type": "Feature",
      "properties": {
        "@id": "node/46257382",
        "name": "Almelo de Riet",
        "public_transport": "stop_position",
        "railway": "stop",
        "ref": "1",
        "train": "yes"
      },
      "geometry": {
        "type": "Point",
        "coordinates": [
          6.6664249,
          52.3422418
        ]
      },
      "id": "node/46257382"
    },
    {
      "type": "Feature",
      "properties": {
        "@id": "node/46267263",
        "name": "Diemen",
        "public_transport": "stop_position",
        "railway": "stop",
        "ref": "1",
        "train": "yes"
      },
      "geometry": {
        "type": "Point",
        "coordinates": [
          4.9702341,
          52.3442919
        ]
      },
      "id": "node/46267263"
    },
    {
      "type": "Feature",
      "properties": {
        "@id": "node/46321985",
        "name": "Almelo",
        "public_transport": "stop_position",
        "railway": "stop",
        "ref": "4b",
        "train": "yes"
      },
      "geometry": {
        "type": "Point",
        "coordinates": [
          6.6556709,
          52.356941
        ]
      },
      "id": "node/46321985"
    },
    {
      "type": "Feature",
      "properties": {
        "@id": "node/46327258",
        "local_ref": "2",
        "name": "Amsterdam Lelylaan",
        "network": "NS",
        "public_transport": "stop_position",
        "railway": "stop",
        "railway:ref": "Asdl",
        "ref": "2",
        "train": "yes",
        "wikidata": "Q50722",
        "wikimedia_commons": "Category:Station Amsterdam Lelylaan",
        "wikipedia": "nl:Station Amsterdam Lelylaan",
        "zone": "5713"
      },
      "geometry": {
        "type": "Point",
        "coordinates": [
          4.8341373,
          52.357839
        ]
      },
      "id": "node/46327258"
    },
    {
      "type": "Feature",
      "properties": {
        "@id": "node/46333251",
        "name": "Heemstede-Aerdenhout",
        "public_transport": "stop_position",
        "railway": "stop",
        "railway:ref": "Had",
        "ref": "2",
        "train": "yes",
        "wheelchair": "yes"
      },
      "geometry": {
        "type": "Point",
        "coordinates": [
          4.6067599,
          52.3595117
        ]
      },
      "id": "node/46333251"
    },
    {
      "type": "Feature",
      "properties": {
        "@id": "node/46342191",
        "name": "Wierden",
        "public_transport": "stop_position",
        "railway": "stop",
        "ref": "1",
        "train": "yes"
      },
      "geometry": {
        "type": "Point",
        "coordinates": [
          6.5921643,
          52.3614632
        ]
      },
      "id": "node/46342191"
    },
    {
      "type": "Feature",
      "properties": {
        "@id": "node/46367666",
        "name": "Almere Muziekwijk",
        "public_transport": "stop_position",
        "railway": "stop",
        "railway:ref": "Almm",
        "ref": "2",
        "train": "yes"
      },
      "geometry": {
        "type": "Point",
        "coordinates": [
          5.1903658,
          52.3675453
        ]
      },
      "id": "node/46367666"
    },
    {
      "type": "Feature",
      "properties": {
        "@id": "node/46383478",
        "name": "Nunspeet",
        "public_transport": "stop_position",
        "railway": "stop",
        "ref": "1",
        "train": "yes"
      },
      "geometry": {
        "type": "Point",
        "coordinates": [
          5.7836879,
          52.3706
        ]
      },
      "id": "node/46383478"
    },
    {
      "type": "Feature",
      "properties": {
        "@id": "node/46402865",
        "name": "Almere Centrum",
        "operator": "NS",
        "public_transport": "stop_position",
        "railway": "stop",
        "railway:ref": "Alm",
        "ref": "3",
        "train": "yes"
      },
      "geometry": {
        "type": "Point",
        "coordinates": [
          5.2177316,
          52.3750127
        ]
      },
      "id": "node/46402865"
    },
    {
      "type": "Feature",
      "properties": {
        "@id": "node/46410951",
        "name": "Almere Parkwijk",
        "public_transport": "station",
        "railway": "station",
        "railway:ref": "Almp",
        "train": "yes",
        "wikidata": "Q800377",
        "wikipedia": "nl:Station Almere Parkwijk",
        "zone": "5865"
      },
      "geometry": {
        "type": "Point",
        "coordinates": [
          5.2447045,
          52.376736
        ]
      },
      "id": "node/46410951"
    },
    {
      "type": "Feature",
      "properties": {
        "@id": "node/46439907",
        "name": "Haarlem Spaarnwoude",
        "public_transport": "stop_position",
        "railway": "stop",
        "railway:ref": "Hlms",
        "ref": "2",
        "train": "yes",
        "wheelchair": "yes"
      },
      "geometry": {
        "type": "Point",
        "coordinates": [
          4.6712477,
          52.3828591
        ]
      },
      "id": "node/46439907"
    },
    {
      "type": "Feature",
      "properties": {
        "@id": "node/46472215",
        "name": "Wijhe",
        "public_transport": "stop_position",
        "railway": "stop",
        "ref": "1",
        "train": "yes"
      },
      "geometry": {
        "type": "Point",
        "coordinates": [
          6.1404524,
          52.3902786
        ]
      },
      "id": "node/46472215"
    },
    {
      "type": "Feature",
      "properties": {
        "@id": "node/46475056",
        "name": "Overveen",
        "public_transport": "stop_position",
        "railway": "stop",
        "railway:ref": "Ovn",
        "ref": "1",
        "train": "yes"
      },
      "geometry": {
        "type": "Point",
        "coordinates": [
          4.606862,
          52.3911122
        ]
      },
      "id": "node/46475056"
    },
    {
      "type": "Feature",
      "properties": {
        "@id": "node/46475255",
        "name": "Wijhe",
        "public_transport": "station",
        "railway": "station",
        "railway:ref": "Wh",
        "train": "yes",
        "wheelchair": "yes",
        "wikidata": "Q2520883",
        "wikipedia": "nl:Station Wijhe",
        "zone": "4783"
      },
      "geometry": {
        "type": "Point",
        "coordinates": [
          6.1410453,
          52.3909959
        ]
      },
      "id": "node/46475255"
    },
    {
      "type": "Feature",
      "properties": {
        "@id": "node/46478037",
        "name": "Raalte",
        "public_transport": "stop_position",
        "ref": "2",
        "train": "yes"
      },
      "geometry": {
        "type": "Point",
        "coordinates": [
          6.2782543,
          52.3914099
        ]
      },
      "id": "node/46478037"
    },
    {
      "type": "Feature",
      "properties": {
        "@id": "node/46487439",
        "name": "Almere Buiten",
        "public_transport": "station",
        "railway": "station",
        "railway:ref": "Almb",
        "train": "yes",
        "wheelchair": "yes",
        "wikidata": "Q800373",
        "wikipedia": "nl:Station Almere Buiten",
        "zone": "5875"
      },
      "geometry": {
        "type": "Point",
        "coordinates": [
          5.2779576,
          52.3941912
        ]
      },
      "id": "node/46487439"
    },
    {
      "type": "Feature",
      "properties": {
        "@id": "node/46510929",
        "name": "Vriezenveen",
        "public_transport": "stop_position",
        "ref": "1",
        "train": "yes"
      },
      "geometry": {
        "type": "Point",
        "coordinates": [
          6.6004078,
          52.4019902
        ]
      },
      "id": "node/46510929"
    },
    {
      "type": "Feature",
      "properties": {
        "@id": "node/46513637",
        "name": "Bloemendaal",
        "public_transport": "stop_position",
        "railway": "stop",
        "railway:ref": "Bll",
        "ref": "2",
        "train": "yes"
      },
      "geometry": {
        "type": "Point",
        "coordinates": [
          4.6277708,
          52.4043228
        ]
      },
      "id": "node/46513637"
    },
    {
      "type": "Feature",
      "properties": {
        "@id": "node/46518211",
        "name": "Bloemendaal",
        "public_transport": "stop_position",
        "railway": "stop",
        "railway:ref": "Bll",
        "ref": "1",
        "train": "yes",
        "wheelchair": "yes"
      },
      "geometry": {
        "type": "Point",
        "coordinates": [
          4.6275758,
          52.4043519
        ]
      },
      "id": "node/46518211"
    },
    {
      "type": "Feature",
      "properties": {
        "@id": "node/46533424",
        "name": "'t Harde",
        "public_transport": "stop_position",
        "railway": "stop",
        "ref": "1",
        "train": "yes"
      },
      "geometry": {
        "type": "Point",
        "coordinates": [
          5.893,
          52.4091595
        ]
      },
      "id": "node/46533424"
    },
    {
      "type": "Feature",
      "properties": {
        "@id": "node/46563490",
        "name": "Santpoort Zuid",
        "public_transport": "stop_position",
        "railway": "stop",
        "railway:ref": "Sptz",
        "ref": "1",
        "train": "yes"
      },
      "geometry": {
        "type": "Point",
        "coordinates": [
          4.631318,
          52.4193419
        ]
      },
      "id": "node/46563490"
    },
    {
      "type": "Feature",
      "properties": {
        "@id": "node/46583044",
        "name": "Heino",
        "public_transport": "stop_position",
        "railway:ref": "Hno",
        "ref": "2",
        "train": "yes",
        "wikidata": "Q1948428",
        "wikipedia": "nl:Station Heino"
      },
      "geometry": {
        "type": "Point",
        "coordinates": [
          6.2219789,
          52.4269485
        ]
      },
      "id": "node/46583044"
    },
    {
      "type": "Feature",
      "properties": {
        "@id": "node/46603398",
        "name": "Santpoort Noord",
        "public_transport": "stop_position",
        "railway": "stop",
        "railway:ref": "Sptn",
        "ref": "2",
        "train": "yes"
      },
      "geometry": {
        "type": "Point",
        "coordinates": [
          4.6324945,
          52.4336932
        ]
      },
      "id": "node/46603398"
    },
    {
      "type": "Feature",
      "properties": {
        "@id": "node/46619804",
        "name": "Daarlerveen",
        "public_transport": "stop_position",
        "ref": "1b",
        "train": "yes"
      },
      "geometry": {
        "type": "Point",
        "coordinates": [
          6.5762697,
          52.4406548
        ]
      },
      "id": "node/46619804"
    },
    {
      "type": "Feature",
      "properties": {
        "@id": "node/46623447",
        "name": "Driehuis",
        "public_transport": "stop_position",
        "railway": "stop",
        "railway:ref": "Drh",
        "ref": "1",
        "train": "yes"
      },
      "geometry": {
        "type": "Point",
        "coordinates": [
          4.6387782,
          52.4427092
        ]
      },
      "id": "node/46623447"
    },
    {
      "type": "Feature",
      "properties": {
        "@id": "node/46651568",
        "name": "Wezep",
        "public_transport": "stop_position",
        "railway": "stop",
        "ref": "2",
        "train": "yes"
      },
      "geometry": {
        "type": "Point",
        "coordinates": [
          6.0030917,
          52.4543958
        ]
      },
      "id": "node/46651568"
    },
    {
      "type": "Feature",
      "properties": {
        "@id": "node/46652175",
        "name": "Wezep",
        "public_transport": "stop_position",
        "railway": "stop",
        "train": "yes"
      },
      "geometry": {
        "type": "Point",
        "coordinates": [
          6.0018974,
          52.453619
        ]
      },
      "id": "node/46652175"
    },
    {
      "type": "Feature",
      "properties": {
        "@id": "node/46659662",
        "name": "Zaandam Kogerveld",
        "public_transport": "stop_position",
        "railway": "stop",
        "ref": "1",
        "train": "yes"
      },
      "geometry": {
        "type": "Point",
        "coordinates": [
          4.8189966,
          52.4567737
        ]
      },
      "id": "node/46659662"
    },
    {
      "type": "Feature",
      "properties": {
        "@id": "node/46661432",
        "name": "Vroomshoop",
        "public_transport": "stop_position",
        "railway": "stop",
        "ref": "2",
        "train": "yes"
      },
      "geometry": {
        "type": "Point",
        "coordinates": [
          6.569568,
          52.4572912
        ]
      },
      "id": "node/46661432"
    },
    {
      "type": "Feature",
      "properties": {
        "@id": "node/46661483",
        "name": "Vroomshoop",
        "public_transport": "stop_position",
        "railway": "stop",
        "ref": "1",
        "train": "yes"
      },
      "geometry": {
        "type": "Point",
        "coordinates": [
          6.5697095,
          52.4572934
        ]
      },
      "id": "node/46661483"
    },
    {
      "type": "Feature",
      "properties": {
        "@id": "node/46663280",
        "name": "Koog aan de Zaan",
        "public_transport": "stop_position",
        "railway": "stop",
        "ref": "2",
        "train": "yes"
      },
      "geometry": {
        "type": "Point",
        "coordinates": [
          4.8056587,
          52.4577629
        ]
      },
      "id": "node/46663280"
    },
    {
      "type": "Feature",
      "properties": {
        "@id": "node/46695784",
        "name": "Zaandijk Zaanse Schans",
        "public_transport": "stop_position",
        "railway": "stop",
        "ref": "1",
        "train": "yes"
      },
      "geometry": {
        "type": "Point",
        "coordinates": [
          4.805278,
          52.4692124
        ]
      },
      "id": "node/46695784"
    },
    {
      "type": "Feature",
      "properties": {
        "@id": "node/46695991",
        "name": "Zaandijk Zaanse Schans",
        "public_transport": "stop_position",
        "railway": "stop",
        "ref": "2",
        "train": "yes"
      },
      "geometry": {
        "type": "Point",
        "coordinates": [
          4.8050502,
          52.46921
        ]
      },
      "id": "node/46695991"
    },
    {
      "type": "Feature",
      "properties": {
        "@id": "node/46715467",
        "name": "Beverwijk",
        "public_transport": "stop_position",
        "railway": "stop",
        "ref": "4",
        "train": "yes"
      },
      "geometry": {
        "type": "Point",
        "coordinates": [
          4.6566434,
          52.4785249
        ]
      },
      "id": "node/46715467"
    },
    {
      "type": "Feature",
      "properties": {
        "@id": "node/46716265",
        "name": "Beverwijk",
        "public_transport": "stop_position",
        "railway": "stop",
        "ref": "5",
        "train": "yes"
      },
      "geometry": {
        "type": "Point",
        "coordinates": [
          4.6567712,
          52.4784411
        ]
      },
      "id": "node/46716265"
    },
    {
      "type": "Feature",
      "properties": {
        "@id": "node/46736819",
        "name": "Wormerveer",
        "public_transport": "stop_position",
        "railway": "stop",
        "ref": "2",
        "train": "yes"
      },
      "geometry": {
        "type": "Point",
        "coordinates": [
          4.7930218,
          52.4892352
        ]
      },
      "id": "node/46736819"
    },
    {
      "type": "Feature",
      "properties": {
        "@id": "node/46737225",
        "name": "Wormerveer",
        "public_transport": "stop_position",
        "railway": "stop",
        "ref": "3",
        "train": "yes"
      },
      "geometry": {
        "type": "Point",
        "coordinates": [
          4.7929609,
          52.4891249
        ]
      },
      "id": "node/46737225"
    },
    {
      "type": "Feature",
      "properties": {
        "@id": "node/46751266",
        "name": "Heemskerk",
        "public_transport": "stop_position",
        "railway": "stop",
        "ref": "2",
        "train": "yes"
      },
      "geometry": {
        "type": "Point",
        "coordinates": [
          4.6861461,
          52.4946222
        ]
      },
      "id": "node/46751266"
    },
    {
      "type": "Feature",
      "properties": {
        "@id": "node/46763136",
        "name": "Dalfsen",
        "public_transport": "stop_position",
        "ref": "2",
        "train": "yes"
      },
      "geometry": {
        "type": "Point",
        "coordinates": [
          6.2594696,
          52.4982048
        ]
      },
      "id": "node/46763136"
    },
    {
      "type": "Feature",
      "properties": {
        "@id": "node/46780604",
        "name": "Purmerend",
        "public_transport": "stop_position",
        "railway": "stop",
        "ref": "1",
        "train": "yes"
      },
      "geometry": {
        "type": "Point",
        "coordinates": [
          4.9544094,
          52.5040137
        ]
      },
      "id": "node/46780604"
    },
    {
      "type": "Feature",
      "properties": {
        "@id": "node/46781497",
        "name": "Zwolle",
        "public_transport": "stop_position",
        "railway": "stop",
        "ref": "7",
        "train": "yes"
      },
      "geometry": {
        "type": "Point",
        "coordinates": [
          6.0913417,
          52.5046802
        ]
      },
      "id": "node/46781497"
    },
    {
      "type": "Feature",
      "properties": {
        "@id": "node/46784344",
        "name": "Zwolle",
        "public_transport": "stop_position",
        "railway": "stop",
        "ref": "1a",
        "train": "yes"
      },
      "geometry": {
        "type": "Point",
        "coordinates": [
          6.0916816,
          52.5050107
        ]
      },
      "id": "node/46784344"
    },
    {
      "type": "Feature",
      "properties": {
        "@id": "node/46792197",
        "name": "Lelystad Centrum",
        "public_transport": "station",
        "railway": "station",
        "railway:ref": "Lls",
        "source": "AND",
        "train": "yes",
        "wheelchair": "yes",
        "wikidata": "Q801084",
        "wikipedia": "nl:Station Lelystad Centrum",
        "zone": "4900"
      },
      "geometry": {
        "type": "Point",
        "coordinates": [
          5.4727185,
          52.5079328
        ]
      },
      "id": "node/46792197"
    },
    {
      "type": "Feature",
      "properties": {
        "@id": "node/46795325",
        "name": "Mariënberg",
        "public_transport": "stop_position",
        "railway": "stop",
        "ref": "3",
        "train": "yes"
      },
      "geometry": {
        "type": "Point",
        "coordinates": [
          6.5749489,
          52.5091468
        ]
      },
      "id": "node/46795325"
    },
    {
      "type": "Feature",
      "properties": {
        "@id": "node/46799315",
        "name": "Ommen",
        "public_transport": "stop_position",
        "ref": "2",
        "train": "yes"
      },
      "geometry": {
        "type": "Point",
        "coordinates": [
          6.4172283,
          52.5096711
        ]
      },
      "id": "node/46799315"
    },
    {
      "type": "Feature",
      "properties": {
        "@id": "node/46804642",
        "name": "Purmerend Overwhere",
        "public_transport": "stop_position",
        "railway": "stop",
        "ref": "1",
        "train": "yes"
      },
      "geometry": {
        "type": "Point",
        "coordinates": [
          4.9670747,
          52.5112395
        ]
      },
      "id": "node/46804642"
    },
    {
      "type": "Feature",
      "properties": {
        "@id": "node/46844463",
        "name": "Uitgeest",
        "public_transport": "stop_position",
        "ref": "3",
        "train": "yes"
      },
      "geometry": {
        "type": "Point",
        "coordinates": [
          4.7027791,
          52.5214329
        ]
      },
      "id": "node/46844463"
    },
    {
      "type": "Feature",
      "properties": {
        "@id": "node/46930023",
        "name": "Kampen",
        "public_transport": "stop_position",
        "railway": "stop",
        "railway:ref": "Kpn",
        "ref": "1",
        "train": "yes"
      },
      "geometry": {
        "type": "Point",
        "coordinates": [
          5.9215725,
          52.5597447
        ]
      },
      "id": "node/46930023"
    },
    {
      "type": "Feature",
      "properties": {
        "@id": "node/46951013",
        "name": "Hardenberg",
        "public_transport": "stop_position",
        "railway": "stop",
        "ref": "2",
        "train": "yes"
      },
      "geometry": {
        "type": "Point",
        "coordinates": [
          6.6279598,
          52.5722717
        ]
      },
      "id": "node/46951013"
    },
    {
      "type": "Feature",
      "properties": {
        "@id": "node/46992905",
        "name": "Heiloo",
        "public_transport": "stop_position",
        "railway": "stop",
        "ref": "2",
        "train": "yes"
      },
      "geometry": {
        "type": "Point",
        "coordinates": [
          4.700939,
          52.5999378
        ]
      },
      "id": "node/46992905"
    },
    {
      "type": "Feature",
      "properties": {
        "@id": "node/47008351",
        "name": "Gramsbergen",
        "public_transport": "stop_position",
        "railway": "stop",
        "ref": "2",
        "train": "yes"
      },
      "geometry": {
        "type": "Point",
        "coordinates": [
          6.6764348,
          52.6098569
        ]
      },
      "id": "node/47008351"
    },
    {
      "type": "Feature",
      "properties": {
        "@id": "node/47060419",
        "name": "Alkmaar",
        "name:ar": "ألكمار",
        "name:ckb": "ئەڵکمار",
        "name:fa": "آلکمار",
        "name:ur": "الکمار",
        "public_transport": "stop_position",
        "railway": "stop",
        "ref": "5",
        "train": "yes"
      },
      "geometry": {
        "type": "Point",
        "coordinates": [
          4.740682,
          52.6381884
        ]
      },
      "id": "node/47060419"
    },
    {
      "type": "Feature",
      "properties": {
        "@id": "node/47074269",
        "name": "Alkmaar Noord",
        "public_transport": "stop_position",
        "railway": "stop",
        "ref": "1",
        "train": "yes"
      },
      "geometry": {
        "type": "Point",
        "coordinates": [
          4.7639375,
          52.6437794
        ]
      },
      "id": "node/47074269"
    },
    {
      "type": "Feature",
      "properties": {
        "@id": "node/47077880",
        "internet_access": "wlan",
        "internet_access:fee": "no",
        "internet_access:ssid": "KPN",
        "name": "Hoorn",
        "not:network:wikidata": "Q108718103",
        "operator": "Nederlandse Spoorwegen",
        "public_transport": "station",
        "railway": "station",
        "railway:ref": "Hn",
        "railway:ref:DB": "XNHOR",
        "toilets:wheelchair": "yes",
        "train": "yes",
        "wheelchair": "yes",
        "wikidata": "Q800935",
        "wikipedia": "nl:Station Hoorn",
        "zone": "3800"
      },
      "geometry": {
        "type": "Point",
        "coordinates": [
          5.0546461,
          52.6450893
        ]
      },
      "id": "node/47077880"
    },
    {
      "type": "Feature",
      "properties": {
        "@id": "node/47098594",
        "name": "Hoorn Kersenboogerd",
        "public_transport": "station",
        "railway": "station",
        "railway:ref": "Hnk",
        "railway:ref:DB": "XNHOK",
        "train": "yes",
        "wikidata": "Q2375196",
        "wikipedia": "nl:Station Hoorn Kersenboogerd",
        "zone": "3811"
      },
      "geometry": {
        "type": "Point",
        "coordinates": [
          5.0849124,
          52.6533353
        ]
      },
      "id": "node/47098594"
    },
    {
      "type": "Feature",
      "properties": {
        "@id": "node/47129352",
        "name": "Coevorden",
        "public_transport": "station",
        "railway": "station",
        "railway:ref": "Co",
        "train": "yes",
        "wheelchair": "yes",
        "wikidata": "Q2718628",
        "wikipedia": "nl:Station Coevorden",
        "zone": "1900"
      },
      "geometry": {
        "type": "Point",
        "coordinates": [
          6.7360253,
          52.6630362
        ]
      },
      "id": "node/47129352"
    },
    {
      "type": "Feature",
      "properties": {
        "@id": "node/47130880",
        "name": "Coevorden",
        "public_transport": "stop_position",
        "railway": "stop",
        "ref": "1",
        "train": "yes"
      },
      "geometry": {
        "type": "Point",
        "coordinates": [
          6.7357686,
          52.6634723
        ]
      },
      "id": "node/47130880"
    },
    {
      "type": "Feature",
      "properties": {
        "@id": "node/47153324",
        "name": "Heerhugowaard",
        "public_transport": "stop_position",
        "railway": "stop",
        "ref": "2",
        "train": "yes"
      },
      "geometry": {
        "type": "Point",
        "coordinates": [
          4.8241005,
          52.6704727
        ]
      },
      "id": "node/47153324"
    },
    {
      "type": "Feature",
      "properties": {
        "@id": "node/47178533",
        "name": "Obdam",
        "public_transport": "stop_position",
        "railway": "stop",
        "ref": "2",
        "train": "yes"
      },
      "geometry": {
        "type": "Point",
        "coordinates": [
          4.9076184,
          52.678171
        ]
      },
      "id": "node/47178533"
    },
    {
      "type": "Feature",
      "properties": {
        "@id": "node/47210817",
        "name": "Meppel",
        "public_transport": "stop_position",
        "railway": "stop",
        "ref": "3",
        "train": "yes"
      },
      "geometry": {
        "type": "Point",
        "coordinates": [
          6.1980483,
          52.6918925
        ]
      },
      "id": "node/47210817"
    },
    {
      "type": "Feature",
      "properties": {
        "@id": "node/47217234",
        "name": "Dalen",
        "public_transport": "stop_position",
        "railway": "stop",
        "ref": "1",
        "train": "yes"
      },
      "geometry": {
        "type": "Point",
        "coordinates": [
          6.7584798,
          52.694698
        ]
      },
      "id": "node/47217234"
    },
    {
      "type": "Feature",
      "properties": {
        "@id": "node/47217829",
        "name": "Bovenkarspel-Grootebroek",
        "public_transport": "station",
        "railway": "station",
        "railway:ref": "Bkg",
        "railway:ref:DB": "XNBG",
        "train": "yes",
        "wikidata": "Q605481",
        "wikipedia": "nl:Station Bovenkarspel-Grootebroek",
        "zone": "3840"
      },
      "geometry": {
        "type": "Point",
        "coordinates": [
          5.2363181,
          52.6950724
        ]
      },
      "id": "node/47217829"
    },
    {
      "type": "Feature",
      "properties": {
        "@id": "node/47220067",
        "name": "Bovenkarspel Flora",
        "public_transport": "stop_position",
        "railway": "stop",
        "ref": "1",
        "train": "yes"
      },
      "geometry": {
        "type": "Point",
        "coordinates": [
          5.253369,
          52.6960636
        ]
      },
      "id": "node/47220067"
    },
    {
      "type": "Feature",
      "properties": {
        "@id": "node/47229891",
        "name": "Enkhuizen",
        "public_transport": "station",
        "railway": "station",
        "railway:ref": "Ekz",
        "railway:ref:DB": "XNEK",
        "train": "yes",
        "wheelchair": "yes",
        "wikidata": "Q800732",
        "wikipedia": "nl:Station Enkhuizen",
        "zone": "3850"
      },
      "geometry": {
        "type": "Point",
        "coordinates": [
          5.287993,
          52.69956
        ]
      },
      "id": "node/47229891"
    },
    {
      "type": "Feature",
      "properties": {
        "@id": "node/47275303",
        "name": "Nieuw Amsterdam",
        "public_transport": "stop_position",
        "ref": "2",
        "train": "yes"
      },
      "geometry": {
        "type": "Point",
        "coordinates": [
          6.8486773,
          52.7184441
        ]
      },
      "id": "node/47275303"
    },
    {
      "type": "Feature",
      "properties": {
        "@id": "node/47275512",
        "name": "Nieuw Amsterdam",
        "public_transport": "stop_position",
        "ref": "1",
        "train": "yes"
      },
      "geometry": {
        "type": "Point",
        "coordinates": [
          6.8488409,
          52.7185489
        ]
      },
      "id": "node/47275512"
    },
    {
      "type": "Feature",
      "properties": {
        "@id": "node/47318936",
        "name": "Hoogeveen",
        "public_transport": "stop_position",
        "railway": "stop",
        "ref": "2",
        "train": "yes"
      },
      "geometry": {
        "type": "Point",
        "coordinates": [
          6.4727728,
          52.7336226
        ]
      },
      "id": "node/47318936"
    },
    {
      "type": "Feature",
      "properties": {
        "@id": "node/47322653",
        "name": "Hoogeveen",
        "public_transport": "stop_position",
        "railway": "stop",
        "ref": "1",
        "train": "yes"
      },
      "geometry": {
        "type": "Point",
        "coordinates": [
          6.4728093,
          52.7335912
        ]
      },
      "id": "node/47322653"
    },
    {
      "type": "Feature",
      "properties": {
        "@id": "node/47350480",
        "name": "Emmen Zuid",
        "public_transport": "stop_position",
        "railway": "stop",
        "ref": "1",
        "train": "yes"
      },
      "geometry": {
        "type": "Point",
        "coordinates": [
          6.8743723,
          52.7486908
        ]
      },
      "id": "node/47350480"
    },
    {
      "type": "Feature",
      "properties": {
        "@id": "node/47417793",
        "name": "Schagen",
        "public_transport": "stop_position",
        "railway": "stop",
        "ref": "1",
        "train": "yes"
      },
      "geometry": {
        "type": "Point",
        "coordinates": [
          4.8052295,
          52.7852701
        ]
      },
      "id": "node/47417793"
    },
    {
      "type": "Feature",
      "properties": {
        "@id": "node/47429027",
        "name": "Emmen",
        "name:ar": "إمن",
        "name:fa": "امن",
        "public_transport": "stop_position",
        "railway": "stop",
        "ref": "1",
        "train": "yes"
      },
      "geometry": {
        "type": "Point",
        "coordinates": [
          6.8996752,
          52.7906277
        ]
      },
      "id": "node/47429027"
    },
    {
      "type": "Feature",
      "properties": {
        "@id": "node/47430539",
        "name": "Steenwijk",
        "public_transport": "stop_position",
        "railway": "stop",
        "ref": "2",
        "train": "yes"
      },
      "geometry": {
        "type": "Point",
        "coordinates": [
          6.1164584,
          52.7912138
        ]
      },
      "id": "node/47430539"
    },
    {
      "type": "Feature",
      "properties": {
        "@id": "node/47430769",
        "name": "Steenwijk",
        "public_transport": "stop_position",
        "railway": "stop",
        "ref": "1",
        "train": "yes"
      },
      "geometry": {
        "type": "Point",
        "coordinates": [
          6.1164222,
          52.791135
        ]
      },
      "id": "node/47430769"
    },
    {
      "type": "Feature",
      "properties": {
        "@id": "node/47526218",
        "description": "Meppel - Assen",
        "name": "Beilen",
        "public_transport": "stop_position",
        "railway": "stop",
        "ref": "1",
        "train": "yes"
      },
      "geometry": {
        "type": "Point",
        "coordinates": [
          6.5212374,
          52.8550687
        ]
      },
      "id": "node/47526218"
    },
    {
      "type": "Feature",
      "properties": {
        "@id": "node/47547457",
        "name": "Anna Paulowna",
        "public_transport": "stop_position",
        "railway": "stop",
        "ref": "2",
        "train": "yes"
      },
      "geometry": {
        "type": "Point",
        "coordinates": [
          4.8112468,
          52.8676536
        ]
      },
      "id": "node/47547457"
    },
    {
      "type": "Feature",
      "properties": {
        "@id": "node/47565148",
        "name": "Wolvega",
        "public_transport": "stop_position",
        "railway": "stop",
        "ref": "3",
        "train": "yes"
      },
      "geometry": {
        "type": "Point",
        "coordinates": [
          6.0048122,
          52.8802572
        ]
      },
      "id": "node/47565148"
    },
    {
      "type": "Feature",
      "properties": {
        "@id": "node/47576151",
        "name": "Stavoren",
        "public_transport": "stop_position",
        "railway": "stop",
        "ref": "1",
        "train": "yes"
      },
      "geometry": {
        "type": "Point",
        "coordinates": [
          5.359448,
          52.8866323
        ]
      },
      "id": "node/47576151"
    },
    {
      "type": "Feature",
      "properties": {
        "@id": "node/47597865",
        "name": "Koudum-Molkwerum",
        "public_transport": "stop_position",
        "ref": "1",
        "train": "yes"
      },
      "geometry": {
        "type": "Point",
        "coordinates": [
          5.4108617,
          52.9027745
        ]
      },
      "id": "node/47597865"
    },
    {
      "type": "Feature",
      "properties": {
        "@id": "node/47654420",
        "name": "Hindeloopen",
        "public_transport": "stop_position",
        "ref": "1",
        "train": "yes"
      },
      "geometry": {
        "type": "Point",
        "coordinates": [
          5.4231524,
          52.9464427
        ]
      },
      "id": "node/47654420"
    },
    {
      "type": "Feature",
      "properties": {
        "@id": "node/47670218",
        "name": "Den Helder",
        "public_transport": "station",
        "railway": "station",
        "railway:ref": "Hdr",
        "train": "yes",
        "wheelchair": "yes",
        "wikidata": "Q800655",
        "wikipedia": "nl:Station Den Helder",
        "zone": "3400"
      },
      "geometry": {
        "type": "Point",
        "coordinates": [
          4.7606663,
          52.9568469
        ]
      },
      "id": "node/47670218"
    },
    {
      "type": "Feature",
      "properties": {
        "@id": "node/47694350",
        "name": "Workum",
        "public_transport": "stop_position",
        "railway": "stop",
        "ref": "2",
        "train": "yes"
      },
      "geometry": {
        "type": "Point",
        "coordinates": [
          5.4564369,
          52.9719476
        ]
      },
      "id": "node/47694350"
    },
    {
      "type": "Feature",
      "properties": {
        "@id": "node/47729028",
        "name": "Stadskanaal",
        "operator": "Stichting Stadskanaal Rail",
        "public_transport": "station",
        "railway": "station",
        "railway:ref": "Skn",
        "toilets:wheelchair": "yes",
        "train": "yes",
        "usage": "tourism",
        "wheelchair": "limited",
        "wikidata": "Q2996673",
        "wikimedia_commons": "Category:Station Stadskanaal",
        "wikipedia": "nl:Station Stadskanaal",
        "zone": "1270"
      },
      "geometry": {
        "type": "Point",
        "coordinates": [
          6.9356835,
          52.996217
        ]
      },
      "id": "node/47729028"
    },
    {
      "type": "Feature",
      "properties": {
        "@id": "node/47761065",
        "name": "IJlst",
        "public_transport": "stop_position",
        "railway": "stop",
        "ref": "1",
        "train": "yes"
      },
      "geometry": {
        "type": "Point",
        "coordinates": [
          5.6159999,
          53.0147102
        ]
      },
      "id": "node/47761065"
    },
    {
      "type": "Feature",
      "properties": {
        "@id": "node/47790208",
        "name": "Sneek",
        "name:fy": "Snits",
        "public_transport": "stop_position",
        "railway": "stop",
        "ref": "1",
        "train": "yes"
      },
      "geometry": {
        "type": "Point",
        "coordinates": [
          5.6518407,
          53.0326433
        ]
      },
      "id": "node/47790208"
    },
    {
      "type": "Feature",
      "properties": {
        "@id": "node/47806748",
        "name": "Sneek Noord",
        "name:fy": "Snits Noard",
        "public_transport": "stop_position",
        "railway": "stop",
        "ref": "1",
        "train": "yes"
      },
      "geometry": {
        "type": "Point",
        "coordinates": [
          5.6627601,
          53.0401246
        ]
      },
      "id": "node/47806748"
    },
    {
      "type": "Feature",
      "properties": {
        "@id": "node/47823324",
        "name": "Akkrum",
        "public_transport": "stop_position",
        "railway": "stop",
        "ref": "3",
        "train": "yes"
      },
      "geometry": {
        "type": "Point",
        "coordinates": [
          5.8434338,
          53.0473721
        ]
      },
      "id": "node/47823324"
    },
    {
      "type": "Feature",
      "properties": {
        "@id": "node/47920693",
        "name": "Grou-Jirnsum",
        "public_transport": "stop_position",
        "railway": "stop",
        "ref": "1",
        "train": "yes"
      },
      "geometry": {
        "type": "Point",
        "coordinates": [
          5.82237,
          53.0897787
        ]
      },
      "id": "node/47920693"
    },
    {
      "type": "Feature",
      "properties": {
        "@id": "node/48005542",
        "name": "Mantgum",
        "public_transport": "stop_position",
        "railway": "stop",
        "ref": "2",
        "train": "yes"
      },
      "geometry": {
        "type": "Point",
        "coordinates": [
          5.7132316,
          53.1297434
        ]
      },
      "id": "node/48005542"
    },
    {
      "type": "Feature",
      "properties": {
        "@id": "node/48012100",
        "name": "Mantgum",
        "public_transport": "stop_position",
        "railway": "stop",
        "ref": "1",
        "train": "yes"
      },
      "geometry": {
        "type": "Point",
        "coordinates": [
          5.7132977,
          53.12973
        ]
      },
      "id": "node/48012100"
    },
    {
      "type": "Feature",
      "properties": {
        "@id": "node/48025499",
        "name": "Winschoten",
        "public_transport": "stop_position",
        "railway": "stop",
        "ref": "2",
        "train": "yes"
      },
      "geometry": {
        "type": "Point",
        "coordinates": [
          7.0357539,
          53.1390934
        ]
      },
      "id": "node/48025499"
    },
    {
      "type": "Feature",
      "properties": {
        "@id": "node/48025691",
        "name": "Winschoten",
        "public_transport": "stop_position",
        "railway": "stop",
        "ref": "1",
        "train": "yes"
      },
      "geometry": {
        "type": "Point",
        "coordinates": [
          7.0357811,
          53.1391673
        ]
      },
      "id": "node/48025691"
    },
    {
      "type": "Feature",
      "properties": {
        "@id": "node/48074379",
        "name": "Zuidbroek",
        "public_transport": "stop_position",
        "ref": "1",
        "train": "yes"
      },
      "geometry": {
        "type": "Point",
        "coordinates": [
          6.8662976,
          53.1592694
        ]
      },
      "id": "node/48074379"
    },
    {
      "type": "Feature",
      "properties": {
        "@id": "node/48075594",
        "name": "Hoogezand-Sappemeer",
        "public_transport": "stop_position",
        "railway": "stop",
        "ref": "1",
        "train": "yes"
      },
      "geometry": {
        "type": "Point",
        "coordinates": [
          6.7710138,
          53.1597689
        ]
      },
      "id": "node/48075594"
    },
    {
      "type": "Feature",
      "properties": {
        "@id": "node/48077931",
        "name": "Martenshoek",
        "public_transport": "stop_position",
        "railway": "stop",
        "ref": "2",
        "train": "yes"
      },
      "geometry": {
        "type": "Point",
        "coordinates": [
          6.7404141,
          53.1607916
        ]
      },
      "id": "node/48077931"
    },
    {
      "type": "Feature",
      "properties": {
        "@id": "node/48079554",
        "name": "Kropswolde",
        "public_transport": "stop_position",
        "railway": "stop",
        "ref": "2",
        "train": "yes"
      },
      "geometry": {
        "type": "Point",
        "coordinates": [
          6.7237659,
          53.1614575
        ]
      },
      "id": "node/48079554"
    },
    {
      "type": "Feature",
      "properties": {
        "@id": "node/48080064",
        "name": "Kropswolde",
        "public_transport": "stop_position",
        "railway": "stop",
        "ref": "1",
        "train": "yes"
      },
      "geometry": {
        "type": "Point",
        "coordinates": [
          6.7220983,
          53.1617455
        ]
      },
      "id": "node/48080064"
    },
    {
      "type": "Feature",
      "properties": {
        "@id": "node/48089731",
        "name": "Scheemda",
        "public_transport": "stop_position",
        "railway": "stop",
        "ref": "1",
        "train": "yes"
      },
      "geometry": {
        "type": "Point",
        "coordinates": [
          6.9781506,
          53.165366
        ]
      },
      "id": "node/48089731"
    },
    {
      "type": "Feature",
      "properties": {
        "@id": "node/48090436",
        "name": "Scheemda",
        "public_transport": "stop_position",
        "railway": "stop",
        "ref": "2",
        "train": "yes"
      },
      "geometry": {
        "type": "Point",
        "coordinates": [
          6.9780122,
          53.1653541
        ]
      },
      "id": "node/48090436"
    },
    {
      "type": "Feature",
      "properties": {
        "@id": "node/48100676",
        "name": "Harlingen",
        "public_transport": "stop_position",
        "ref": "1",
        "train": "yes"
      },
      "geometry": {
        "type": "Point",
        "coordinates": [
          5.425203,
          53.1704228
        ]
      },
      "id": "node/48100676"
    },
    {
      "type": "Feature",
      "properties": {
        "@id": "node/48105668",
        "name": "Harlingen Haven",
        "public_transport": "stop_position",
        "ref": "1",
        "train": "yes"
      },
      "geometry": {
        "type": "Point",
        "coordinates": [
          5.4114144,
          53.1747483
        ]
      },
      "id": "node/48105668"
    },
    {
      "type": "Feature",
      "properties": {
        "@id": "node/48117442",
        "name": "Dronryp",
        "public_transport": "stop_position",
        "ref": "1",
        "train": "yes"
      },
      "geometry": {
        "type": "Point",
        "coordinates": [
          5.6347669,
          53.177746
        ]
      },
      "id": "node/48117442"
    },
    {
      "type": "Feature",
      "properties": {
        "@id": "node/48128425",
        "name": "Franeker",
        "public_transport": "stop_position",
        "ref": "1",
        "train": "yes"
      },
      "geometry": {
        "type": "Point",
        "coordinates": [
          5.5498535,
          53.1824313
        ]
      },
      "id": "node/48128425"
    },
    {
      "type": "Feature",
      "properties": {
        "@id": "node/48134299",
        "name": "Bad Nieuweschans",
        "name:de": "Bad Neuschanz",
        "public_transport": "stop_position",
        "ref": "1",
        "train": "yes"
      },
      "geometry": {
        "type": "Point",
        "coordinates": [
          7.2003842,
          53.1847076
        ]
      },
      "id": "node/48134299"
    },
    {
      "type": "Feature",
      "properties": {
        "@id": "node/48144596",
        "name": "Deinum",
        "public_transport": "stop_position",
        "railway": "stop",
        "ref": "1",
        "train": "yes"
      },
      "geometry": {
        "type": "Point",
        "coordinates": [
          5.7280676,
          53.1887339
        ]
      },
      "id": "node/48144596"
    },
    {
      "type": "Feature",
      "properties": {
        "@id": "node/48162487",
        "name": "Leeuwarden",
        "public_transport": "station",
        "railway": "station",
        "railway:ref": "Lw",
        "toilets:wheelchair": "yes",
        "train": "yes",
        "wheelchair": "yes",
        "wikidata": "Q17944",
        "wikipedia": "nl:Station Leeuwarden",
        "zone": "2000"
      },
      "geometry": {
        "type": "Point",
        "coordinates": [
          5.7929849,
          53.1964772
        ]
      },
      "id": "node/48162487"
    },
    {
      "type": "Feature",
      "properties": {
        "@id": "node/48176525",
        "name": "Leeuwarden Camminghaburen",
        "public_transport": "stop_position",
        "railway": "stop",
        "ref": "1",
        "train": "yes"
      },
      "geometry": {
        "type": "Point",
        "coordinates": [
          5.8424645,
          53.2021033
        ]
      },
      "id": "node/48176525"
    },
    {
      "type": "Feature",
      "properties": {
        "@id": "node/48236798",
        "addr:country": "NL",
        "name": "Groningen Noord",
        "public_transport": "stop_position",
        "railway": "stop",
        "ref": "1",
        "train": "yes"
      },
      "geometry": {
        "type": "Point",
        "coordinates": [
          6.5563013,
          53.2298432
        ]
      },
      "id": "node/48236798"
    },
    {
      "type": "Feature",
      "properties": {
        "@id": "node/48247583",
        "name": "Feanwâlden",
        "public_transport": "stop_position",
        "railway": "stop",
        "ref": "1",
        "train": "yes"
      },
      "geometry": {
        "type": "Point",
        "coordinates": [
          5.9896977,
          53.2350899
        ]
      },
      "id": "node/48247583"
    },
    {
      "type": "Feature",
      "properties": {
        "@id": "node/48275352",
        "description": "Leeuwarden - Groningen",
        "name": "Zuidhorn",
        "public_transport": "stop_position",
        "railway": "stop",
        "ref": "2",
        "train": "yes"
      },
      "geometry": {
        "type": "Point",
        "coordinates": [
          6.4069442,
          53.2481128
        ]
      },
      "id": "node/48275352"
    },
    {
      "type": "Feature",
      "properties": {
        "@id": "node/48275465",
        "name": "De Westereen",
        "public_transport": "stop_position",
        "ref": "1",
        "train": "yes"
      },
      "geometry": {
        "type": "Point",
        "coordinates": [
          6.0354693,
          53.2483052
        ]
      },
      "id": "node/48275465"
    },
    {
      "type": "Feature",
      "properties": {
        "@id": "node/48289857",
        "name": "Grijpskerk",
        "public_transport": "stop_position",
        "ref": "1",
        "train": "yes"
      },
      "geometry": {
        "type": "Point",
        "coordinates": [
          6.3098788,
          53.2558044
        ]
      },
      "id": "node/48289857"
    },
    {
      "type": "Feature",
      "properties": {
        "@id": "node/48291121",
        "description": "Leeuwarden - Groningen",
        "name": "Buitenpost",
        "public_transport": "stop_position",
        "railway": "stop",
        "ref": "2",
        "train": "yes"
      },
      "geometry": {
        "type": "Point",
        "coordinates": [
          6.1447974,
          53.2564266
        ]
      },
      "id": "node/48291121"
    },
    {
      "type": "Feature",
      "properties": {
        "@id": "node/48336499",
        "name": "Sauwerd",
        "public_transport": "stop_position",
        "railway": "stop",
        "ref": "2",
        "train": "yes"
      },
      "geometry": {
        "type": "Point",
        "coordinates": [
          6.5404525,
          53.2915948
        ]
      },
      "id": "node/48336499"
    },
    {
      "type": "Feature",
      "properties": {
        "@id": "node/48358465",
        "name": "Bedum",
        "public_transport": "stop_position",
        "railway": "stop",
        "ref": "1",
        "train": "yes"
      },
      "geometry": {
        "type": "Point",
        "coordinates": [
          6.5927108,
          53.306889
        ]
      },
      "id": "node/48358465"
    },
    {
      "type": "Feature",
      "properties": {
        "@id": "node/48387592",
        "name": "Appingedam",
        "public_transport": "station",
        "railway": "station",
        "railway:ref": "Apg",
        "train": "yes",
        "wheelchair": "yes",
        "wikidata": "Q970342",
        "wikipedia": "nl:Station Appingedam",
        "zone": "1050"
      },
      "geometry": {
        "type": "Point",
        "coordinates": [
          6.862006,
          53.3257678
        ]
      },
      "id": "node/48387592"
    },
    {
      "type": "Feature",
      "properties": {
        "@id": "node/48388349",
        "name": "Stedum",
        "public_transport": "stop_position",
        "ref": "1",
        "train": "yes"
      },
      "geometry": {
        "type": "Point",
        "coordinates": [
          6.6874766,
          53.3263359
        ]
      },
      "id": "node/48388349"
    },
    {
      "type": "Feature",
      "properties": {
        "@id": "node/48388850",
        "name": "Stedum",
        "public_transport": "stop_position",
        "ref": "2",
        "train": "yes"
      },
      "geometry": {
        "type": "Point",
        "coordinates": [
          6.6874427,
          53.326395
        ]
      },
      "id": "node/48388850"
    },
    {
      "type": "Feature",
      "properties": {
        "@id": "node/48393825",
        "name": "Winsum",
        "public_transport": "stop_position",
        "ref": "2",
        "train": "yes"
      },
      "geometry": {
        "type": "Point",
        "coordinates": [
          6.52019,
          53.3301542
        ]
      },
      "id": "node/48393825"
    },
    {
      "type": "Feature",
      "properties": {
        "@id": "node/48394679",
        "name": "Winsum",
        "public_transport": "stop_position",
        "ref": "1",
        "train": "yes"
      },
      "geometry": {
        "type": "Point",
        "coordinates": [
          6.5203921,
          53.3301719
        ]
      },
      "id": "node/48394679"
    },
    {
      "type": "Feature",
      "properties": {
        "@id": "node/48397300",
        "name": "Delfzijl West",
        "old_name": "Delfzijl Noord",
        "public_transport": "stop_position",
        "ref": "1",
        "train": "yes"
      },
      "geometry": {
        "type": "Point",
        "coordinates": [
          6.9069836,
          53.3319844
        ]
      },
      "id": "node/48397300"
    },
    {
      "type": "Feature",
      "properties": {
        "@id": "node/48402309",
        "name": "Loppersum",
        "public_transport": "stop_position",
        "railway": "stop",
        "ref": "2",
        "train": "yes",
        "wheelchair": "yes"
      },
      "geometry": {
        "type": "Point",
        "coordinates": [
          6.7473852,
          53.3348209
        ]
      },
      "id": "node/48402309"
    },
    {
      "type": "Feature",
      "properties": {
        "@id": "node/48430312",
        "name": "Baflo",
        "public_transport": "stop_position",
        "ref": "1",
        "train": "yes"
      },
      "geometry": {
        "type": "Point",
        "coordinates": [
          6.5188869,
          53.3610157
        ]
      },
      "id": "node/48430312"
    },
    {
      "type": "Feature",
      "properties": {
        "@id": "node/48458372",
        "name": "Warffum",
        "public_transport": "stop_position",
        "ref": "1",
        "train": "yes"
      },
      "geometry": {
        "type": "Point",
        "coordinates": [
          6.5668482,
          53.3900961
        ]
      },
      "id": "node/48458372"
    },
    {
      "type": "Feature",
      "properties": {
        "@id": "node/48458447",
        "name": "Warffum",
        "public_transport": "stop_position",
        "ref": "2",
        "train": "yes"
      },
      "geometry": {
        "type": "Point",
        "coordinates": [
          6.5667767,
          53.3901358
        ]
      },
      "id": "node/48458447"
    },
    {
      "type": "Feature",
      "properties": {
        "@id": "node/48467986",
        "name": "Usquert",
        "public_transport": "stop_position",
        "railway": "stop",
        "ref": "1",
        "train": "yes"
      },
      "geometry": {
        "type": "Point",
        "coordinates": [
          6.609438,
          53.4009373
        ]
      },
      "id": "node/48467986"
    },
    {
      "type": "Feature",
      "properties": {
        "@id": "node/48475359",
        "name": "Uithuizen",
        "public_transport": "stop_position",
        "railway": "stop",
        "ref": "1",
        "train": "yes"
      },
      "geometry": {
        "type": "Point",
        "coordinates": [
          6.6748391,
          53.4096488
        ]
      },
      "id": "node/48475359"
    },
    {
      "type": "Feature",
      "properties": {
        "@id": "node/48478158",
        "name": "Uithuizermeeden",
        "public_transport": "stop_position",
        "railway": "stop",
        "ref": "2",
        "train": "yes"
      },
      "geometry": {
        "type": "Point",
        "coordinates": [
          6.7203372,
          53.4139668
        ]
      },
      "id": "node/48478158"
    },
    {
      "type": "Feature",
      "properties": {
        "@id": "node/64945390",
        "name": "Amsterdam Sloterdijk",
        "public_transport": "stop_position",
        "railway": "stop",
        "railway:ref": "Ass",
        "ref": "11",
        "train": "yes"
      },
      "geometry": {
        "type": "Point",
        "coordinates": [
          4.8379675,
          52.3892422
        ]
      },
      "id": "node/64945390"
    },
    {
      "type": "Feature",
      "properties": {
        "@id": "node/80059650",
        "name": "Groningen Europapark",
        "public_transport": "stop_position",
        "railway": "stop",
        "ref": "1",
        "train": "yes"
      },
      "geometry": {
        "type": "Point",
        "coordinates": [
          6.5858377,
          53.2047201
        ]
      },
      "id": "node/80059650"
    },
    {
      "type": "Feature",
      "properties": {
        "@id": "node/123602293",
        "name": "Amsterdam Sloterdijk",
        "public_transport": "stop_position",
        "railway": "stop",
        "railway:ref": "Ass",
        "ref": "12",
        "train": "yes"
      },
      "geometry": {
        "type": "Point",
        "coordinates": [
          4.8382021,
          52.3892381
        ]
      },
      "id": "node/123602293"
    },
    {
      "type": "Feature",
      "properties": {
        "@id": "node/193891069",
        "name": "Helmond Brandevoort",
        "public_transport": "stop_position",
        "railway": "stop",
        "railway:ref": "Hmbv",
        "ref": "1",
        "train": "yes"
      },
      "geometry": {
        "type": "Point",
        "coordinates": [
          5.6086696,
          51.4624418
        ]
      },
      "id": "node/193891069"
    },
    {
      "type": "Feature",
      "properties": {
        "@id": "node/230040193",
        "name": "Tiel Passewaaij",
        "public_transport": "station",
        "railway": "station",
        "railway:ref": "Tpsw",
        "train": "yes",
        "website": "https://www.ns.nl/stationsinformatie/tpsw/tiel-passewaaij",
        "wikidata": "Q2746253",
        "wikipedia": "nl:Station Tiel Passewaaij",
        "zone": "6131"
      },
      "geometry": {
        "type": "Point",
        "coordinates": [
          5.3918894,
          51.8736724
        ]
      },
      "id": "node/230040193"
    },
    {
      "type": "Feature",
      "properties": {
        "@id": "node/232079045",
        "name": "Vleuten",
        "public_transport": "station",
        "railway": "station",
        "railway:ref": "Vtn",
        "train": "yes",
        "website": "https://www.ns.nl/stationsinformatie/vtn/vleuten",
        "wheelchair": "yes",
        "wikidata": "Q2222369",
        "wikipedia": "nl:Station Vleuten"
      },
      "geometry": {
        "type": "Point",
        "coordinates": [
          5.0076189,
          52.1029729
        ]
      },
      "id": "node/232079045"
    },
    {
      "type": "Feature",
      "properties": {
        "@id": "node/250233810",
        "loc_name": "Holendrecht",
        "name": "Amsterdam Holendrecht",
        "network": "Hoofdrailnet Nederland;Amsterdamse metro",
        "network:subway": "Amsterdamse metro",
        "network:train": "Hoofdrailnet Nederland",
        "operator": "Nederlandse Spoorwegen;GVB",
        "operator:subway": "GVB",
        "operator:train": "Nederlandse Spoorwegen",
        "public_transport": "station",
        "railway": "station",
        "railway:ref": "Ashd",
        "start_date": "1977-10-14",
        "start_date:train": "2008-12-14",
        "station": "train;subway",
        "subway": "yes",
        "train": "yes",
        "website": "https://www.ns.nl/stationsinformatie/ashd/amsterdam-holendrecht",
        "wheelchair": "yes",
        "wikidata": "Q800381",
        "wikimedia_commons": "Category:Station Amsterdam Holendrecht",
        "wikipedia": "nl:Station Amsterdam Holendrecht",
        "zone": "5725"
      },
      "geometry": {
        "type": "Point",
        "coordinates": [
          4.9601712,
          52.2979886
        ]
      },
      "id": "node/250233810"
    },
    {
      "type": "Feature",
      "properties": {
        "@id": "node/256082288",
        "name": "Boekelo",
        "operator": "Museum Buurtspoorweg",
        "public_transport": "stop_position",
        "train": "yes"
      },
      "geometry": {
        "type": "Point",
        "coordinates": [
          6.8010099,
          52.2048653
        ]
      },
      "id": "node/256082288"
    },
    {
      "type": "Feature",
      "properties": {
        "@id": "node/257175282",
        "name": "Amsterdam Sloterdijk",
        "public_transport": "stop_position",
        "railway": "stop",
        "railway:ref": "Ass",
        "ref": "9",
        "train": "yes"
      },
      "geometry": {
        "type": "Point",
        "coordinates": [
          4.8369415,
          52.3875573
        ]
      },
      "id": "node/257175282"
    },
    {
      "type": "Feature",
      "properties": {
        "@id": "node/257175301",
        "name": "Amsterdam Sloterdijk",
        "public_transport": "stop_position",
        "railway": "stop",
        "railway:ref": "Ass",
        "ref": "10",
        "train": "yes",
        "zone": "5713"
      },
      "geometry": {
        "type": "Point",
        "coordinates": [
          4.8367449,
          52.3874692
        ]
      },
      "id": "node/257175301"
    },
    {
      "type": "Feature",
      "properties": {
        "@id": "node/264003259",
        "local_ref": "3",
        "name": "Amsterdam Bijlmer ArenA",
        "public_transport": "stop_position",
        "railway": "stop",
        "ref": "3",
        "train": "yes"
      },
      "geometry": {
        "type": "Point",
        "coordinates": [
          4.9470131,
          52.3125444
        ]
      },
      "id": "node/264003259"
    },
    {
      "type": "Feature",
      "properties": {
        "@id": "node/288151822",
        "name": "Schiedam Centrum",
        "public_transport": "stop_position",
        "railway": "stop",
        "railway:ref": "Sdm",
        "ref": "3",
        "train": "yes"
      },
      "geometry": {
        "type": "Point",
        "coordinates": [
          4.4094723,
          51.9219305
        ]
      },
      "id": "node/288151822"
    },
    {
      "type": "Feature",
      "properties": {
        "@id": "node/292549542",
        "name": "Purmerend Weidevenne",
        "public_transport": "stop_position",
        "railway": "stop",
        "ref": "1",
        "train": "yes"
      },
      "geometry": {
        "type": "Point",
        "coordinates": [
          4.9350135,
          52.4963937
        ]
      },
      "id": "node/292549542"
    },
    {
      "type": "Feature",
      "properties": {
        "@id": "node/296969125",
        "name": "Amersfoort Vathorst",
        "public_transport": "stop_position",
        "railway": "stop",
        "railway:ref": "Avat",
        "ref": "3",
        "train": "yes"
      },
      "geometry": {
        "type": "Point",
        "coordinates": [
          5.4336789,
          52.1924632
        ]
      },
      "id": "node/296969125"
    },
    {
      "type": "Feature",
      "properties": {
        "@id": "node/298914997",
        "name": "Tilburg Reeshof",
        "public_transport": "stop_position",
        "railway": "stop",
        "railway:ref": "Tbr",
        "ref": "2",
        "train": "yes",
        "wikidata": "Q2693229",
        "zone": "7308"
      },
      "geometry": {
        "type": "Point",
        "coordinates": [
          4.9934851,
          51.5736458
        ]
      },
      "id": "node/298914997"
    },
    {
      "type": "Feature",
      "properties": {
        "@id": "node/305809326",
        "name": "Venray",
        "public_transport": "stop_position",
        "railway": "stop",
        "railway:ref": "Vry",
        "ref": "2",
        "train": "yes"
      },
      "geometry": {
        "type": "Point",
        "coordinates": [
          6.0144265,
          51.5265452
        ]
      },
      "id": "node/305809326"
    },
    {
      "type": "Feature",
      "properties": {
        "@id": "node/320494336",
        "name": "Arnhem Zuid",
        "public_transport": "station",
        "railway": "station",
        "railway:ref": "Ahz",
        "train": "yes",
        "wikidata": "Q2527357",
        "wikipedia": "nl:Station Arnhem Zuid",
        "zone": "4001"
      },
      "geometry": {
        "type": "Point",
        "coordinates": [
          5.8519491,
          51.9544945
        ]
      },
      "id": "node/320494336"
    },
    {
      "type": "Feature",
      "properties": {
        "@id": "node/333295523",
        "name": "Zoetermeer Oost",
        "public_transport": "stop_position",
        "railway": "stop",
        "railway:ref": "Ztmo",
        "ref": "2",
        "train": "yes"
      },
      "geometry": {
        "type": "Point",
        "coordinates": [
          4.4918854,
          52.0463952
        ]
      },
      "id": "node/333295523"
    },
    {
      "type": "Feature",
      "properties": {
        "@id": "node/339177719",
        "name": "Gouda",
        "public_transport": "stop_position",
        "railway": "stop",
        "railway:ref": "Gd",
        "ref": "8",
        "train": "yes"
      },
      "geometry": {
        "type": "Point",
        "coordinates": [
          4.7033283,
          52.017677
        ]
      },
      "id": "node/339177719"
    },
    {
      "type": "Feature",
      "properties": {
        "@id": "node/340009109",
        "name": "Apeldoorn De Maten",
        "operator": "Arriva",
        "public_transport": "stop_position",
        "railway": "stop",
        "ref": "1",
        "train": "yes"
      },
      "geometry": {
        "type": "Point",
        "coordinates": [
          6.0006119,
          52.2051555
        ]
      },
      "id": "node/340009109"
    },
    {
      "type": "Feature",
      "properties": {
        "@id": "node/364712203",
        "name": "Bunde",
        "public_transport": "stop_position",
        "railway": "stop",
        "railway:ref": "Bde",
        "ref": "2",
        "train": "yes"
      },
      "geometry": {
        "type": "Point",
        "coordinates": [
          5.7367567,
          50.8964511
        ]
      },
      "id": "node/364712203"
    },
    {
      "type": "Feature",
      "properties": {
        "@id": "node/371378091",
        "name": "Voorst-Empe",
        "public_transport": "stop_position",
        "ref": "1",
        "train": "yes"
      },
      "geometry": {
        "type": "Point",
        "coordinates": [
          6.1438932,
          52.1574982
        ]
      },
      "id": "node/371378091"
    },
    {
      "type": "Feature",
      "properties": {
        "@id": "node/382406682",
        "name": "Apeldoorn Osseveld",
        "public_transport": "stop_position",
        "railway": "stop",
        "ref": "1",
        "train": "yes"
      },
      "geometry": {
        "type": "Point",
        "coordinates": [
          6.0061201,
          52.2157148
        ]
      },
      "id": "node/382406682"
    },
    {
      "type": "Feature",
      "properties": {
        "@id": "node/385535300",
        "name": "Twello",
        "public_transport": "stop_position",
        "ref": "1",
        "train": "yes"
      },
      "geometry": {
        "type": "Point",
        "coordinates": [
          6.1007137,
          52.2383079
        ]
      },
      "id": "node/385535300"
    },
    {
      "type": "Feature",
      "properties": {
        "@id": "node/390856543",
        "name": "Zaltbommel",
        "public_transport": "stop_position",
        "railway": "stop",
        "railway:ref": "Zbm",
        "ref": "1",
        "train": "yes"
      },
      "geometry": {
        "type": "Point",
        "coordinates": [
          5.263409,
          51.8078374
        ]
      },
      "id": "node/390856543"
    },
    {
      "type": "Feature",
      "properties": {
        "@id": "node/392698113",
        "name": "Mook Molenhoek",
        "public_transport": "stop_position",
        "railway": "stop",
        "railway:ref": "Mmlh",
        "ref": "1",
        "train": "yes"
      },
      "geometry": {
        "type": "Point",
        "coordinates": [
          5.8788202,
          51.7662754
        ]
      },
      "id": "node/392698113"
    },
    {
      "type": "Feature",
      "properties": {
        "@id": "node/402952540",
        "name": "Rotterdam Centraal",
        "public_transport": "stop_position",
        "railway": "stop",
        "railway:ref": "Rtd",
        "railway:ref:NMBS/SNCB": "XNRTD",
        "ref": "8",
        "train": "yes",
        "wikidata": "Q801388",
        "wikipedia": "nl:Station Rotterdam Centraal"
      },
      "geometry": {
        "type": "Point",
        "coordinates": [
          4.4689283,
          51.9250161
        ]
      },
      "id": "node/402952540"
    },
    {
      "type": "Feature",
      "properties": {
        "@id": "node/412959436",
        "level": "1",
        "name": "Amsterdam Centraal",
        "public_transport": "stop_position",
        "railway": "stop",
        "ref": "11a",
        "train": "yes"
      },
      "geometry": {
        "type": "Point",
        "coordinates": [
          4.8996047,
          52.3795172
        ]
      },
      "id": "node/412959436"
    },
    {
      "type": "Feature",
      "properties": {
        "@id": "node/412959512",
        "level": "1",
        "name": "Amsterdam Centraal",
        "public_transport": "stop_position",
        "railway": "stop",
        "ref": "2a",
        "train": "yes"
      },
      "geometry": {
        "type": "Point",
        "coordinates": [
          4.8991803,
          52.3790494
        ]
      },
      "id": "node/412959512"
    },
    {
      "type": "Feature",
      "properties": {
        "@id": "node/412959517",
        "level": "1",
        "name": "Amsterdam Centraal",
        "public_transport": "stop_position",
        "railway": "stop",
        "ref": "4b",
        "train": "yes"
      },
      "geometry": {
        "type": "Point",
        "coordinates": [
          4.9009082,
          52.3785033
        ]
      },
      "id": "node/412959517"
    },
    {
      "type": "Feature",
      "properties": {
        "@id": "node/413622007",
        "name": "Diemen",
        "public_transport": "stop_position",
        "railway": "stop",
        "ref": "2",
        "train": "yes"
      },
      "geometry": {
        "type": "Point",
        "coordinates": [
          4.9662255,
          52.3456234
        ]
      },
      "id": "node/413622007"
    },
    {
      "type": "Feature",
      "properties": {
        "@id": "node/413622090",
        "name": "Amsterdam Science Park",
        "public_transport": "stop_position",
        "railway": "stop",
        "ref": "1",
        "train": "yes",
        "wikimedia_commons": "Category:Station Amsterdam Science Park"
      },
      "geometry": {
        "type": "Point",
        "coordinates": [
          4.9482955,
          52.3529095
        ]
      },
      "id": "node/413622090"
    },
    {
      "type": "Feature",
      "properties": {
        "@id": "node/471756345",
        "name": "Krommenie-Assendelft",
        "public_transport": "stop_position",
        "railway": "stop",
        "ref": "2",
        "train": "yes"
      },
      "geometry": {
        "type": "Point",
        "coordinates": [
          4.7551996,
          52.4949358
        ]
      },
      "id": "node/471756345"
    },
    {
      "type": "Feature",
      "properties": {
        "@id": "node/506074552",
        "name": "Alphen aan den Rijn",
        "public_transport": "stop_position",
        "railway": "stop",
        "railway:ref": "Apn",
        "ref": "2",
        "train": "yes"
      },
      "geometry": {
        "type": "Point",
        "coordinates": [
          4.6572276,
          52.124782
        ]
      },
      "id": "node/506074552"
    },
    {
      "type": "Feature",
      "properties": {
        "@id": "node/560140743",
        "name": "Tiel",
        "public_transport": "station",
        "railway": "station",
        "railway:ref": "Tl",
        "train": "yes",
        "website": "https://www.ns.nl/stationsinformatie/tl/tiel",
        "wheelchair": "yes",
        "wikidata": "Q3097879",
        "wikipedia": "nl:Station Tiel",
        "zone": "6141"
      },
      "geometry": {
        "type": "Point",
        "coordinates": [
          5.4232131,
          51.8896753
        ]
      },
      "id": "node/560140743"
    },
    {
      "type": "Feature",
      "properties": {
        "@id": "node/560815214",
        "name": "Nijmegen Heyendaal",
        "public_transport": "stop_position",
        "railway": "stop",
        "railway:ref": "Nmh",
        "ref": "1",
        "train": "yes"
      },
      "geometry": {
        "type": "Point",
        "coordinates": [
          5.8678616,
          51.8268047
        ]
      },
      "id": "node/560815214"
    },
    {
      "type": "Feature",
      "properties": {
        "@id": "node/563801521",
        "name": "Duivendrecht",
        "public_transport": "stop_position",
        "railway": "stop",
        "ref": "4",
        "train": "yes"
      },
      "geometry": {
        "type": "Point",
        "coordinates": [
          4.9363673,
          52.3237168
        ]
      },
      "id": "node/563801521"
    },
    {
      "type": "Feature",
      "properties": {
        "@id": "node/563874508",
        "name": "Almere Oostvaarders",
        "public_transport": "station",
        "railway": "station",
        "railway:ref": "Almo",
        "train": "yes",
        "wikidata": "Q510622",
        "wikipedia": "nl:Station Almere Oostvaarders",
        "zone": "5875"
      },
      "geometry": {
        "type": "Point",
        "coordinates": [
          5.3006021,
          52.4032804
        ]
      },
      "id": "node/563874508"
    },
    {
      "type": "Feature",
      "properties": {
        "@id": "node/564110582",
        "name": "Utrecht Overvecht",
        "public_transport": "stop_position",
        "railway": "stop",
        "railway:ref": "Uto",
        "ref": "2",
        "train": "yes"
      },
      "geometry": {
        "type": "Point",
        "coordinates": [
          5.1255235,
          52.110023
        ]
      },
      "id": "node/564110582"
    },
    {
      "type": "Feature",
      "properties": {
        "@id": "node/564177425",
        "name": "Wijchen",
        "public_transport": "station",
        "railway": "station",
        "railway:ref": "Wc",
        "train": "yes",
        "wikidata": "Q1931309",
        "wikipedia": "nl:Station Wijchen",
        "zone": "6124"
      },
      "geometry": {
        "type": "Point",
        "coordinates": [
          5.7297547,
          51.8112191
        ]
      },
      "id": "node/564177425"
    },
    {
      "type": "Feature",
      "properties": {
        "@id": "node/581247510",
        "name": "Hoorn Kersenboogerd",
        "public_transport": "stop_position",
        "railway": "stop",
        "ref": "1",
        "train": "yes"
      },
      "geometry": {
        "type": "Point",
        "coordinates": [
          5.0850513,
          52.6534404
        ]
      },
      "id": "node/581247510"
    },
    {
      "type": "Feature",
      "properties": {
        "@id": "node/611318371",
        "name": "Vierlingsbeek",
        "public_transport": "stop_position",
        "railway": "stop",
        "railway:ref": "Vlb",
        "ref": "2",
        "train": "yes"
      },
      "geometry": {
        "type": "Point",
        "coordinates": [
          5.9971503,
          51.5918763
        ]
      },
      "id": "node/611318371"
    },
    {
      "type": "Feature",
      "properties": {
        "@id": "node/635300176",
        "layer": "2",
        "name": "Dronten",
        "operator": "ProRail",
        "public_transport": "station",
        "railway": "station",
        "railway:ref": "Dron",
        "train": "yes",
        "wheelchair": "yes",
        "wikidata": "Q2271938",
        "wikipedia": "nl:Station Dronten"
      },
      "geometry": {
        "type": "Point",
        "coordinates": [
          5.7215719,
          52.5343316
        ]
      },
      "id": "node/635300176"
    },
    {
      "type": "Feature",
      "properties": {
        "@id": "node/693085424",
        "addr:city": "Geldrop",
        "addr:housenumber": "22",
        "addr:postcode": "5664AD",
        "addr:street": "Parallelweg",
        "name": "Geldrop",
        "public_transport": "station",
        "railway": "station",
        "railway:ref": "Gp",
        "source": "BAG",
        "source:date": "2014-05-20",
        "train": "yes",
        "website": "https://www.ns.nl/stationsinformatie/gp/geldrop",
        "wikidata": "Q2685303",
        "wikipedia": "nl:Station Geldrop"
      },
      "geometry": {
        "type": "Point",
        "coordinates": [
          5.5502017,
          51.420289
        ]
      },
      "id": "node/693085424"
    },
    {
      "type": "Feature",
      "properties": {
        "@id": "node/704153268",
        "name": "De Vink",
        "public_transport": "stop_position",
        "railway": "stop",
        "railway:ref": "Dvnk",
        "ref": "1",
        "train": "yes"
      },
      "geometry": {
        "type": "Point",
        "coordinates": [
          4.4561375,
          52.1472657
        ]
      },
      "id": "node/704153268"
    },
    {
      "type": "Feature",
      "properties": {
        "@id": "node/716881900",
        "name": "Geldermalsen",
        "public_transport": "stop_position",
        "railway": "stop",
        "railway:ref": "Gdm",
        "ref": "3",
        "train": "yes"
      },
      "geometry": {
        "type": "Point",
        "coordinates": [
          5.2715929,
          51.8826799
        ]
      },
      "id": "node/716881900"
    },
    {
      "type": "Feature",
      "properties": {
        "@id": "node/717412767",
        "name": "Opheusden",
        "public_transport": "stop_position",
        "railway": "stop",
        "railway:ref": "Op",
        "ref": "1",
        "train": "yes"
      },
      "geometry": {
        "type": "Point",
        "coordinates": [
          5.6368226,
          51.9261116
        ]
      },
      "id": "node/717412767"
    },
    {
      "type": "Feature",
      "properties": {
        "@id": "node/717522474",
        "name": "Gorinchem",
        "public_transport": "stop_position",
        "railway": "stop",
        "railway:ref": "Gr",
        "ref": "2",
        "train": "yes"
      },
      "geometry": {
        "type": "Point",
        "coordinates": [
          4.9677868,
          51.8339187
        ]
      },
      "id": "node/717522474"
    },
    {
      "type": "Feature",
      "properties": {
        "@id": "node/726296422",
        "name": "Eygelshoven Markt",
        "public_transport": "stop_position",
        "railway": "stop",
        "railway:ref": "Eghm",
        "train": "yes"
      },
      "geometry": {
        "type": "Point",
        "coordinates": [
          6.0578718,
          50.8960592
        ]
      },
      "id": "node/726296422"
    },
    {
      "type": "Feature",
      "properties": {
        "@id": "node/737323501",
        "name": "Meerssen",
        "public_transport": "stop_position",
        "railway": "stop",
        "railway:ref": "Mes",
        "ref": "2",
        "train": "yes"
      },
      "geometry": {
        "type": "Point",
        "coordinates": [
          5.7505858,
          50.8826329
        ]
      },
      "id": "node/737323501"
    },
    {
      "type": "Feature",
      "properties": {
        "@id": "node/751992465",
        "name": "Tegelen",
        "public_transport": "stop_position",
        "railway": "stop",
        "railway:ref": "Tg",
        "ref": "1",
        "train": "yes"
      },
      "geometry": {
        "type": "Point",
        "coordinates": [
          6.1431094,
          51.3391874
        ]
      },
      "id": "node/751992465"
    },
    {
      "type": "Feature",
      "properties": {
        "@id": "node/772826063",
        "name": "Maarheeze",
        "public_transport": "stop_position",
        "railway": "stop",
        "railway:ref": "Mz",
        "ref": "2",
        "train": "yes"
      },
      "geometry": {
        "type": "Point",
        "coordinates": [
          5.6304081,
          51.3041487
        ]
      },
      "id": "node/772826063"
    },
    {
      "type": "Feature",
      "properties": {
        "@id": "node/821254661",
        "name": "Heerenveen IJsstadion",
        "public_transport": "halt",
        "railway": "halt",
        "railway:ref": "Hry",
        "train": "yes",
        "wikidata": "Q2326678",
        "wikipedia": "nl:Halte Heerenveen IJsstadion"
      },
      "geometry": {
        "type": "Point",
        "coordinates": [
          5.9431983,
          52.9361531
        ]
      },
      "id": "node/821254661"
    },
    {
      "type": "Feature",
      "properties": {
        "@id": "node/825221409",
        "name": "Houten",
        "public_transport": "stop_position",
        "railway": "stop",
        "railway:ref": "Htn",
        "ref": "1",
        "train": "yes"
      },
      "geometry": {
        "type": "Point",
        "coordinates": [
          5.1680432,
          52.034338
        ]
      },
      "id": "node/825221409"
    },
    {
      "type": "Feature",
      "properties": {
        "@id": "node/895726668",
        "name": "Dordrecht",
        "public_transport": "stop_position",
        "railway": "stop",
        "railway:ref": "Ddr",
        "ref": "5",
        "train": "yes"
      },
      "geometry": {
        "type": "Point",
        "coordinates": [
          4.6684892,
          51.8070197
        ]
      },
      "id": "node/895726668"
    },
    {
      "type": "Feature",
      "properties": {
        "@id": "node/918622302",
        "name": "Bareveld",
        "operator": "Stichting Stadskanaal Rail",
        "public_transport": "station",
        "railway": "station",
        "railway:ref": "Brv",
        "train": "yes",
        "usage": "tourism",
        "wheelchair": "no",
        "wikidata": "Q13652595",
        "wikipedia": "nl:Halte Bareveld"
      },
      "geometry": {
        "type": "Point",
        "coordinates": [
          6.850223,
          53.0535756
        ]
      },
      "id": "node/918622302"
    },
    {
      "type": "Feature",
      "properties": {
        "@id": "node/918633134",
        "name": "Veendam",
        "operator": "Stichting Stadskanaal Rail",
        "public_transport": "station",
        "railway": "station",
        "railway:ref": "Vdm",
        "toilets:wheelchair": "yes",
        "train": "yes",
        "usage": "tourism",
        "wheelchair": "yes",
        "wikidata": "Q801555",
        "wikipedia": "nl:Station Veendam"
      },
      "geometry": {
        "type": "Point",
        "coordinates": [
          6.8849785,
          53.1039225
        ]
      },
      "id": "node/918633134"
    },
    {
      "type": "Feature",
      "properties": {
        "@id": "node/1013927703",
        "name": "Aalten",
        "public_transport": "stop_position",
        "ref": "2",
        "train": "yes"
      },
      "geometry": {
        "type": "Point",
        "coordinates": [
          6.5786722,
          51.9212369
        ]
      },
      "id": "node/1013927703"
    },
    {
      "type": "Feature",
      "properties": {
        "@id": "node/1023505428",
        "name": "Nijmegen",
        "public_transport": "stop_position",
        "railway": "stop",
        "railway:ref": "Nm",
        "ref": "4b",
        "train": "yes"
      },
      "geometry": {
        "type": "Point",
        "coordinates": [
          5.8519923,
          51.8428755
        ]
      },
      "id": "node/1023505428"
    },
    {
      "type": "Feature",
      "properties": {
        "@id": "node/1023505706",
        "name": "Nijmegen",
        "public_transport": "stop_position",
        "railway": "stop",
        "railway:ref": "Nm",
        "ref": "1b",
        "train": "yes"
      },
      "geometry": {
        "type": "Point",
        "coordinates": [
          5.8524163,
          51.8428653
        ]
      },
      "id": "node/1023505706"
    },
    {
      "type": "Feature",
      "properties": {
        "@id": "node/1023505932",
        "name": "Nijmegen",
        "public_transport": "stop_position",
        "railway": "stop",
        "railway:ref": "Nm",
        "ref": "3b",
        "train": "yes"
      },
      "geometry": {
        "type": "Point",
        "coordinates": [
          5.852292,
          51.842881
        ]
      },
      "id": "node/1023505932"
    },
    {
      "type": "Feature",
      "properties": {
        "@id": "node/1023505960",
        "name": "Nijmegen",
        "public_transport": "stop_position",
        "railway": "stop",
        "railway:ref": "Nm",
        "ref": "1a",
        "train": "yes"
      },
      "geometry": {
        "type": "Point",
        "coordinates": [
          5.8533434,
          51.8446996
        ]
      },
      "id": "node/1023505960"
    },
    {
      "type": "Feature",
      "properties": {
        "@id": "node/1023684593",
        "name": "Cuijk",
        "public_transport": "stop_position",
        "railway": "stop",
        "railway:ref": "Ck",
        "ref": "1",
        "train": "yes"
      },
      "geometry": {
        "type": "Point",
        "coordinates": [
          5.8739877,
          51.7271575
        ]
      },
      "id": "node/1023684593"
    },
    {
      "type": "Feature",
      "properties": {
        "@id": "node/1023684961",
        "name": "Cuijk",
        "public_transport": "stop_position",
        "railway": "stop",
        "railway:ref": "Ck",
        "ref": "3",
        "train": "yes"
      },
      "geometry": {
        "type": "Point",
        "coordinates": [
          5.8742011,
          51.7264921
        ]
      },
      "id": "node/1023684961"
    },
    {
      "type": "Feature",
      "properties": {
        "@id": "node/1023731907",
        "name": "Nijmegen Lent",
        "public_transport": "stop_position",
        "railway": "stop",
        "railway:ref": "Nml",
        "ref": "2",
        "train": "yes"
      },
      "geometry": {
        "type": "Point",
        "coordinates": [
          5.8596396,
          51.8626411
        ]
      },
      "id": "node/1023731907"
    },
    {
      "type": "Feature",
      "properties": {
        "@id": "node/1025057532",
        "name": "Zaltbommel",
        "public_transport": "stop_position",
        "railway": "stop",
        "railway:ref": "Zbm",
        "ref": "2",
        "train": "yes"
      },
      "geometry": {
        "type": "Point",
        "coordinates": [
          5.2633534,
          51.8078336
        ]
      },
      "id": "node/1025057532"
    },
    {
      "type": "Feature",
      "properties": {
        "@id": "node/1025379980",
        "name": "Geldermalsen",
        "public_transport": "stop_position",
        "railway": "stop",
        "railway:ref": "Gdm",
        "ref": "4",
        "train": "yes"
      },
      "geometry": {
        "type": "Point",
        "coordinates": [
          5.2712591,
          51.8826253
        ]
      },
      "id": "node/1025379980"
    },
    {
      "type": "Feature",
      "properties": {
        "@id": "node/1025546582",
        "name": "'s-Hertogenbosch",
        "public_transport": "stop_position",
        "railway": "stop",
        "railway:ref": "Ht",
        "ref": "6b",
        "train": "yes"
      },
      "geometry": {
        "type": "Point",
        "coordinates": [
          5.2930379,
          51.6896246
        ]
      },
      "id": "node/1025546582"
    },
    {
      "type": "Feature",
      "properties": {
        "@id": "node/1026245100",
        "name": "Tilburg",
        "public_transport": "stop_position",
        "railway": "stop",
        "railway:ref": "Tb",
        "ref": "2",
        "train": "yes",
        "wikidata": "Q801519",
        "wikipedia": "nl:Station Tilburg"
      },
      "geometry": {
        "type": "Point",
        "coordinates": [
          5.0833313,
          51.560653
        ]
      },
      "id": "node/1026245100"
    },
    {
      "type": "Feature",
      "properties": {
        "@id": "node/1026245261",
        "name": "Tilburg",
        "public_transport": "stop_position",
        "railway": "stop",
        "railway:ref": "Tb",
        "ref": "3",
        "train": "yes",
        "wikidata": "Q801519",
        "wikipedia": "nl:Station Tilburg"
      },
      "geometry": {
        "type": "Point",
        "coordinates": [
          5.0833773,
          51.5607791
        ]
      },
      "id": "node/1026245261"
    },
    {
      "type": "Feature",
      "properties": {
        "@id": "node/1026360052",
        "name": "Tilburg Universiteit",
        "public_transport": "stop_position",
        "railway": "stop",
        "railway:ref": "Tbu",
        "ref": "1",
        "train": "yes"
      },
      "geometry": {
        "type": "Point",
        "coordinates": [
          5.0523482,
          51.5649077
        ]
      },
      "id": "node/1026360052"
    },
    {
      "type": "Feature",
      "properties": {
        "@id": "node/1026360079",
        "name": "Gilze-Rijen",
        "public_transport": "stop_position",
        "railway": "stop",
        "railway:ref": "Gz",
        "ref": "4",
        "train": "yes"
      },
      "geometry": {
        "type": "Point",
        "coordinates": [
          4.9254151,
          51.5837357
        ]
      },
      "id": "node/1026360079"
    },
    {
      "type": "Feature",
      "properties": {
        "@id": "node/1026459270",
        "name": "Breda-Prinsenbeek",
        "public_transport": "stop_position",
        "railway": "stop",
        "railway:ref": "Bdpb",
        "ref": "2",
        "train": "yes"
      },
      "geometry": {
        "type": "Point",
        "coordinates": [
          4.7211858,
          51.6060128
        ]
      },
      "id": "node/1026459270"
    },
    {
      "type": "Feature",
      "properties": {
        "@id": "node/1026459734",
        "level": "0",
        "name": "Breda",
        "public_transport": "stop_position",
        "railway": "stop",
        "railway:ref": "Bd",
        "ref": "7",
        "train": "yes"
      },
      "geometry": {
        "type": "Point",
        "coordinates": [
          4.7799771,
          51.5955629
        ]
      },
      "id": "node/1026459734"
    },
    {
      "type": "Feature",
      "properties": {
        "@id": "node/1026513561",
        "name": "Lage Zwaluwe",
        "public_transport": "stop_position",
        "railway": "stop",
        "railway:ref": "Zlw",
        "ref": "1",
        "train": "yes"
      },
      "geometry": {
        "type": "Point",
        "coordinates": [
          4.663481,
          51.6902057
        ]
      },
      "id": "node/1026513561"
    },
    {
      "type": "Feature",
      "properties": {
        "@id": "node/1026765769",
        "name": "Roosendaal",
        "public_transport": "stop_position",
        "railway": "stop",
        "railway:ref": "Rsd",
        "railway:ref:NMBS/SNCB": "XNRSD",
        "ref": "4a",
        "train": "yes"
      },
      "geometry": {
        "type": "Point",
        "coordinates": [
          4.456435,
          51.539309
        ]
      },
      "id": "node/1026765769"
    },
    {
      "type": "Feature",
      "properties": {
        "@id": "node/1026765870",
        "name": "Roosendaal",
        "public_transport": "stop_position",
        "railway": "stop",
        "railway:ref": "Rsd",
        "railway:ref:NMBS/SNCB": "XNRSD",
        "ref": "4b",
        "train": "yes"
      },
      "geometry": {
        "type": "Point",
        "coordinates": [
          4.4604828,
          51.5418296
        ]
      },
      "id": "node/1026765870"
    },
    {
      "type": "Feature",
      "properties": {
        "@id": "node/1027174051",
        "name": "Oss",
        "public_transport": "stop_position",
        "railway": "stop",
        "railway:ref": "O",
        "ref": "1",
        "train": "yes"
      },
      "geometry": {
        "type": "Point",
        "coordinates": [
          5.5317538,
          51.7654425
        ]
      },
      "id": "node/1027174051"
    },
    {
      "type": "Feature",
      "properties": {
        "@id": "node/1027174221",
        "name": "Rosmalen",
        "public_transport": "station",
        "railway": "station",
        "railway:ref": "Rs",
        "source": "AND",
        "train": "yes",
        "website": "https://www.ns.nl/stationsinformatie/rs/rosmalen",
        "wheelchair": "yes",
        "wikidata": "Q608962",
        "wikipedia": "nl:Station Rosmalen",
        "zone": "6314"
      },
      "geometry": {
        "type": "Point",
        "coordinates": [
          5.369582,
          51.7151523
        ]
      },
      "id": "node/1027174221"
    },
    {
      "type": "Feature",
      "properties": {
        "@id": "node/1027273932",
        "name": "Nijmegen Goffert",
        "public_transport": "stop_position",
        "railway": "stop",
        "railway:ref": "Nmgo",
        "ref": "1",
        "train": "yes"
      },
      "geometry": {
        "type": "Point",
        "coordinates": [
          5.8233467,
          51.8274551
        ]
      },
      "id": "node/1027273932"
    },
    {
      "type": "Feature",
      "properties": {
        "@id": "node/1027273976",
        "name": "Wijchen",
        "public_transport": "stop_position",
        "railway": "stop",
        "railway:ref": "Wc",
        "ref": "1",
        "train": "yes"
      },
      "geometry": {
        "type": "Point",
        "coordinates": [
          5.7309913,
          51.8116965
        ]
      },
      "id": "node/1027273976"
    },
    {
      "type": "Feature",
      "properties": {
        "@id": "node/1027919659",
        "name": "Kruiningen-Yerseke",
        "public_transport": "stop_position",
        "railway": "stop",
        "railway:ref": "Krg",
        "ref": "2",
        "train": "yes"
      },
      "geometry": {
        "type": "Point",
        "coordinates": [
          4.0377285,
          51.4650718
        ]
      },
      "id": "node/1027919659"
    },
    {
      "type": "Feature",
      "properties": {
        "@id": "node/1027919705",
        "name": "Rilland-Bath",
        "public_transport": "stop_position",
        "railway": "stop",
        "railway:ref": "Rb",
        "ref": "1",
        "train": "yes"
      },
      "geometry": {
        "type": "Point",
        "coordinates": [
          4.1587822,
          51.4224853
        ]
      },
      "id": "node/1027919705"
    },
    {
      "type": "Feature",
      "properties": {
        "@id": "node/1028144465",
        "name": "Goes",
        "name:ar": "خوس",
        "name:fa": "خوس",
        "public_transport": "stop_position",
        "railway": "stop",
        "railway:ref": "Gs",
        "ref": "1",
        "train": "yes",
        "wikidata": "Q615222",
        "wikipedia": "nl:Station Goes",
        "zone": "7600"
      },
      "geometry": {
        "type": "Point",
        "coordinates": [
          3.8900385,
          51.4982764
        ]
      },
      "id": "node/1028144465"
    },
    {
      "type": "Feature",
      "properties": {
        "@id": "node/1030089996",
        "name": "Helmond 't Hout",
        "public_transport": "stop_position",
        "railway": "stop",
        "railway:ref": "Hmh",
        "ref": "2",
        "train": "yes"
      },
      "geometry": {
        "type": "Point",
        "coordinates": [
          5.6312797,
          51.4680011
        ]
      },
      "id": "node/1030089996"
    },
    {
      "type": "Feature",
      "properties": {
        "@id": "node/1030090343",
        "name": "Helmond Brouwhuis",
        "public_transport": "stop_position",
        "railway": "stop",
        "railway:ref": "Hmbh",
        "ref": "2",
        "train": "yes"
      },
      "geometry": {
        "type": "Point",
        "coordinates": [
          5.701673,
          51.4705467
        ]
      },
      "id": "node/1030090343"
    },
    {
      "type": "Feature",
      "properties": {
        "@id": "node/1031072946",
        "name": "Geldrop",
        "public_transport": "stop_position",
        "railway": "stop",
        "railway:ref": "Gp",
        "ref": "1",
        "train": "yes"
      },
      "geometry": {
        "type": "Point",
        "coordinates": [
          5.5499198,
          51.4206444
        ]
      },
      "id": "node/1031072946"
    },
    {
      "type": "Feature",
      "properties": {
        "@id": "node/1036460456",
        "name": "Roermond",
        "public_transport": "stop_position",
        "railway": "stop",
        "railway:ref": "Rm",
        "railway:ref:DB": "XNRM",
        "ref": "1",
        "train": "yes"
      },
      "geometry": {
        "type": "Point",
        "coordinates": [
          5.9940475,
          51.1925366
        ]
      },
      "id": "node/1036460456"
    },
    {
      "type": "Feature",
      "properties": {
        "@id": "node/1037198787",
        "name": "Susteren",
        "public_transport": "stop_position",
        "railway": "stop",
        "railway:ref": "Srn",
        "ref": "1",
        "train": "yes"
      },
      "geometry": {
        "type": "Point",
        "coordinates": [
          5.8628907,
          51.0609475
        ]
      },
      "id": "node/1037198787"
    },
    {
      "type": "Feature",
      "properties": {
        "@id": "node/1037198835",
        "name": "Susteren",
        "public_transport": "stop_position",
        "railway": "stop",
        "railway:ref": "Srn",
        "ref": "2",
        "train": "yes"
      },
      "geometry": {
        "type": "Point",
        "coordinates": [
          5.8629444,
          51.0609389
        ]
      },
      "id": "node/1037198835"
    },
    {
      "type": "Feature",
      "properties": {
        "@id": "node/1037346806",
        "disused:railway": "stop",
        "name": "Ede-Wageningen",
        "public_transport": "stop_position",
        "railway": "stop",
        "railway:ref": "Ed",
        "ref": "1a",
        "train": "yes"
      },
      "geometry": {
        "type": "Point",
        "coordinates": [
          5.6722201,
          52.0279069
        ]
      },
      "id": "node/1037346806"
    },
    {
      "type": "Feature",
      "properties": {
        "@id": "node/1037764016",
        "name": "Veenendaal Centrum",
        "public_transport": "stop_position",
        "railway": "stop",
        "railway:ref": "Vndc",
        "ref": "2",
        "train": "yes"
      },
      "geometry": {
        "type": "Point",
        "coordinates": [
          5.5491792,
          52.0196332
        ]
      },
      "id": "node/1037764016"
    },
    {
      "type": "Feature",
      "properties": {
        "@id": "node/1037928870",
        "name": "Barneveld Centrum",
        "public_transport": "stop_position",
        "railway": "stop",
        "railway:ref": "Bnc",
        "ref": "1",
        "train": "yes"
      },
      "geometry": {
        "type": "Point",
        "coordinates": [
          5.5902065,
          52.1400257
        ]
      },
      "id": "node/1037928870"
    },
    {
      "type": "Feature",
      "properties": {
        "@id": "node/1038133936",
        "name": "Utrecht Overvecht",
        "public_transport": "stop_position",
        "railway": "stop",
        "railway:ref": "Uto",
        "ref": "1",
        "train": "yes"
      },
      "geometry": {
        "type": "Point",
        "coordinates": [
          5.1255412,
          52.1099898
        ]
      },
      "id": "node/1038133936"
    },
    {
      "type": "Feature",
      "properties": {
        "@id": "node/1038297073",
        "name": "Den Dolder",
        "public_transport": "stop_position",
        "railway": "stop",
        "railway:ref": "Dld",
        "ref": "2",
        "train": "yes"
      },
      "geometry": {
        "type": "Point",
        "coordinates": [
          5.2420381,
          52.1401268
        ]
      },
      "id": "node/1038297073"
    },
    {
      "type": "Feature",
      "properties": {
        "@id": "node/1038693330",
        "name": "Amersfoort Centraal",
        "public_transport": "stop_position",
        "railway": "stop",
        "railway:ref": "Amf",
        "ref": "7",
        "train": "yes"
      },
      "geometry": {
        "type": "Point",
        "coordinates": [
          5.3725044,
          52.1540157
        ]
      },
      "id": "node/1038693330"
    },
    {
      "type": "Feature",
      "properties": {
        "@id": "node/1038693650",
        "name": "Amersfoort Centraal",
        "public_transport": "stop_position",
        "railway": "stop",
        "railway:ref": "Amf",
        "ref": "1",
        "train": "yes"
      },
      "geometry": {
        "type": "Point",
        "coordinates": [
          5.3704169,
          52.1532247
        ]
      },
      "id": "node/1038693650"
    },
    {
      "type": "Feature",
      "properties": {
        "@id": "node/1038795180",
        "name": "Amersfoort Centraal",
        "public_transport": "stop_position",
        "railway": "stop",
        "railway:ref": "Amf",
        "ref": "4b",
        "train": "yes"
      },
      "geometry": {
        "type": "Point",
        "coordinates": [
          5.3741516,
          52.1536727
        ]
      },
      "id": "node/1038795180"
    },
    {
      "type": "Feature",
      "properties": {
        "@id": "node/1038795217",
        "name": "Amersfoort Schothorst",
        "public_transport": "stop_position",
        "railway": "stop",
        "railway:ref": "Amfs",
        "ref": "1",
        "train": "yes"
      },
      "geometry": {
        "type": "Point",
        "coordinates": [
          5.4037914,
          52.1749041
        ]
      },
      "id": "node/1038795217"
    },
    {
      "type": "Feature",
      "properties": {
        "@id": "node/1038795274",
        "name": "Amersfoort Schothorst",
        "public_transport": "stop_position",
        "railway": "stop",
        "railway:ref": "Amfs",
        "ref": "3",
        "train": "yes"
      },
      "geometry": {
        "type": "Point",
        "coordinates": [
          5.4039615,
          52.1747893
        ]
      },
      "id": "node/1038795274"
    },
    {
      "type": "Feature",
      "properties": {
        "@id": "node/1038811024",
        "name": "Hoevelaken",
        "public_transport": "stop_position",
        "railway": "stop",
        "railway:ref": "Hvl",
        "ref": "2",
        "train": "yes"
      },
      "geometry": {
        "type": "Point",
        "coordinates": [
          5.4579504,
          52.1664146
        ]
      },
      "id": "node/1038811024"
    },
    {
      "type": "Feature",
      "properties": {
        "@id": "node/1039590740",
        "name": "Bussum Zuid",
        "public_transport": "stop_position",
        "railway": "stop",
        "ref": "1",
        "train": "yes"
      },
      "geometry": {
        "type": "Point",
        "coordinates": [
          5.1629356,
          52.2658188
        ]
      },
      "id": "node/1039590740"
    },
    {
      "type": "Feature",
      "properties": {
        "@id": "node/1039591703",
        "name": "Weesp",
        "public_transport": "stop_position",
        "railway": "stop",
        "railway:ref": "Wp",
        "ref": "6",
        "train": "yes"
      },
      "geometry": {
        "type": "Point",
        "coordinates": [
          5.0442255,
          52.3123575
        ]
      },
      "id": "node/1039591703"
    },
    {
      "type": "Feature",
      "properties": {
        "@id": "node/1039592590",
        "name": "Hilversum",
        "public_transport": "stop_position",
        "ref": "3",
        "train": "yes"
      },
      "geometry": {
        "type": "Point",
        "coordinates": [
          5.1817385,
          52.2265566
        ]
      },
      "id": "node/1039592590"
    },
    {
      "type": "Feature",
      "properties": {
        "@id": "node/1039592639",
        "name": "Hilversum Sportpark",
        "public_transport": "stop_position",
        "railway": "stop",
        "ref": "2",
        "train": "yes"
      },
      "geometry": {
        "type": "Point",
        "coordinates": [
          5.18742,
          52.2172896
        ]
      },
      "id": "node/1039592639"
    },
    {
      "type": "Feature",
      "properties": {
        "@id": "node/1041166485",
        "name": "Winterswijk West",
        "name:de": "Winterswick West",
        "name:nl": "Winterswijk West",
        "public_transport": "stop_position",
        "railway": "stop",
        "train": "yes"
      },
      "geometry": {
        "type": "Point",
        "coordinates": [
          6.7036895,
          51.9746496
        ]
      },
      "id": "node/1041166485"
    },
    {
      "type": "Feature",
      "properties": {
        "@id": "node/1041749442",
        "name": "Almere Muziekwijk",
        "public_transport": "stop_position",
        "railway": "stop",
        "railway:ref": "Almm",
        "ref": "1",
        "train": "yes"
      },
      "geometry": {
        "type": "Point",
        "coordinates": [
          5.1903173,
          52.3675681
        ]
      },
      "id": "node/1041749442"
    },
    {
      "type": "Feature",
      "properties": {
        "@id": "node/1041750301",
        "name": "Almere Centrum",
        "operator": "NS",
        "public_transport": "stop_position",
        "railway": "stop",
        "railway:ref": "Alm",
        "ref": "1",
        "train": "yes"
      },
      "geometry": {
        "type": "Point",
        "coordinates": [
          5.2176665,
          52.3751859
        ]
      },
      "id": "node/1041750301"
    },
    {
      "type": "Feature",
      "properties": {
        "@id": "node/1041750650",
        "name": "Almere Poort",
        "public_transport": "stop_position",
        "railway": "stop",
        "railway:ref": "Ampo",
        "ref": "1",
        "train": "yes"
      },
      "geometry": {
        "type": "Point",
        "coordinates": [
          5.1522055,
          52.3429055
        ]
      },
      "id": "node/1041750650"
    },
    {
      "type": "Feature",
      "properties": {
        "@id": "node/1044110540",
        "local_ref": "1",
        "name": "Amsterdam Lelylaan",
        "public_transport": "stop_position",
        "railway": "stop",
        "railway:ref": "Asdl",
        "ref": "1",
        "train": "yes",
        "wikidata": "Q50722",
        "wikimedia_commons": "Category:Station Amsterdam Lelylaan",
        "wikipedia": "nl:Station Amsterdam Lelylaan"
      },
      "geometry": {
        "type": "Point",
        "coordinates": [
          4.8339197,
          52.3578341
        ]
      },
      "id": "node/1044110540"
    },
    {
      "type": "Feature",
      "properties": {
        "@id": "node/1044110542",
        "name": "Haarlem Spaarnwoude",
        "public_transport": "stop_position",
        "railway": "stop",
        "railway:ref": "Hlms",
        "ref": "1",
        "train": "yes"
      },
      "geometry": {
        "type": "Point",
        "coordinates": [
          4.6739243,
          52.3830109
        ]
      },
      "id": "node/1044110542"
    },
    {
      "type": "Feature",
      "properties": {
        "@id": "node/1046554637",
        "local_ref": "9b",
        "name": "Leiden Centraal",
        "public_transport": "stop_position",
        "railway": "stop",
        "railway:ref": "Ledn",
        "ref": "9b",
        "train": "yes"
      },
      "geometry": {
        "type": "Point",
        "coordinates": [
          4.4814658,
          52.1662294
        ]
      },
      "id": "node/1046554637"
    },
    {
      "type": "Feature",
      "properties": {
        "@id": "node/1046554724",
        "name": "Sassenheim",
        "public_transport": "stop_position",
        "railway": "stop",
        "railway:ref": "Ssh",
        "ref": "2",
        "train": "yes"
      },
      "geometry": {
        "type": "Point",
        "coordinates": [
          4.5165968,
          52.2150386
        ]
      },
      "id": "node/1046554724"
    },
    {
      "type": "Feature",
      "properties": {
        "@id": "node/1051894472",
        "local_ref": "1",
        "name": "Den Haag Ypenburg",
        "public_transport": "stop_position",
        "railway": "stop",
        "railway:ref": "Ypb",
        "ref": "1",
        "train": "yes"
      },
      "geometry": {
        "type": "Point",
        "coordinates": [
          4.3909684,
          52.0558384
        ]
      },
      "id": "node/1051894472"
    },
    {
      "type": "Feature",
      "properties": {
        "@id": "node/1051894499",
        "local_ref": "2",
        "name": "Den Haag Ypenburg",
        "public_transport": "stop_position",
        "railway": "stop",
        "railway:ref": "Ypb",
        "ref": "2",
        "train": "yes"
      },
      "geometry": {
        "type": "Point",
        "coordinates": [
          4.3913875,
          52.055562
        ]
      },
      "id": "node/1051894499"
    },
    {
      "type": "Feature",
      "properties": {
        "@id": "node/1051895404",
        "name": "Waddinxveen",
        "public_transport": "stop_position",
        "railway": "stop",
        "railway:ref": "Wad",
        "ref": "1",
        "train": "yes"
      },
      "geometry": {
        "type": "Point",
        "coordinates": [
          4.6499722,
          52.0441117
        ]
      },
      "id": "node/1051895404"
    },
    {
      "type": "Feature",
      "properties": {
        "@id": "node/1052734566",
        "name": "Capelle Schollevaar",
        "public_transport": "stop_position",
        "railway": "stop",
        "railway:ref": "Cps",
        "ref": "1",
        "train": "yes"
      },
      "geometry": {
        "type": "Point",
        "coordinates": [
          4.5840973,
          51.9540983
        ]
      },
      "id": "node/1052734566"
    },
    {
      "type": "Feature",
      "properties": {
        "@id": "node/1052735648",
        "name": "Woerden",
        "public_transport": "stop_position",
        "railway": "stop",
        "railway:ref": "Wd",
        "ref": "6",
        "train": "yes"
      },
      "geometry": {
        "type": "Point",
        "coordinates": [
          4.8931261,
          52.0847362
        ]
      },
      "id": "node/1052735648"
    },
    {
      "type": "Feature",
      "properties": {
        "@id": "node/1052736219",
        "name": "Rotterdam Alexander",
        "public_transport": "stop_position",
        "railway": "stop",
        "railway:ref": "Rta",
        "ref": "1",
        "train": "yes"
      },
      "geometry": {
        "type": "Point",
        "coordinates": [
          4.5552416,
          51.9519097
        ]
      },
      "id": "node/1052736219"
    },
    {
      "type": "Feature",
      "properties": {
        "@id": "node/1053173589",
        "name": "Rotterdam Centraal",
        "public_transport": "stop_position",
        "railway": "stop",
        "railway:ref": "Rtd",
        "railway:ref:NMBS/SNCB": "XNRTD",
        "ref": "13",
        "train": "yes",
        "wikidata": "Q801388",
        "wikipedia": "nl:Station Rotterdam Centraal"
      },
      "geometry": {
        "type": "Point",
        "coordinates": [
          4.468719,
          51.9253937
        ]
      },
      "id": "node/1053173589"
    },
    {
      "type": "Feature",
      "properties": {
        "@id": "node/1053174083",
        "name": "Rotterdam Centraal",
        "public_transport": "stop_position",
        "railway": "stop",
        "railway:ref": "Rtd",
        "railway:ref:NMBS/SNCB": "XNRTD",
        "ref": "16",
        "train": "yes",
        "wikidata": "Q801388",
        "wikipedia": "nl:Station Rotterdam Centraal"
      },
      "geometry": {
        "type": "Point",
        "coordinates": [
          4.4679403,
          51.9255139
        ]
      },
      "id": "node/1053174083"
    },
    {
      "type": "Feature",
      "properties": {
        "@id": "node/1053174299",
        "name": "Rotterdam Centraal",
        "public_transport": "stop_position",
        "railway": "stop",
        "railway:ref": "Rtd",
        "railway:ref:NMBS/SNCB": "XNRTD",
        "ref": "15",
        "train": "yes",
        "wikidata": "Q801388",
        "wikipedia": "nl:Station Rotterdam Centraal"
      },
      "geometry": {
        "type": "Point",
        "coordinates": [
          4.4686658,
          51.9255722
        ]
      },
      "id": "node/1053174299"
    },
    {
      "type": "Feature",
      "properties": {
        "@id": "node/1053174401",
        "name": "Rotterdam Centraal",
        "public_transport": "stop_position",
        "railway": "stop",
        "railway:ref": "Rtd",
        "railway:ref:NMBS/SNCB": "XNRTD",
        "ref": "14",
        "train": "yes",
        "wikidata": "Q801388",
        "wikipedia": "nl:Station Rotterdam Centraal"
      },
      "geometry": {
        "type": "Point",
        "coordinates": [
          4.4686821,
          51.9255318
        ]
      },
      "id": "node/1053174401"
    },
    {
      "type": "Feature",
      "properties": {
        "@id": "node/1055365774",
        "name": "Schiedam Centrum",
        "public_transport": "stop_position",
        "railway": "stop",
        "railway:ref": "Sdm",
        "ref": "2",
        "train": "yes"
      },
      "geometry": {
        "type": "Point",
        "coordinates": [
          4.4093137,
          51.9218178
        ]
      },
      "id": "node/1055365774"
    },
    {
      "type": "Feature",
      "properties": {
        "@id": "node/1055713548",
        "name": "Rotterdam Lombardijen",
        "public_transport": "stop_position",
        "railway": "stop",
        "railway:ref": "Rlb",
        "ref": "2",
        "train": "yes"
      },
      "geometry": {
        "type": "Point",
        "coordinates": [
          4.5310918,
          51.8803684
        ]
      },
      "id": "node/1055713548"
    },
    {
      "type": "Feature",
      "properties": {
        "@id": "node/1055713791",
        "name": "Rotterdam Zuid",
        "public_transport": "stop_position",
        "railway": "stop",
        "railway:ref": "Rtz",
        "ref": "3",
        "train": "yes"
      },
      "geometry": {
        "type": "Point",
        "coordinates": [
          4.5097565,
          51.9048697
        ]
      },
      "id": "node/1055713791"
    },
    {
      "type": "Feature",
      "properties": {
        "@id": "node/1057834348",
        "name": "Dordrecht",
        "public_transport": "stop_position",
        "railway": "stop",
        "railway:ref": "Ddr",
        "ref": "4b",
        "train": "yes"
      },
      "geometry": {
        "type": "Point",
        "coordinates": [
          4.6698237,
          51.8069916
        ]
      },
      "id": "node/1057834348"
    },
    {
      "type": "Feature",
      "properties": {
        "@id": "node/1057834464",
        "name": "Dordrecht",
        "public_transport": "stop_position",
        "railway": "stop",
        "railway:ref": "Ddr",
        "ref": "1",
        "train": "yes"
      },
      "geometry": {
        "type": "Point",
        "coordinates": [
          4.6677979,
          51.8073925
        ]
      },
      "id": "node/1057834464"
    },
    {
      "type": "Feature",
      "properties": {
        "@id": "node/1080554730",
        "name": "Heiloo",
        "public_transport": "stop_position",
        "railway": "stop",
        "ref": "1",
        "train": "yes"
      },
      "geometry": {
        "type": "Point",
        "coordinates": [
          4.7011218,
          52.5998762
        ]
      },
      "id": "node/1080554730"
    },
    {
      "type": "Feature",
      "properties": {
        "@id": "node/1084141029",
        "name": "Den Haag Moerwijk",
        "public_transport": "stop_position",
        "railway": "stop",
        "railway:ref": "Gvmw",
        "ref": "2",
        "train": "yes"
      },
      "geometry": {
        "type": "Point",
        "coordinates": [
          4.308509,
          52.0540067
        ]
      },
      "id": "node/1084141029"
    },
    {
      "type": "Feature",
      "properties": {
        "@id": "node/1084141311",
        "name": "Den Haag Moerwijk",
        "public_transport": "stop_position",
        "railway": "stop",
        "railway:ref": "Gvmw",
        "ref": "4",
        "train": "yes"
      },
      "geometry": {
        "type": "Point",
        "coordinates": [
          4.30875,
          52.0540082
        ]
      },
      "id": "node/1084141311"
    },
    {
      "type": "Feature",
      "properties": {
        "@id": "node/1084141614",
        "name": "Den Haag Moerwijk",
        "public_transport": "stop_position",
        "railway": "stop",
        "railway:ref": "Gvmw",
        "ref": "3",
        "train": "yes"
      },
      "geometry": {
        "type": "Point",
        "coordinates": [
          4.3085685,
          52.054007
        ]
      },
      "id": "node/1084141614"
    },
    {
      "type": "Feature",
      "properties": {
        "@id": "node/1084141704",
        "name": "Den Haag Hollands Spoor",
        "public_transport": "stop_position",
        "railway": "stop",
        "railway:ref": "Gv",
        "railway:ref:NMBS/SNCB": "XNDHH",
        "ref": "6",
        "train": "yes"
      },
      "geometry": {
        "type": "Point",
        "coordinates": [
          4.3228652,
          52.0695772
        ]
      },
      "id": "node/1084141704"
    },
    {
      "type": "Feature",
      "properties": {
        "@id": "node/1084141938",
        "name": "Den Haag Moerwijk",
        "public_transport": "stop_position",
        "railway": "stop",
        "railway:ref": "Gvmw",
        "ref": "1",
        "train": "yes"
      },
      "geometry": {
        "type": "Point",
        "coordinates": [
          4.3083288,
          52.0540055
        ]
      },
      "id": "node/1084141938"
    },
    {
      "type": "Feature",
      "properties": {
        "@id": "node/1084464654",
        "name": "Delft Campus",
        "public_transport": "stop_position",
        "railway": "stop",
        "railway:ref": "Dtcp",
        "ref": "2",
        "train": "yes",
        "wheelchair": "yes"
      },
      "geometry": {
        "type": "Point",
        "coordinates": [
          4.364713,
          51.9911068
        ]
      },
      "id": "node/1084464654"
    },
    {
      "type": "Feature",
      "properties": {
        "@id": "node/1085650100",
        "name": "Zevenaar",
        "public_transport": "stop_position",
        "railway": "stop",
        "railway:ref": "Zv",
        "ref": "2",
        "train": "yes"
      },
      "geometry": {
        "type": "Point",
        "coordinates": [
          6.0721442,
          51.9231418
        ]
      },
      "id": "node/1085650100"
    },
    {
      "type": "Feature",
      "properties": {
        "@id": "node/1085650232",
        "name": "Duiven",
        "public_transport": "stop_position",
        "railway": "stop",
        "railway:ref": "Dvn",
        "ref": "2",
        "train": "yes"
      },
      "geometry": {
        "type": "Point",
        "coordinates": [
          6.0142727,
          51.9434972
        ]
      },
      "id": "node/1085650232"
    },
    {
      "type": "Feature",
      "properties": {
        "@id": "node/1095035331",
        "name": "Gaanderen",
        "public_transport": "stop_position",
        "railway": "stop",
        "ref": "1",
        "train": "yes"
      },
      "geometry": {
        "type": "Point",
        "coordinates": [
          6.3483995,
          51.9308794
        ]
      },
      "id": "node/1095035331"
    },
    {
      "type": "Feature",
      "properties": {
        "@id": "node/1095248611",
        "name": "Zutphen",
        "public_transport": "stop_position",
        "railway": "stop",
        "ref": "3",
        "train": "yes"
      },
      "geometry": {
        "type": "Point",
        "coordinates": [
          6.1940867,
          52.1449035
        ]
      },
      "id": "node/1095248611"
    },
    {
      "type": "Feature",
      "properties": {
        "@id": "node/1097067740",
        "name": "Arnhem Presikhaaf",
        "public_transport": "stop_position",
        "railway": "stop",
        "ref": "1",
        "train": "yes"
      },
      "geometry": {
        "type": "Point",
        "coordinates": [
          5.9428996,
          51.9876135
        ]
      },
      "id": "node/1097067740"
    },
    {
      "type": "Feature",
      "properties": {
        "@id": "node/1097067879",
        "name": "Brummen",
        "public_transport": "stop_position",
        "railway": "stop",
        "ref": "2",
        "train": "yes"
      },
      "geometry": {
        "type": "Point",
        "coordinates": [
          6.1468662,
          52.0907971
        ]
      },
      "id": "node/1097067879"
    },
    {
      "type": "Feature",
      "properties": {
        "@id": "node/1097068227",
        "name": "Dieren",
        "public_transport": "stop_position",
        "railway": "stop",
        "ref": "2",
        "train": "yes"
      },
      "geometry": {
        "type": "Point",
        "coordinates": [
          6.1028223,
          52.0447076
        ]
      },
      "id": "node/1097068227"
    },
    {
      "type": "Feature",
      "properties": {
        "@id": "node/1104701610",
        "name": "Loppersum",
        "public_transport": "stop_position",
        "railway": "stop",
        "ref": "1",
        "train": "yes"
      },
      "geometry": {
        "type": "Point",
        "coordinates": [
          6.7473726,
          53.3347564
        ]
      },
      "id": "node/1104701610"
    },
    {
      "type": "Feature",
      "properties": {
        "@id": "node/1112389799",
        "name": "Groningen Europapark",
        "public_transport": "stop_position",
        "railway": "stop",
        "ref": "2",
        "train": "yes"
      },
      "geometry": {
        "type": "Point",
        "coordinates": [
          6.5857992,
          53.204692
        ]
      },
      "id": "node/1112389799"
    },
    {
      "type": "Feature",
      "properties": {
        "@id": "node/1112410297",
        "loc_name": "Hoofdstation",
        "name": "Groningen",
        "official_name": "Groningen",
        "operator": "ProRail",
        "public_transport": "station",
        "railway": "station",
        "railway:ref": "Gn",
        "train": "yes",
        "wheelchair": "yes",
        "wikidata": "Q17937",
        "wikipedia": "nl:Station Groningen",
        "zone": "1000"
      },
      "geometry": {
        "type": "Point",
        "coordinates": [
          6.5641028,
          53.2109237
        ]
      },
      "id": "node/1112410297"
    },
    {
      "type": "Feature",
      "properties": {
        "@id": "node/1117724735",
        "name": "Apeldoorn Osseveld",
        "public_transport": "stop_position",
        "railway": "stop",
        "ref": "2",
        "train": "yes"
      },
      "geometry": {
        "type": "Point",
        "coordinates": [
          6.0060898,
          52.2157464
        ]
      },
      "id": "node/1117724735"
    },
    {
      "type": "Feature",
      "properties": {
        "@id": "node/1117724833",
        "name": "Twello",
        "public_transport": "stop_position",
        "ref": "2",
        "train": "yes"
      },
      "geometry": {
        "type": "Point",
        "coordinates": [
          6.1006836,
          52.2383403
        ]
      },
      "id": "node/1117724833"
    },
    {
      "type": "Feature",
      "properties": {
        "@id": "node/1119517249",
        "name": "Wijhe",
        "public_transport": "stop_position",
        "railway": "stop",
        "ref": "2",
        "train": "yes"
      },
      "geometry": {
        "type": "Point",
        "coordinates": [
          6.1405068,
          52.390268
        ]
      },
      "id": "node/1119517249"
    },
    {
      "type": "Feature",
      "properties": {
        "@id": "node/1119517409",
        "name": "Olst",
        "public_transport": "stop_position",
        "railway": "stop",
        "ref": "3",
        "train": "yes"
      },
      "geometry": {
        "type": "Point",
        "coordinates": [
          6.1135857,
          52.3356335
        ]
      },
      "id": "node/1119517409"
    },
    {
      "type": "Feature",
      "properties": {
        "@id": "node/1122446582",
        "name": "Zwolle",
        "public_transport": "stop_position",
        "railway": "stop",
        "ref": "3a",
        "train": "yes"
      },
      "geometry": {
        "type": "Point",
        "coordinates": [
          6.091626,
          52.5049507
        ]
      },
      "id": "node/1122446582"
    },
    {
      "type": "Feature",
      "properties": {
        "@id": "node/1122446619",
        "name": "Zwolle",
        "public_transport": "stop_position",
        "railway": "stop",
        "ref": "6",
        "train": "yes"
      },
      "geometry": {
        "type": "Point",
        "coordinates": [
          6.0914637,
          52.5047992
        ]
      },
      "id": "node/1122446619"
    },
    {
      "type": "Feature",
      "properties": {
        "@id": "node/1122447427",
        "name": "Zwolle",
        "public_transport": "stop_position",
        "railway": "stop",
        "ref": "9",
        "train": "yes"
      },
      "geometry": {
        "type": "Point",
        "coordinates": [
          6.091279,
          52.504609
        ]
      },
      "id": "node/1122447427"
    },
    {
      "type": "Feature",
      "properties": {
        "@id": "node/1122448921",
        "name": "Zwolle",
        "public_transport": "stop_position",
        "railway": "stop",
        "ref": "5a",
        "train": "yes"
      },
      "geometry": {
        "type": "Point",
        "coordinates": [
          6.0915007,
          52.5048343
        ]
      },
      "id": "node/1122448921"
    },
    {
      "type": "Feature",
      "properties": {
        "@id": "node/1122449068",
        "name": "Zwolle",
        "public_transport": "stop_position",
        "railway": "stop",
        "ref": "1a",
        "train": "yes"
      },
      "geometry": {
        "type": "Point",
        "coordinates": [
          6.0932137,
          52.5044632
        ]
      },
      "id": "node/1122449068"
    },
    {
      "type": "Feature",
      "properties": {
        "@id": "node/1124051320",
        "name": "Ermelo",
        "public_transport": "stop_position",
        "railway": "stop",
        "ref": "2",
        "train": "yes"
      },
      "geometry": {
        "type": "Point",
        "coordinates": [
          5.614335,
          52.301165
        ]
      },
      "id": "node/1124051320"
    },
    {
      "type": "Feature",
      "properties": {
        "@id": "node/1124051609",
        "name": "Amersfoort Vathorst",
        "public_transport": "stop_position",
        "railway": "stop",
        "railway:ref": "Avat",
        "ref": "1",
        "train": "yes"
      },
      "geometry": {
        "type": "Point",
        "coordinates": [
          5.4335076,
          52.1925733
        ]
      },
      "id": "node/1124051609"
    },
    {
      "type": "Feature",
      "properties": {
        "@id": "node/1124762573",
        "name": "Delden",
        "public_transport": "stop_position",
        "railway": "stop",
        "ref": "2",
        "train": "yes"
      },
      "geometry": {
        "type": "Point",
        "coordinates": [
          6.7151397,
          52.2600436
        ]
      },
      "id": "node/1124762573"
    },
    {
      "type": "Feature",
      "properties": {
        "@id": "node/1124762749",
        "name": "Lochem",
        "public_transport": "stop_position",
        "railway": "stop",
        "ref": "1",
        "train": "yes"
      },
      "geometry": {
        "type": "Point",
        "coordinates": [
          6.4263732,
          52.1667492
        ]
      },
      "id": "node/1124762749"
    },
    {
      "type": "Feature",
      "properties": {
        "@id": "node/1124762943",
        "name": "Hengelo",
        "public_transport": "stop_position",
        "railway": "stop",
        "ref": "3",
        "train": "yes"
      },
      "geometry": {
        "type": "Point",
        "coordinates": [
          6.7944238,
          52.2616923
        ]
      },
      "id": "node/1124762943"
    },
    {
      "type": "Feature",
      "properties": {
        "@id": "node/1125577111",
        "name": "Almelo",
        "public_transport": "stop_position",
        "railway": "stop",
        "ref": "2b",
        "train": "yes"
      },
      "geometry": {
        "type": "Point",
        "coordinates": [
          6.6555177,
          52.3568564
        ]
      },
      "id": "node/1125577111"
    },
    {
      "type": "Feature",
      "properties": {
        "@id": "node/1129504220",
        "name": "Coevorden",
        "public_transport": "stop_position",
        "railway": "stop",
        "ref": "2",
        "train": "yes"
      },
      "geometry": {
        "type": "Point",
        "coordinates": [
          6.7355971,
          52.6634569
        ]
      },
      "id": "node/1129504220"
    },
    {
      "type": "Feature",
      "properties": {
        "@id": "node/1129504432",
        "name": "Hardenberg",
        "public_transport": "stop_position",
        "railway": "stop",
        "ref": "1",
        "train": "yes"
      },
      "geometry": {
        "type": "Point",
        "coordinates": [
          6.6278665,
          52.5723067
        ]
      },
      "id": "node/1129504432"
    },
    {
      "type": "Feature",
      "properties": {
        "@id": "node/1129561426",
        "name": "Meppel",
        "public_transport": "stop_position",
        "railway": "stop",
        "ref": "1",
        "train": "yes"
      },
      "geometry": {
        "type": "Point",
        "coordinates": [
          6.1977904,
          52.6919139
        ]
      },
      "id": "node/1129561426"
    },
    {
      "type": "Feature",
      "properties": {
        "@id": "node/1129849968",
        "name": "Heerenveen",
        "public_transport": "stop_position",
        "railway": "stop",
        "ref": "3",
        "train": "yes"
      },
      "geometry": {
        "type": "Point",
        "coordinates": [
          5.9153395,
          52.9606216
        ]
      },
      "id": "node/1129849968"
    },
    {
      "type": "Feature",
      "properties": {
        "@id": "node/1129850249",
        "name": "Heerenveen",
        "public_transport": "stop_position",
        "railway": "stop",
        "ref": "2",
        "train": "yes"
      },
      "geometry": {
        "type": "Point",
        "coordinates": [
          5.9154829,
          52.9606727
        ]
      },
      "id": "node/1129850249"
    },
    {
      "type": "Feature",
      "properties": {
        "@id": "node/1129850552",
        "name": "Grou-Jirnsum",
        "public_transport": "stop_position",
        "railway": "stop",
        "ref": "2",
        "train": "yes"
      },
      "geometry": {
        "type": "Point",
        "coordinates": [
          5.8223127,
          53.0897668
        ]
      },
      "id": "node/1129850552"
    },
    {
      "type": "Feature",
      "properties": {
        "@id": "node/1131104861",
        "name": "Franeker",
        "public_transport": "stop_position",
        "ref": "2",
        "train": "yes"
      },
      "geometry": {
        "type": "Point",
        "coordinates": [
          5.5498558,
          53.1823689
        ]
      },
      "id": "node/1131104861"
    },
    {
      "type": "Feature",
      "properties": {
        "@id": "node/1131104931",
        "name": "Feanwâlden",
        "public_transport": "stop_position",
        "railway": "stop",
        "ref": "2",
        "train": "yes"
      },
      "geometry": {
        "type": "Point",
        "coordinates": [
          5.9897773,
          53.235016
        ]
      },
      "id": "node/1131104931"
    },
    {
      "type": "Feature",
      "properties": {
        "@id": "node/1131104941",
        "name": "Sneek Noord",
        "name:fy": "Snits Noard",
        "public_transport": "stop_position",
        "railway": "stop",
        "ref": "2",
        "train": "yes"
      },
      "geometry": {
        "type": "Point",
        "coordinates": [
          5.6627038,
          53.0401341
        ]
      },
      "id": "node/1131104941"
    },
    {
      "type": "Feature",
      "properties": {
        "@id": "node/1131104987",
        "name": "De Westereen",
        "public_transport": "stop_position",
        "ref": "2",
        "train": "yes"
      },
      "geometry": {
        "type": "Point",
        "coordinates": [
          6.0354919,
          53.2482693
        ]
      },
      "id": "node/1131104987"
    },
    {
      "type": "Feature",
      "properties": {
        "@id": "node/1131105248",
        "name": "Groningen Europapark",
        "public_transport": "stop_position",
        "railway": "stop",
        "ref": "3",
        "train": "yes"
      },
      "geometry": {
        "type": "Point",
        "coordinates": [
          6.585669,
          53.2045966
        ]
      },
      "id": "node/1131105248"
    },
    {
      "type": "Feature",
      "properties": {
        "@id": "node/1131105276",
        "description": "Leeuwarden - Groningen",
        "name": "Buitenpost",
        "public_transport": "stop_position",
        "railway": "stop",
        "ref": "1",
        "train": "yes"
      },
      "geometry": {
        "type": "Point",
        "coordinates": [
          6.144801,
          53.2563552
        ]
      },
      "id": "node/1131105276"
    },
    {
      "type": "Feature",
      "properties": {
        "@id": "node/1133589413",
        "name": "Uithuizermeeden",
        "public_transport": "stop_position",
        "railway": "stop",
        "ref": "1",
        "train": "yes"
      },
      "geometry": {
        "type": "Point",
        "coordinates": [
          6.7203079,
          53.4139115
        ]
      },
      "id": "node/1133589413"
    },
    {
      "type": "Feature",
      "properties": {
        "@id": "node/1133589575",
        "name": "Sauwerd",
        "public_transport": "stop_position",
        "railway": "stop",
        "ref": "1",
        "train": "yes"
      },
      "geometry": {
        "type": "Point",
        "coordinates": [
          6.5403725,
          53.2915955
        ]
      },
      "id": "node/1133589575"
    },
    {
      "type": "Feature",
      "properties": {
        "@id": "node/1133589609",
        "name": "Appingedam",
        "public_transport": "stop_position",
        "railway": "stop",
        "ref": "2",
        "train": "yes"
      },
      "geometry": {
        "type": "Point",
        "coordinates": [
          6.8623381,
          53.3258964
        ]
      },
      "id": "node/1133589609"
    },
    {
      "type": "Feature",
      "properties": {
        "@id": "node/1133589716",
        "name": "Groningen Noord",
        "public_transport": "stop_position",
        "railway": "stop",
        "ref": "2",
        "train": "yes"
      },
      "geometry": {
        "type": "Point",
        "coordinates": [
          6.5562556,
          53.2298641
        ]
      },
      "id": "node/1133589716"
    },
    {
      "type": "Feature",
      "properties": {
        "@id": "node/1142086826",
        "name": "Uitgeest",
        "public_transport": "stop_position",
        "ref": "1a",
        "train": "yes"
      },
      "geometry": {
        "type": "Point",
        "coordinates": [
          4.6996506,
          52.5232072
        ]
      },
      "id": "node/1142086826"
    },
    {
      "type": "Feature",
      "properties": {
        "@id": "node/1142087414",
        "name": "Alkmaar Noord",
        "public_transport": "stop_position",
        "railway": "stop",
        "ref": "2",
        "train": "yes"
      },
      "geometry": {
        "type": "Point",
        "coordinates": [
          4.7639754,
          52.6437515
        ]
      },
      "id": "node/1142087414"
    },
    {
      "type": "Feature",
      "properties": {
        "@id": "node/1142087626",
        "name": "Krommenie-Assendelft",
        "public_transport": "stop_position",
        "railway": "stop",
        "ref": "1",
        "train": "yes"
      },
      "geometry": {
        "type": "Point",
        "coordinates": [
          4.7552167,
          52.4949715
        ]
      },
      "id": "node/1142087626"
    },
    {
      "type": "Feature",
      "properties": {
        "@id": "node/1142087630",
        "name": "Alkmaar",
        "name:ar": "ألكمار",
        "name:ckb": "ئەڵکمار",
        "name:fa": "آلکمار",
        "name:ur": "الکمار",
        "public_transport": "stop_position",
        "railway": "stop",
        "ref": "2",
        "train": "yes"
      },
      "geometry": {
        "type": "Point",
        "coordinates": [
          4.7406831,
          52.6379111
        ]
      },
      "id": "node/1142087630"
    },
    {
      "type": "Feature",
      "properties": {
        "@id": "node/1142088186",
        "name": "Uitgeest",
        "public_transport": "stop_position",
        "ref": "1b",
        "train": "yes"
      },
      "geometry": {
        "type": "Point",
        "coordinates": [
          4.7028615,
          52.5214904
        ]
      },
      "id": "node/1142088186"
    },
    {
      "type": "Feature",
      "properties": {
        "@id": "node/1142088263",
        "name": "Zaandam Kogerveld",
        "public_transport": "stop_position",
        "railway": "stop",
        "ref": "2",
        "train": "yes"
      },
      "geometry": {
        "type": "Point",
        "coordinates": [
          4.8194835,
          52.4567349
        ]
      },
      "id": "node/1142088263"
    },
    {
      "type": "Feature",
      "properties": {
        "@id": "node/1143678553",
        "name": "Driehuis",
        "public_transport": "stop_position",
        "railway": "stop",
        "railway:ref": "Drh",
        "ref": "2",
        "train": "yes"
      },
      "geometry": {
        "type": "Point",
        "coordinates": [
          4.6386431,
          52.4427803
        ]
      },
      "id": "node/1143678553"
    },
    {
      "type": "Feature",
      "properties": {
        "@id": "node/1143678562",
        "name": "Santpoort Noord",
        "public_transport": "stop_position",
        "railway": "stop",
        "railway:ref": "Sptn",
        "ref": "1",
        "train": "yes"
      },
      "geometry": {
        "type": "Point",
        "coordinates": [
          4.6326711,
          52.4341016
        ]
      },
      "id": "node/1143678562"
    },
    {
      "type": "Feature",
      "properties": {
        "@id": "node/1147148549",
        "name": "Obdam",
        "public_transport": "stop_position",
        "railway": "stop",
        "ref": "1",
        "train": "yes"
      },
      "geometry": {
        "type": "Point",
        "coordinates": [
          4.9076679,
          52.6782293
        ]
      },
      "id": "node/1147148549"
    },
    {
      "type": "Feature",
      "properties": {
        "@id": "node/1147149316",
        "name": "Purmerend Overwhere",
        "public_transport": "stop_position",
        "railway": "stop",
        "ref": "2",
        "train": "yes"
      },
      "geometry": {
        "type": "Point",
        "coordinates": [
          4.9670991,
          52.5112041
        ]
      },
      "id": "node/1147149316"
    },
    {
      "type": "Feature",
      "properties": {
        "@id": "node/1157626105",
        "name": "Maastricht Noord",
        "public_transport": "stop_position",
        "railway": "stop",
        "railway:ref": "Mtn",
        "ref": "1",
        "train": "yes",
        "website": "https://9292.nl/en/locations/station-maastricht-noord/departures",
        "wikidata": "Q2024081",
        "wikimedia_commons": "Category:Station Maastricht Noord",
        "wikipedia": "en:Maastricht Noord railway station"
      },
      "geometry": {
        "type": "Point",
        "coordinates": [
          5.717573,
          50.8705085
        ]
      },
      "id": "node/1157626105"
    },
    {
      "type": "Feature",
      "properties": {
        "@id": "node/1157626466",
        "name": "Beek-Elsloo",
        "public_transport": "stop_position",
        "railway": "stop",
        "railway:ref": "Bk",
        "ref": "1",
        "train": "yes"
      },
      "geometry": {
        "type": "Point",
        "coordinates": [
          5.7872545,
          50.9477765
        ]
      },
      "id": "node/1157626466"
    },
    {
      "type": "Feature",
      "properties": {
        "@id": "node/1163130149",
        "name": "Spaubeek",
        "public_transport": "stop_position",
        "railway": "stop",
        "railway:ref": "Sbk",
        "ref": "1",
        "train": "yes"
      },
      "geometry": {
        "type": "Point",
        "coordinates": [
          5.8495731,
          50.9433923
        ]
      },
      "id": "node/1163130149"
    },
    {
      "type": "Feature",
      "properties": {
        "@id": "node/1163130220",
        "name": "Heerlen",
        "public_transport": "stop_position",
        "railway": "stop",
        "railway:ref": "Hrl",
        "railway:ref:DB": "XNH",
        "ref": "5",
        "train": "yes"
      },
      "geometry": {
        "type": "Point",
        "coordinates": [
          5.9748395,
          50.8910764
        ]
      },
      "id": "node/1163130220"
    },
    {
      "type": "Feature",
      "properties": {
        "@id": "node/1163130401",
        "name": "Heerlen",
        "public_transport": "stop_position",
        "railway": "stop",
        "railway:ref": "Hrl",
        "railway:ref:DB": "XNH",
        "ref": "4",
        "train": "yes"
      },
      "geometry": {
        "type": "Point",
        "coordinates": [
          5.9739744,
          50.8910956
        ]
      },
      "id": "node/1163130401"
    },
    {
      "type": "Feature",
      "properties": {
        "@id": "node/1163130507",
        "name": "Heerlen",
        "public_transport": "stop_position",
        "railway": "stop",
        "railway:ref": "Hrl",
        "railway:ref:DB": "XNH",
        "ref": "2",
        "train": "yes"
      },
      "geometry": {
        "type": "Point",
        "coordinates": [
          5.9742117,
          50.8909663
        ]
      },
      "id": "node/1163130507"
    },
    {
      "type": "Feature",
      "properties": {
        "@id": "node/1166379845",
        "name": "Bodegraven",
        "public_transport": "stop_position",
        "railway": "stop",
        "railway:ref": "Bdg",
        "ref": "1",
        "train": "yes"
      },
      "geometry": {
        "type": "Point",
        "coordinates": [
          4.7462589,
          52.08147
        ]
      },
      "id": "node/1166379845"
    },
    {
      "type": "Feature",
      "properties": {
        "@id": "node/1213571353",
        "name": "Veendam",
        "operator": "Arriva",
        "operator:wikidata": "Q2581356",
        "public_transport": "stop_position",
        "railway": "stop",
        "ref": "5",
        "train": "yes"
      },
      "geometry": {
        "type": "Point",
        "coordinates": [
          6.8862537,
          53.1049281
        ]
      },
      "id": "node/1213571353"
    },
    {
      "type": "Feature",
      "properties": {
        "@id": "node/1233812055",
        "name": "Utrecht Vaartsche Rijn",
        "public_transport": "station",
        "railway": "station",
        "railway:ref": "Utvr",
        "train": "yes",
        "website": "https://www.ns.nl/stationsinformatie/utvr/utrecht-vaartsche-rijn",
        "wheelchair": "yes",
        "wikidata": "Q3397831",
        "wikimedia_commons": "Category:Station Utrecht Vaartsche Rijn",
        "wikipedia": "nl:Station Utrecht Vaartsche Rijn"
      },
      "geometry": {
        "type": "Point",
        "coordinates": [
          5.1218783,
          52.0787573
        ]
      },
      "id": "node/1233812055"
    },
    {
      "type": "Feature",
      "properties": {
        "@id": "node/1268704948",
        "name": "Houten Castellum",
        "public_transport": "station",
        "railway": "station",
        "railway:ref": "Htnc",
        "train": "yes",
        "website": "https://www.ns.nl/stationsinformatie/htnc/houten-castellum",
        "wheelchair": "yes",
        "wikidata": "Q1914597",
        "wikipedia": "nl:Station Houten Castellum"
      },
      "geometry": {
        "type": "Point",
        "coordinates": [
          5.1794728,
          52.0168609
        ]
      },
      "id": "node/1268704948"
    },
    {
      "type": "Feature",
      "properties": {
        "@id": "way/1312323076",
        "name": "Buitenpost",
        "public_transport": "station",
        "railway": "station",
        "railway:ref": "Bp",
        "train": "yes",
        "wheelchair": "yes",
        "wikidata": "Q2409260",
        "wikipedia": "nl:Station Buitenpost",
        "zone": "2168",
        "@geometry": "center"
      },
      "geometry": {
        "type": "Point",
        "coordinates": [
          6.1455863,
          53.2562494
        ]
      },
      "id": "way/1312323076"
    },
    {
      "type": "Feature",
      "properties": {
        "@id": "node/1335556418",
        "name": "Kampen Zuid",
        "public_transport": "stop_position",
        "railway": "stop",
        "railway:ref": "Kpnz",
        "ref": "1",
        "train": "yes",
        "wheelchair": "limited"
      },
      "geometry": {
        "type": "Point",
        "coordinates": [
          5.9132939,
          52.5330167
        ]
      },
      "id": "node/1335556418"
    },
    {
      "type": "Feature",
      "properties": {
        "@id": "node/1337563689",
        "name": "Vleuten",
        "public_transport": "stop_position",
        "railway": "stop",
        "railway:ref": "Vtn",
        "ref": "4",
        "train": "yes"
      },
      "geometry": {
        "type": "Point",
        "coordinates": [
          5.0076479,
          52.1030403
        ]
      },
      "id": "node/1337563689"
    },
    {
      "type": "Feature",
      "properties": {
        "@id": "node/1337563702",
        "name": "Vleuten",
        "public_transport": "stop_position",
        "railway": "stop",
        "railway:ref": "Vtn",
        "ref": "1",
        "train": "yes"
      },
      "geometry": {
        "type": "Point",
        "coordinates": [
          5.0075947,
          52.1028975
        ]
      },
      "id": "node/1337563702"
    },
    {
      "type": "Feature",
      "properties": {
        "@id": "node/1372328532",
        "name": "Utrecht Leidsche Rijn",
        "public_transport": "stop_position",
        "railway": "stop",
        "railway:ref": "Utlr",
        "ref": "1",
        "train": "yes"
      },
      "geometry": {
        "type": "Point",
        "coordinates": [
          5.0651921,
          52.098857
        ]
      },
      "id": "node/1372328532"
    },
    {
      "type": "Feature",
      "properties": {
        "@id": "node/1372328544",
        "name": "Utrecht Leidsche Rijn",
        "public_transport": "stop_position",
        "railway": "stop",
        "railway:ref": "Utlr",
        "ref": "4",
        "train": "yes"
      },
      "geometry": {
        "type": "Point",
        "coordinates": [
          5.0652584,
          52.099081
        ]
      },
      "id": "node/1372328544"
    },
    {
      "type": "Feature",
      "properties": {
        "@id": "node/1372328609",
        "name": "Utrecht Terwijde",
        "public_transport": "stop_position",
        "railway": "stop",
        "railway:ref": "Utt",
        "ref": "4",
        "train": "yes"
      },
      "geometry": {
        "type": "Point",
        "coordinates": [
          5.0436263,
          52.1002917
        ]
      },
      "id": "node/1372328609"
    },
    {
      "type": "Feature",
      "properties": {
        "@id": "way/1409848101",
        "alt_name": "Muiderpoortstation",
        "building": "yes",
        "name": "Amsterdam Muiderpoort",
        "public_transport": "station",
        "railway": "station",
        "railway:ref": "Asdm",
        "ref:bag": "0363100012139571",
        "source": "BAG, AND, NS",
        "source:date": "2014-03-24",
        "start_date": "1939",
        "train": "yes",
        "website": "https://www.ns.nl/stationsinformatie/asdm/amsterdam-muiderpoort",
        "wheelchair": "yes",
        "wikidata": "Q50724",
        "wikimedia_commons": "Category:Muiderpoortstation",
        "wikipedia": "nl:Station Amsterdam Muiderpoort",
        "zone": "5715",
        "@geometry": "center"
      },
      "geometry": {
        "type": "Point",
        "coordinates": [
          4.9311929,
          52.3608538
        ]
      },
      "id": "way/1409848101"
    },
    {
      "type": "Feature",
      "properties": {
        "@id": "node/1501779254",
        "name": "Lelystad Centrum",
        "public_transport": "stop_position",
        "railway": "stop",
        "railway:ref": "Lls",
        "ref": "1",
        "train": "yes"
      },
      "geometry": {
        "type": "Point",
        "coordinates": [
          5.4724982,
          52.5076375
        ]
      },
      "id": "node/1501779254"
    },
    {
      "type": "Feature",
      "properties": {
        "@id": "node/1501779256",
        "name": "Lelystad Centrum",
        "public_transport": "stop_position",
        "railway": "stop",
        "railway:ref": "Lls",
        "ref": "4",
        "train": "yes"
      },
      "geometry": {
        "type": "Point",
        "coordinates": [
          5.4730021,
          52.5076565
        ]
      },
      "id": "node/1501779256"
    },
    {
      "type": "Feature",
      "properties": {
        "@id": "node/1501779951",
        "name": "Kampen Zuid",
        "public_transport": "stop_position",
        "railway": "stop",
        "railway:ref": "Kpnz",
        "ref": "2",
        "train": "yes"
      },
      "geometry": {
        "type": "Point",
        "coordinates": [
          5.9132266,
          52.5329667
        ]
      },
      "id": "node/1501779951"
    },
    {
      "type": "Feature",
      "properties": {
        "@id": "node/1506143976",
        "name": "Heerlen",
        "outdoor_seating": "no",
        "public_transport": "station",
        "railway": "station",
        "railway:ref": "Hrl",
        "railway:ref:DB": "XNH",
        "train": "yes",
        "uic_ref": "8400307",
        "website": "https://www.ns.nl/stationsinformatie/hrl/heerlen",
        "wheelchair": "yes",
        "wikidata": "Q800901",
        "wikimedia_commons": "Category:Station Heerlen",
        "wikipedia": "nl:Station Heerlen"
      },
      "geometry": {
        "type": "Point",
        "coordinates": [
          5.9751061,
          50.8908484
        ]
      },
      "id": "node/1506143976"
    },
    {
      "type": "Feature",
      "properties": {
        "@id": "node/1506495806",
        "name": "Susteren",
        "public_transport": "station",
        "railway": "station",
        "railway:ref": "Srn",
        "train": "yes",
        "wheelchair": "yes",
        "wikidata": "Q2188994",
        "wikipedia": "nl:Station Susteren"
      },
      "geometry": {
        "type": "Point",
        "coordinates": [
          5.8629282,
          51.0609667
        ]
      },
      "id": "node/1506495806"
    },
    {
      "type": "Feature",
      "properties": {
        "@id": "node/1527144267",
        "name": "Geldrop",
        "public_transport": "stop_position",
        "railway": "stop",
        "railway:ref": "Gp",
        "ref": "2",
        "train": "yes"
      },
      "geometry": {
        "type": "Point",
        "coordinates": [
          5.5506337,
          51.419874
        ]
      },
      "id": "node/1527144267"
    },
    {
      "type": "Feature",
      "properties": {
        "@id": "node/1543214128",
        "name": "Westervoort",
        "platforms": "2",
        "public_transport": "station",
        "railway": "station",
        "railway:ref": "Wtv",
        "train": "yes",
        "wikidata": "Q7988596",
        "wikipedia": "nl:Station Westervoort"
      },
      "geometry": {
        "type": "Point",
        "coordinates": [
          5.9692518,
          51.9629903
        ]
      },
      "id": "node/1543214128"
    },
    {
      "type": "Feature",
      "properties": {
        "@id": "node/1554776562",
        "name": "Workum",
        "public_transport": "stop_position",
        "railway": "stop",
        "ref": "1",
        "train": "yes"
      },
      "geometry": {
        "type": "Point",
        "coordinates": [
          5.4558214,
          52.9715753
        ]
      },
      "id": "node/1554776562"
    },
    {
      "type": "Feature",
      "properties": {
        "@id": "node/1560677953",
        "name": "Hardinxveld Blauwe Zoom",
        "public_transport": "stop_position",
        "railway": "stop",
        "railway:ref": "Hbzm",
        "ref": "1",
        "train": "yes"
      },
      "geometry": {
        "type": "Point",
        "coordinates": [
          4.8163071,
          51.8296622
        ]
      },
      "id": "node/1560677953"
    },
    {
      "type": "Feature",
      "properties": {
        "@id": "node/1563570846",
        "name": "Sassenheim",
        "public_transport": "station",
        "railway": "station",
        "railway:ref": "Ssh",
        "train": "yes",
        "website": "https://www.ns.nl/stationsinformatie/ssh/sassenheim",
        "wheelchair": "yes",
        "wikidata": "Q2186815",
        "wikipedia": "nl:Station Sassenheim"
      },
      "geometry": {
        "type": "Point",
        "coordinates": [
          4.5169358,
          52.2152104
        ]
      },
      "id": "node/1563570846"
    },
    {
      "type": "Feature",
      "properties": {
        "@id": "node/1583408417",
        "name": "Enschede De Eschmarke",
        "operator": "ProRail",
        "public_transport": "station",
        "railway": "station",
        "railway:ref": "Ese",
        "source": "https://github.com/trainline-eu/stations",
        "train": "yes",
        "uic_ref": "8400217",
        "wheelchair": "yes",
        "wikidata": "Q2179968",
        "wikipedia": "nl:Station Enschede De Eschmarke",
        "zone": "4501"
      },
      "geometry": {
        "type": "Point",
        "coordinates": [
          6.9514664,
          52.2212722
        ]
      },
      "id": "node/1583408417"
    },
    {
      "type": "Feature",
      "properties": {
        "@id": "node/1614025145",
        "name": "Houten Castellum",
        "public_transport": "stop_position",
        "railway": "stop",
        "railway:ref": "Htnc",
        "ref": "1",
        "train": "yes"
      },
      "geometry": {
        "type": "Point",
        "coordinates": [
          5.1795092,
          52.0169675
        ]
      },
      "id": "node/1614025145"
    },
    {
      "type": "Feature",
      "properties": {
        "@id": "node/1633149045",
        "name": "Halfweg-Zwanenburg",
        "operator": "Nederlandse Spoorwegen",
        "platforms": "2",
        "public_transport": "station",
        "railway": "station",
        "railway:ref": "Hwzb",
        "start_date": "2012-12-09",
        "train": "yes",
        "website": "https://www.ns.nl/stationsinformatie/hwzb/halfweg-zwanenburg",
        "wheelchair": "yes",
        "wikidata": "Q2272349",
        "wikipedia": "nl:Station Halfweg-Zwanenburg"
      },
      "geometry": {
        "type": "Point",
        "coordinates": [
          4.7468736,
          52.3859763
        ]
      },
      "id": "node/1633149045"
    },
    {
      "type": "Feature",
      "properties": {
        "@id": "node/1673444987",
        "alt_name": "Spoorwegmuseum",
        "name": "Utrecht Maliebaan",
        "opening_hours": "Mo off; Tu-Su 10:00-17:00; PH 10:00-17:00; Apr 27 off",
        "operator": "NS",
        "public_transport": "station",
        "railway": "station",
        "railway:ref": "Utm",
        "toilets:wheelchair": "yes",
        "train": "yes",
        "website": "https://www.ns.nl/stationsinformatie/utm/utrecht-maliebaan",
        "wheelchair": "yes",
        "wikidata": "Q2632448",
        "wikimedia_commons": "Category:Station Utrecht Maliebaan",
        "wikipedia": "nl:Station Utrecht Maliebaan"
      },
      "geometry": {
        "type": "Point",
        "coordinates": [
          5.1311656,
          52.0879425
        ]
      },
      "id": "node/1673444987"
    },
    {
      "type": "Feature",
      "properties": {
        "@id": "node/1703564923",
        "name": "Tilburg Reeshof",
        "public_transport": "stop_position",
        "railway": "stop",
        "railway:ref": "Tbr",
        "ref": "1",
        "train": "yes"
      },
      "geometry": {
        "type": "Point",
        "coordinates": [
          4.9935004,
          51.5736832
        ]
      },
      "id": "node/1703564923"
    },
    {
      "type": "Feature",
      "properties": {
        "@id": "node/1716564811",
        "name": "Eys-Wittem",
        "operator": "Zuid-Limburgse Stoomtrein Maatschappij",
        "public_transport": "station",
        "railway": "halt",
        "railway:ref": "Wtm",
        "train": "yes",
        "usage": "tourism",
        "wheelchair": "no",
        "wikipedia": "nl:Station Eys-Wittem"
      },
      "geometry": {
        "type": "Point",
        "coordinates": [
          5.9246943,
          50.8231923
        ]
      },
      "id": "node/1716564811"
    },
    {
      "type": "Feature",
      "properties": {
        "@id": "node/1725476292",
        "name": "Utrecht Vaartsche Rijn",
        "public_transport": "stop_position",
        "railway": "stop",
        "railway:ref": "Utvr",
        "ref": "4",
        "train": "yes"
      },
      "geometry": {
        "type": "Point",
        "coordinates": [
          5.1217086,
          52.0785051
        ]
      },
      "id": "node/1725476292"
    },
    {
      "type": "Feature",
      "properties": {
        "@id": "node/1735050606",
        "name": "Boven Hardinxveld",
        "public_transport": "stop_position",
        "railway": "stop",
        "railway:ref": "Bhdv",
        "ref": "1",
        "train": "yes"
      },
      "geometry": {
        "type": "Point",
        "coordinates": [
          4.8785341,
          51.8323308
        ]
      },
      "id": "node/1735050606"
    },
    {
      "type": "Feature",
      "properties": {
        "@id": "node/1740845240",
        "name": "Hengelo Gezondheidspark",
        "public_transport": "stop_position",
        "railway": "stop",
        "ref": "1",
        "train": "yes"
      },
      "geometry": {
        "type": "Point",
        "coordinates": [
          6.7679502,
          52.2616514
        ]
      },
      "id": "node/1740845240"
    },
    {
      "type": "Feature",
      "properties": {
        "@id": "node/1787484422",
        "name": "Almelo",
        "public_transport": "stop_position",
        "railway": "stop",
        "ref": "2",
        "train": "yes"
      },
      "geometry": {
        "type": "Point",
        "coordinates": [
          6.6539259,
          52.357902
        ]
      },
      "id": "node/1787484422"
    },
    {
      "type": "Feature",
      "properties": {
        "@id": "node/1815023530",
        "name": "Eijsden",
        "operator": "NMBS/SNCB",
        "platforms": "2",
        "public_transport": "stop_position",
        "railway": "stop",
        "railway:ref": "Edn",
        "ref": "1",
        "train": "yes"
      },
      "geometry": {
        "type": "Point",
        "coordinates": [
          5.7100756,
          50.771948
        ]
      },
      "id": "node/1815023530"
    },
    {
      "type": "Feature",
      "properties": {
        "@id": "node/1857934106",
        "name": "Utrecht Lunetten",
        "operator": "NS",
        "public_transport": "stop_position",
        "railway": "stop",
        "railway:ref": "Utln",
        "ref": "2",
        "train": "yes"
      },
      "geometry": {
        "type": "Point",
        "coordinates": [
          5.142401,
          52.0672242
        ]
      },
      "id": "node/1857934106"
    },
    {
      "type": "Feature",
      "properties": {
        "@id": "node/1870576787",
        "name": "Diemen Zuid",
        "public_transport": "stop_position",
        "railway": "stop",
        "ref": "2",
        "train": "yes"
      },
      "geometry": {
        "type": "Point",
        "coordinates": [
          4.9551879,
          52.3302126
        ]
      },
      "id": "node/1870576787"
    },
    {
      "type": "Feature",
      "properties": {
        "@id": "node/1870576790",
        "name": "Diemen Zuid",
        "public_transport": "stop_position",
        "railway": "stop",
        "ref": "1",
        "train": "yes"
      },
      "geometry": {
        "type": "Point",
        "coordinates": [
          4.9552798,
          52.330098
        ]
      },
      "id": "node/1870576790"
    },
    {
      "type": "Feature",
      "properties": {
        "@id": "node/1962328712",
        "name": "Alphen aan den Rijn",
        "operator": "Nederlandse Spoorwegen",
        "platforms": "3",
        "public_transport": "station",
        "railway": "station",
        "railway:ref": "Apn",
        "train": "yes",
        "wheelchair": "yes",
        "wikidata": "Q474716",
        "wikipedia": "nl:Station Alphen a/d Rijn"
      },
      "geometry": {
        "type": "Point",
        "coordinates": [
          4.6571053,
          52.1248061
        ]
      },
      "id": "node/1962328712"
    },
    {
      "type": "Feature",
      "properties": {
        "@id": "node/1975067973",
        "name": "Rijswijk",
        "public_transport": "stop_position",
        "railway": "stop",
        "railway:ref": "Rsw",
        "ref": "3",
        "train": "yes"
      },
      "geometry": {
        "type": "Point",
        "coordinates": [
          4.3221404,
          52.0375183
        ]
      },
      "id": "node/1975067973"
    },
    {
      "type": "Feature",
      "properties": {
        "@id": "node/1975093938",
        "name": "Barendrecht",
        "public_transport": "stop_position",
        "railway": "stop",
        "railway:ref": "Brd",
        "ref": "2",
        "train": "yes"
      },
      "geometry": {
        "type": "Point",
        "coordinates": [
          4.5536047,
          51.8545274
        ]
      },
      "id": "node/1975093938"
    },
    {
      "type": "Feature",
      "properties": {
        "@id": "node/1975093940",
        "name": "Barendrecht",
        "public_transport": "stop_position",
        "railway": "stop",
        "railway:ref": "Brd",
        "ref": "3",
        "train": "yes"
      },
      "geometry": {
        "type": "Point",
        "coordinates": [
          4.5534598,
          51.8544636
        ]
      },
      "id": "node/1975093940"
    },
    {
      "type": "Feature",
      "properties": {
        "@id": "node/1977738039",
        "name": "Sliedrecht",
        "operator": "Qbuzz",
        "public_transport": "stop_position",
        "railway": "stop",
        "railway:ref": "Sdt",
        "ref": "1",
        "train": "yes"
      },
      "geometry": {
        "type": "Point",
        "coordinates": [
          4.7781059,
          51.8295924
        ]
      },
      "id": "node/1977738039"
    },
    {
      "type": "Feature",
      "properties": {
        "@id": "node/2006602291",
        "name": "Arnhem Velperpoort",
        "public_transport": "stop_position",
        "railway": "stop",
        "railway:ref": "Ahp",
        "ref": "2",
        "train": "yes"
      },
      "geometry": {
        "type": "Point",
        "coordinates": [
          5.9199462,
          51.9850917
        ]
      },
      "id": "node/2006602291"
    },
    {
      "type": "Feature",
      "properties": {
        "@id": "node/2006604414",
        "name": "Oosterbeek",
        "public_transport": "stop_position",
        "railway": "stop",
        "railway:ref": "Otb",
        "ref": "2",
        "train": "yes"
      },
      "geometry": {
        "type": "Point",
        "coordinates": [
          5.8404673,
          51.9947685
        ]
      },
      "id": "node/2006604414"
    },
    {
      "type": "Feature",
      "properties": {
        "@id": "node/2028453341",
        "name": "Schinnen",
        "public_transport": "station",
        "railway": "station",
        "railway:ref": "Sn",
        "source": "AND",
        "train": "yes",
        "wheelchair": "yes",
        "wikidata": "Q2399023",
        "wikimedia_commons": "Category:Station Schinnen",
        "wikipedia": "nl:Station Schinnen",
        "zone": "6711"
      },
      "geometry": {
        "type": "Point",
        "coordinates": [
          5.8745796,
          50.9390309
        ]
      },
      "id": "node/2028453341"
    },
    {
      "type": "Feature",
      "properties": {
        "@id": "node/2040995122",
        "name": "Houten Castellum",
        "public_transport": "stop_position",
        "railway": "stop",
        "railway:ref": "Htnc",
        "ref": "2",
        "train": "yes"
      },
      "geometry": {
        "type": "Point",
        "coordinates": [
          5.179332,
          52.0169261
        ]
      },
      "id": "node/2040995122"
    },
    {
      "type": "Feature",
      "properties": {
        "@id": "node/2043212734",
        "level": "0",
        "name": "Breda",
        "public_transport": "stop_position",
        "railway": "stop",
        "railway:ref": "Bd",
        "ref": "8",
        "train": "yes"
      },
      "geometry": {
        "type": "Point",
        "coordinates": [
          4.7799599,
          51.5956993
        ]
      },
      "id": "node/2043212734"
    },
    {
      "type": "Feature",
      "properties": {
        "@id": "node/2085021399",
        "name": "Zuidbroek",
        "public_transport": "stop_position",
        "ref": "2",
        "train": "yes"
      },
      "geometry": {
        "type": "Point",
        "coordinates": [
          6.8674436,
          53.1593443
        ]
      },
      "id": "node/2085021399"
    },
    {
      "type": "Feature",
      "properties": {
        "@id": "node/2087306774",
        "name": "Rijssen",
        "public_transport": "stop_position",
        "railway": "stop",
        "train": "yes"
      },
      "geometry": {
        "type": "Point",
        "coordinates": [
          6.5191895,
          52.3117957
        ]
      },
      "id": "node/2087306774"
    },
    {
      "type": "Feature",
      "properties": {
        "@id": "node/2098757864",
        "name": "Mook Molenhoek",
        "public_transport": "stop_position",
        "railway": "stop",
        "railway:ref": "Mmlh",
        "ref": "2",
        "train": "yes"
      },
      "geometry": {
        "type": "Point",
        "coordinates": [
          5.8791785,
          51.7668947
        ]
      },
      "id": "node/2098757864"
    },
    {
      "type": "Feature",
      "properties": {
        "@id": "node/2110973934",
        "name": "Klimmen-Ransdaal",
        "public_transport": "stop_position",
        "railway": "stop",
        "railway:ref": "Kmr",
        "ref": "2",
        "train": "yes"
      },
      "geometry": {
        "type": "Point",
        "coordinates": [
          5.8901497,
          50.8662767
        ]
      },
      "id": "node/2110973934"
    },
    {
      "type": "Feature",
      "properties": {
        "@id": "node/2110973940",
        "name": "Voerendaal",
        "public_transport": "stop_position",
        "railway": "stop",
        "railway:ref": "Vdl",
        "ref": "2",
        "train": "yes"
      },
      "geometry": {
        "type": "Point",
        "coordinates": [
          5.9294012,
          50.8868543
        ]
      },
      "id": "node/2110973940"
    },
    {
      "type": "Feature",
      "properties": {
        "@id": "node/2110974080",
        "name": "Heerlen Woonboulevard",
        "public_transport": "stop_position",
        "railway": "stop",
        "railway:ref": "Hrlw",
        "ref": "2",
        "train": "yes"
      },
      "geometry": {
        "type": "Point",
        "coordinates": [
          5.9527828,
          50.8961682
        ]
      },
      "id": "node/2110974080"
    },
    {
      "type": "Feature",
      "properties": {
        "@id": "node/2132785146",
        "name": "Almere Poort",
        "operator": "NS",
        "platforms": "2",
        "public_transport": "station",
        "railway": "station",
        "railway:ref": "Ampo",
        "train": "yes",
        "wheelchair": "yes",
        "wikidata": "Q1962194",
        "wikipedia": "nl:Station Almere Poort"
      },
      "geometry": {
        "type": "Point",
        "coordinates": [
          5.1522517,
          52.3429466
        ]
      },
      "id": "node/2132785146"
    },
    {
      "type": "Feature",
      "properties": {
        "@id": "node/2139471937",
        "name": "Hoensbroek",
        "public_transport": "stop_position",
        "railway": "stop",
        "railway:ref": "Hb",
        "ref": "2",
        "train": "yes"
      },
      "geometry": {
        "type": "Point",
        "coordinates": [
          5.9302439,
          50.9055579
        ]
      },
      "id": "node/2139471937"
    },
    {
      "type": "Feature",
      "properties": {
        "@id": "node/2166650982",
        "name": "Den Haag Centraal",
        "public_transport": "stop_position",
        "railway": "stop",
        "railway:ref": "Gvc",
        "ref": "11",
        "train": "yes"
      },
      "geometry": {
        "type": "Point",
        "coordinates": [
          4.3254446,
          52.0807033
        ]
      },
      "id": "node/2166650982"
    },
    {
      "type": "Feature",
      "properties": {
        "@id": "node/2166650983",
        "name": "Den Haag Centraal",
        "public_transport": "stop_position",
        "railway": "stop",
        "railway:ref": "Gvc",
        "ref": "12",
        "train": "yes"
      },
      "geometry": {
        "type": "Point",
        "coordinates": [
          4.3254864,
          52.0807262
        ]
      },
      "id": "node/2166650983"
    },
    {
      "type": "Feature",
      "properties": {
        "@id": "node/2175511591",
        "name": "Delft",
        "network": "ProRail",
        "operator": "Nederlandse Spoorwegen",
        "public_transport": "stop_position",
        "railway": "stop",
        "railway:ref": "Dt",
        "ref": "2",
        "train": "yes",
        "wheelchair": "yes"
      },
      "geometry": {
        "type": "Point",
        "coordinates": [
          4.3567446,
          52.0072734
        ]
      },
      "id": "node/2175511591"
    },
    {
      "type": "Feature",
      "properties": {
        "@id": "node/2175511597",
        "name": "Delft",
        "network": "ProRail",
        "operator": "Nederlandse Spoorwegen",
        "public_transport": "stop_position",
        "railway": "stop",
        "railway:ref": "Dt",
        "ref": "1",
        "train": "yes",
        "wheelchair": "yes"
      },
      "geometry": {
        "type": "Point",
        "coordinates": [
          4.3569489,
          52.0073076
        ]
      },
      "id": "node/2175511597"
    },
    {
      "type": "Feature",
      "properties": {
        "@id": "node/2195493967",
        "name": "Wijlre",
        "operator": "Zuid-Limburgse Stoomtrein Maatschappij",
        "platforms": "2",
        "public_transport": "station",
        "railway": "station",
        "railway:ref": "Wij",
        "train": "yes",
        "usage": "tourism",
        "wheelchair": "no",
        "wikidata": "Q2571606",
        "wikimedia_commons": "Category:Station Wijlre-Gulpen",
        "wikipedia": "nl:Station Wijlre-Gulpen"
      },
      "geometry": {
        "type": "Point",
        "coordinates": [
          5.8980547,
          50.8330395
        ]
      },
      "id": "node/2195493967"
    },
    {
      "type": "Feature",
      "properties": {
        "@id": "node/2195498166",
        "name": "Simpelveld",
        "operator": "Zuid-Limburgse Stoomtrein Maatschappij",
        "platforms": "3",
        "public_transport": "station",
        "railway": "station",
        "railway:ref": "Spv",
        "toilets:wheelchair": "yes",
        "train": "yes",
        "usage": "tourism",
        "wheelchair": "yes",
        "wikidata": "Q2125635",
        "wikimedia_commons": "Category:Station Simpelveld",
        "wikipedia": "nl:Station Simpelveld"
      },
      "geometry": {
        "type": "Point",
        "coordinates": [
          5.9784646,
          50.8315487
        ]
      },
      "id": "node/2195498166"
    },
    {
      "type": "Feature",
      "properties": {
        "@id": "node/2195509430",
        "name": "Bocholtz",
        "operator": "Zuid-Limburgse Stoomtrein Maatschappij",
        "public_transport": "station",
        "railway": "station",
        "railway:ref": "Bch",
        "train": "yes",
        "usage": "tourism",
        "wheelchair": "no",
        "wikidata": "Q14385647",
        "wikimedia_commons": "Category:Station Bocholtz",
        "wikipedia": "nl:Station Bocholtz"
      },
      "geometry": {
        "type": "Point",
        "coordinates": [
          6.0055661,
          50.8170574
        ]
      },
      "id": "node/2195509430"
    },
    {
      "type": "Feature",
      "properties": {
        "@id": "node/2195515087",
        "name": "Kerkrade ZLSM",
        "name:de": "Kirchrath ZLSM",
        "operator": "Zuid-Limburgse Stoomtrein Maatschappij",
        "public_transport": "station",
        "railway": "station",
        "railway:ref": "Krd",
        "train": "yes",
        "usage": "tourism",
        "wikidata": "Q2462184",
        "wikimedia_commons": "Category:Station Kerkrade Centrum",
        "wikipedia": "nl:Station Kerkrade Centrum"
      },
      "geometry": {
        "type": "Point",
        "coordinates": [
          6.0566467,
          50.8590632
        ]
      },
      "id": "node/2195515087"
    },
    {
      "type": "Feature",
      "properties": {
        "@id": "node/2222514795",
        "name": "Amsterdam RAI",
        "public_transport": "stop_position",
        "railway": "stop",
        "ref": "1",
        "train": "yes"
      },
      "geometry": {
        "type": "Point",
        "coordinates": [
          4.8897882,
          52.3369026
        ]
      },
      "id": "node/2222514795"
    },
    {
      "type": "Feature",
      "properties": {
        "@id": "node/2235176450",
        "name": "Beekbergen",
        "operator": "Veluwsche Stoomtrein Maatschappij",
        "public_transport": "station",
        "railway": "station",
        "railway:ref": "Bbg",
        "train": "yes",
        "usage": "tourism",
        "wikidata": "Q5918620",
        "wikipedia": "nl:Station Beekbergen"
      },
      "geometry": {
        "type": "Point",
        "coordinates": [
          5.9866783,
          52.1599795
        ]
      },
      "id": "node/2235176450"
    },
    {
      "type": "Feature",
      "properties": {
        "@id": "node/2235179252",
        "name": "Loenen",
        "operator": "Veluwsche Stoomtrein Maatschappij",
        "public_transport": "station",
        "railway": "station",
        "railway:ref": "Lnn",
        "train": "yes",
        "usage": "tourism",
        "wikidata": "Q1813155",
        "wikipedia": "nl:Station Loenen"
      },
      "geometry": {
        "type": "Point",
        "coordinates": [
          6.0293573,
          52.1293679
        ]
      },
      "id": "node/2235179252"
    },
    {
      "type": "Feature",
      "properties": {
        "@id": "node/2235186029",
        "addr:city": "Apeldoorn",
        "addr:housenumber": "8",
        "addr:postcode": "7311NZ",
        "addr:street": "Stationsplein",
        "name": "Apeldoorn",
        "operator": "Veluwsche Stoomtrein Maatschappij",
        "public_transport": "station",
        "railway": "station",
        "railway:ref": "Apd",
        "train": "yes",
        "usage": "tourism",
        "wikidata": "Q800395",
        "wikipedia": "nl:Station Apeldoorn"
      },
      "geometry": {
        "type": "Point",
        "coordinates": [
          5.9697859,
          52.2089862
        ]
      },
      "id": "node/2235186029"
    },
    {
      "type": "Feature",
      "properties": {
        "@id": "node/2251106171",
        "name": "Schin op Geul",
        "public_transport": "stop_position",
        "railway": "stop",
        "railway:ref": "Sog",
        "ref": "2",
        "train": "yes"
      },
      "geometry": {
        "type": "Point",
        "coordinates": [
          5.872244,
          50.8563199
        ]
      },
      "id": "node/2251106171"
    },
    {
      "type": "Feature",
      "properties": {
        "@id": "node/2258436787",
        "name": "Kerkrade Centrum",
        "public_transport": "stop_position",
        "railway": "stop",
        "train": "yes"
      },
      "geometry": {
        "type": "Point",
        "coordinates": [
          6.0573042,
          50.8612397
        ]
      },
      "id": "node/2258436787"
    },
    {
      "type": "Feature",
      "properties": {
        "@id": "node/2270878248",
        "level": "0",
        "name": "Utrecht Centraal",
        "public_transport": "stop_position",
        "railway": "stop",
        "ref": "5",
        "train": "yes"
      },
      "geometry": {
        "type": "Point",
        "coordinates": [
          5.1105274,
          52.0899178
        ]
      },
      "id": "node/2270878248"
    },
    {
      "type": "Feature",
      "properties": {
        "@id": "node/2280076817",
        "name": "Nijverdal",
        "public_transport": "stop_position",
        "ref": "2",
        "train": "yes"
      },
      "geometry": {
        "type": "Point",
        "coordinates": [
          6.4624206,
          52.3663954
        ]
      },
      "id": "node/2280076817"
    },
    {
      "type": "Feature",
      "properties": {
        "@id": "node/2281209861",
        "name": "Nijverdal",
        "public_transport": "stop_position",
        "ref": "1",
        "train": "yes"
      },
      "geometry": {
        "type": "Point",
        "coordinates": [
          6.4624182,
          52.3663595
        ]
      },
      "id": "node/2281209861"
    },
    {
      "type": "Feature",
      "properties": {
        "@id": "node/2301063953",
        "name": "Houthem-Sint Gerlach",
        "public_transport": "stop_position",
        "railway": "stop",
        "railway:ref": "Sgl",
        "ref": "2",
        "train": "yes"
      },
      "geometry": {
        "type": "Point",
        "coordinates": [
          5.7968504,
          50.8733906
        ]
      },
      "id": "node/2301063953"
    },
    {
      "type": "Feature",
      "properties": {
        "@id": "node/2310076713",
        "name": "Alkmaar",
        "name:ar": "ألكمار",
        "name:ckb": "ئەڵکمار",
        "name:fa": "آلکمار",
        "name:ur": "الکمار",
        "public_transport": "stop_position",
        "railway": "stop",
        "ref": "3",
        "train": "yes"
      },
      "geometry": {
        "type": "Point",
        "coordinates": [
          4.740703,
          52.6380364
        ]
      },
      "id": "node/2310076713"
    },
    {
      "type": "Feature",
      "properties": {
        "@id": "node/2311222308",
        "name": "Vlissingen Souburg",
        "public_transport": "stop_position",
        "railway": "stop",
        "railway:ref": "Vss",
        "ref": "1",
        "train": "yes"
      },
      "geometry": {
        "type": "Point",
        "coordinates": [
          3.594651,
          51.4639254
        ]
      },
      "id": "node/2311222308"
    },
    {
      "type": "Feature",
      "properties": {
        "@id": "node/2311291738",
        "name": "Arnemuiden",
        "public_transport": "stop_position",
        "railway": "stop",
        "railway:ref": "Arn",
        "ref": "2",
        "train": "yes"
      },
      "geometry": {
        "type": "Point",
        "coordinates": [
          3.6674435,
          51.5013627
        ]
      },
      "id": "node/2311291738"
    },
    {
      "type": "Feature",
      "properties": {
        "@id": "node/2311297613",
        "name": "Kapelle-Biezelinge",
        "public_transport": "stop_position",
        "railway": "stop",
        "railway:ref": "Bzl",
        "ref": "1",
        "train": "yes"
      },
      "geometry": {
        "type": "Point",
        "coordinates": [
          3.9547337,
          51.481175
        ]
      },
      "id": "node/2311297613"
    },
    {
      "type": "Feature",
      "properties": {
        "@id": "node/2311307574",
        "name": "Krabbendijke",
        "public_transport": "stop_position",
        "railway": "stop",
        "railway:ref": "Kbd",
        "ref": "2",
        "train": "yes"
      },
      "geometry": {
        "type": "Point",
        "coordinates": [
          4.1153169,
          51.4340589
        ]
      },
      "id": "node/2311307574"
    },
    {
      "type": "Feature",
      "properties": {
        "@id": "node/2311310638",
        "name": "Rilland-Bath",
        "public_transport": "stop_position",
        "railway": "stop",
        "railway:ref": "Rb",
        "ref": "2",
        "train": "yes"
      },
      "geometry": {
        "type": "Point",
        "coordinates": [
          4.1625715,
          51.4227458
        ]
      },
      "id": "node/2311310638"
    },
    {
      "type": "Feature",
      "properties": {
        "@id": "node/2311334429",
        "name": "Zevenbergen",
        "public_transport": "stop_position",
        "railway": "stop",
        "railway:ref": "Zvb",
        "ref": "2",
        "train": "yes"
      },
      "geometry": {
        "type": "Point",
        "coordinates": [
          4.6099978,
          51.6412882
        ]
      },
      "id": "node/2311334429"
    },
    {
      "type": "Feature",
      "properties": {
        "@id": "node/2311357141",
        "name": "Lage Zwaluwe",
        "public_transport": "stop_position",
        "railway": "stop",
        "railway:ref": "Zlw",
        "ref": "3",
        "train": "yes"
      },
      "geometry": {
        "type": "Point",
        "coordinates": [
          4.6637209,
          51.6902658
        ]
      },
      "id": "node/2311357141"
    },
    {
      "type": "Feature",
      "properties": {
        "@id": "node/2311357153",
        "name": "Lage Zwaluwe",
        "public_transport": "stop_position",
        "railway": "stop",
        "railway:ref": "Zlw",
        "ref": "4",
        "train": "yes"
      },
      "geometry": {
        "type": "Point",
        "coordinates": [
          4.6637794,
          51.6902803
        ]
      },
      "id": "node/2311357153"
    },
    {
      "type": "Feature",
      "properties": {
        "@id": "node/2311617727",
        "name": "Meppel",
        "public_transport": "stop_position",
        "railway": "stop",
        "ref": "2",
        "train": "yes"
      },
      "geometry": {
        "type": "Point",
        "coordinates": [
          6.1978577,
          52.6919063
        ]
      },
      "id": "node/2311617727"
    },
    {
      "type": "Feature",
      "properties": {
        "@id": "node/2311656679",
        "name": "Wolvega",
        "public_transport": "stop_position",
        "railway": "stop",
        "ref": "2",
        "train": "yes"
      },
      "geometry": {
        "type": "Point",
        "coordinates": [
          6.0047124,
          52.8802184
        ]
      },
      "id": "node/2311656679"
    },
    {
      "type": "Feature",
      "properties": {
        "@id": "node/2311707501",
        "name": "Akkrum",
        "public_transport": "stop_position",
        "railway": "stop",
        "ref": "2",
        "train": "yes"
      },
      "geometry": {
        "type": "Point",
        "coordinates": [
          5.8432889,
          53.0473397
        ]
      },
      "id": "node/2311707501"
    },
    {
      "type": "Feature",
      "properties": {
        "@id": "node/2311716030",
        "name": "Grijpskerk",
        "public_transport": "stop_position",
        "ref": "2",
        "train": "yes"
      },
      "geometry": {
        "type": "Point",
        "coordinates": [
          6.3098924,
          53.2557684
        ]
      },
      "id": "node/2311716030"
    },
    {
      "type": "Feature",
      "properties": {
        "@id": "node/2311726148",
        "name": "Dronryp",
        "public_transport": "stop_position",
        "ref": "2",
        "train": "yes"
      },
      "geometry": {
        "type": "Point",
        "coordinates": [
          5.6347678,
          53.1776904
        ]
      },
      "id": "node/2311726148"
    },
    {
      "type": "Feature",
      "properties": {
        "@id": "node/2312159339",
        "name": "Schinnen",
        "public_transport": "stop_position",
        "railway": "stop",
        "railway:ref": "Sn",
        "ref": "1",
        "train": "yes"
      },
      "geometry": {
        "type": "Point",
        "coordinates": [
          5.8755502,
          50.9388295
        ]
      },
      "id": "node/2312159339"
    },
    {
      "type": "Feature",
      "properties": {
        "@id": "node/2313636900",
        "name": "Deventer",
        "public_transport": "stop_position",
        "railway": "stop",
        "ref": "1",
        "train": "yes"
      },
      "geometry": {
        "type": "Point",
        "coordinates": [
          6.1612717,
          52.2570197
        ]
      },
      "id": "node/2313636900"
    },
    {
      "type": "Feature",
      "properties": {
        "@id": "node/2315939456",
        "name": "Swalmen",
        "public_transport": "stop_position",
        "railway": "stop",
        "railway:ref": "Sm",
        "ref": "2",
        "train": "yes"
      },
      "geometry": {
        "type": "Point",
        "coordinates": [
          6.0315126,
          51.2354049
        ]
      },
      "id": "node/2315939456"
    },
    {
      "type": "Feature",
      "properties": {
        "@id": "node/2315939562",
        "name": "Tegelen",
        "public_transport": "stop_position",
        "railway": "stop",
        "railway:ref": "Tg",
        "ref": "2",
        "train": "yes"
      },
      "geometry": {
        "type": "Point",
        "coordinates": [
          6.1431495,
          51.3391609
        ]
      },
      "id": "node/2315939562"
    },
    {
      "type": "Feature",
      "properties": {
        "@id": "node/2336169715",
        "name": "Tilburg Reeshof",
        "public_transport": "station",
        "railway": "station",
        "railway:ref": "Tbr",
        "train": "yes",
        "website": "https://www.ns.nl/stationsinformatie/tbr/tilburg-reeshof",
        "wheelchair": "yes",
        "wikidata": "Q2693229",
        "wikipedia": "nl:Station Tilburg Reeshof"
      },
      "geometry": {
        "type": "Point",
        "coordinates": [
          4.9934935,
          51.573665
        ]
      },
      "id": "node/2336169715"
    },
    {
      "type": "Feature",
      "properties": {
        "@id": "node/2357304642",
        "name": "Hoogezand-Sappemeer",
        "public_transport": "stop_position",
        "railway": "stop",
        "ref": "2",
        "train": "yes"
      },
      "geometry": {
        "type": "Point",
        "coordinates": [
          6.7710044,
          53.1597056
        ]
      },
      "id": "node/2357304642"
    },
    {
      "type": "Feature",
      "properties": {
        "@id": "node/2357304672",
        "name": "Martenshoek",
        "public_transport": "stop_position",
        "railway": "stop",
        "ref": "1",
        "train": "yes"
      },
      "geometry": {
        "type": "Point",
        "coordinates": [
          6.7404227,
          53.1608247
        ]
      },
      "id": "node/2357304672"
    },
    {
      "type": "Feature",
      "properties": {
        "@id": "node/2359446679",
        "name": "Maastricht Randwyck",
        "public_transport": "stop_position",
        "railway": "stop",
        "railway:ref": "Mtr",
        "ref": "1",
        "train": "yes"
      },
      "geometry": {
        "type": "Point",
        "coordinates": [
          5.7176475,
          50.8376367
        ]
      },
      "id": "node/2359446679"
    },
    {
      "type": "Feature",
      "properties": {
        "@id": "node/2369355633",
        "name": "'s-Gravenpolder-'s-Heer Abtskerke",
        "operator": "Stoomtrein Goes - Borsele",
        "public_transport": "station",
        "railway": "station",
        "railway:ref": "Gha",
        "train": "yes",
        "usage": "tourism",
        "wikidata": "Q129482",
        "wikipedia": "nl:Station 's-Gravenpolder-'s-Heer Abtskerke"
      },
      "geometry": {
        "type": "Point",
        "coordinates": [
          3.892375,
          51.4620883
        ]
      },
      "id": "node/2369355633"
    },
    {
      "type": "Feature",
      "properties": {
        "@id": "node/2370341277",
        "name": "Goes",
        "operator": "Stoomtrein Goes - Borsele",
        "public_transport": "stop_position",
        "railway": "stop",
        "railway:ref": "Gs",
        "train": "yes"
      },
      "geometry": {
        "type": "Point",
        "coordinates": [
          3.8827289,
          51.4971722
        ]
      },
      "id": "node/2370341277"
    },
    {
      "type": "Feature",
      "properties": {
        "@id": "node/2370354641",
        "name": "Kwadendamme",
        "operator": "Stoomtrein Goes - Borsele",
        "public_transport": "station",
        "railway": "station",
        "railway:ref": "Kdm",
        "train": "yes",
        "usage": "tourism",
        "website": "https://www.destoomtrein.nl/",
        "wikidata": "Q2192565",
        "wikipedia": "nl:Station Kwadendamme"
      },
      "geometry": {
        "type": "Point",
        "coordinates": [
          3.8891869,
          51.4409246
        ]
      },
      "id": "node/2370354641"
    },
    {
      "type": "Feature",
      "properties": {
        "@id": "node/2370920923",
        "name": "Hoedekenskerke",
        "operator": "Stoomtrein Goes - Borsele",
        "public_transport": "station",
        "railway": "station",
        "railway:ref": "Hkk",
        "train": "yes",
        "usage": "tourism",
        "wikidata": "Q2654663",
        "wikipedia": "nl:Station Hoedekenskerke"
      },
      "geometry": {
        "type": "Point",
        "coordinates": [
          3.9137769,
          51.4206086
        ]
      },
      "id": "node/2370920923"
    },
    {
      "type": "Feature",
      "properties": {
        "@id": "node/2388757601",
        "name": "Rotterdam Blaak",
        "public_transport": "stop_position",
        "railway": "stop",
        "railway:ref": "Rtb",
        "ref": "3",
        "train": "yes"
      },
      "geometry": {
        "type": "Point",
        "coordinates": [
          4.488978,
          51.9201038
        ]
      },
      "id": "node/2388757601"
    },
    {
      "type": "Feature",
      "properties": {
        "@id": "node/2388757602",
        "name": "Rotterdam Blaak",
        "public_transport": "stop_position",
        "railway": "stop",
        "railway:ref": "Rtb",
        "ref": "2",
        "train": "yes"
      },
      "geometry": {
        "type": "Point",
        "coordinates": [
          4.4890355,
          51.9201289
        ]
      },
      "id": "node/2388757602"
    },
    {
      "type": "Feature",
      "properties": {
        "@id": "node/2398806785",
        "name": "Nijmegen Lent",
        "public_transport": "stop_position",
        "railway": "stop",
        "railway:ref": "Nml",
        "ref": "1",
        "train": "yes"
      },
      "geometry": {
        "type": "Point",
        "coordinates": [
          5.859699,
          51.862647
        ]
      },
      "id": "node/2398806785"
    },
    {
      "type": "Feature",
      "properties": {
        "@id": "node/2423034041",
        "name": "Velp",
        "public_transport": "stop_position",
        "railway": "stop",
        "ref": "1",
        "train": "yes"
      },
      "geometry": {
        "type": "Point",
        "coordinates": [
          5.9809493,
          51.9950476
        ]
      },
      "id": "node/2423034041"
    },
    {
      "type": "Feature",
      "properties": {
        "@id": "node/2431413900",
        "name": "Schinnen",
        "public_transport": "stop_position",
        "railway": "stop",
        "railway:ref": "Sn",
        "ref": "2",
        "train": "yes"
      },
      "geometry": {
        "type": "Point",
        "coordinates": [
          5.8736651,
          50.939196
        ]
      },
      "id": "node/2431413900"
    },
    {
      "type": "Feature",
      "properties": {
        "@id": "node/2461007005",
        "name": "Wierden",
        "public_transport": "stop_position",
        "railway": "stop",
        "ref": "2",
        "train": "yes"
      },
      "geometry": {
        "type": "Point",
        "coordinates": [
          6.592157,
          52.3614988
        ]
      },
      "id": "node/2461007005"
    },
    {
      "type": "Feature",
      "properties": {
        "@id": "node/2578899071",
        "name": "Wildervank",
        "operator": "Stichting Stadskanaal Rail",
        "public_transport": "station",
        "railway": "station",
        "railway:ref": "Wdv",
        "train": "yes",
        "usage": "tourism",
        "wheelchair": "no",
        "wikidata": "Q2882736",
        "wikipedia": "nl:Station Wildervank"
      },
      "geometry": {
        "type": "Point",
        "coordinates": [
          6.8707393,
          53.0838251
        ]
      },
      "id": "node/2578899071"
    },
    {
      "type": "Feature",
      "properties": {
        "@id": "node/2581766481",
        "name": "Ede Centrum",
        "public_transport": "stop_position",
        "railway": "stop",
        "railway:ref": "Edc",
        "ref": "1",
        "train": "yes"
      },
      "geometry": {
        "type": "Point",
        "coordinates": [
          5.6680632,
          52.0432827
        ]
      },
      "id": "node/2581766481"
    },
    {
      "type": "Feature",
      "properties": {
        "@id": "node/2636314220",
        "addr:city": "Barneveld",
        "addr:housenumber": "4",
        "addr:postcode": "3771ES",
        "addr:street": "Stationsplein",
        "name": "Barneveld Centrum",
        "public_transport": "station",
        "railway": "station",
        "railway:ref": "Bnc",
        "source": "BAG",
        "source:date": "2014-01-22",
        "train": "yes",
        "wikidata": "Q1852535",
        "wikipedia": "nl:Station Barneveld Centrum"
      },
      "geometry": {
        "type": "Point",
        "coordinates": [
          5.5897695,
          52.1404556
        ]
      },
      "id": "node/2636314220"
    },
    {
      "type": "Feature",
      "properties": {
        "@id": "node/2641332941",
        "name": "Dieren",
        "operator": "Veluwsche Stoomtrein Maatschappij",
        "public_transport": "station",
        "railway": "station",
        "railway:ref": "Dr",
        "train": "yes",
        "usage": "tourism",
        "wheelchair": "yes",
        "wikidata": "Q2043036",
        "wikimedia_commons": "Category:Station Dieren",
        "wikipedia": "nl:Station Dieren"
      },
      "geometry": {
        "type": "Point",
        "coordinates": [
          6.1033427,
          52.0454027
        ]
      },
      "id": "node/2641332941"
    },
    {
      "type": "Feature",
      "properties": {
        "@id": "node/2650034276",
        "name": "Haren",
        "public_transport": "stop_position",
        "ref": "1",
        "train": "yes"
      },
      "geometry": {
        "type": "Point",
        "coordinates": [
          6.6181147,
          53.1751079
        ]
      },
      "id": "node/2650034276"
    },
    {
      "type": "Feature",
      "properties": {
        "@id": "node/2688456479",
        "name": "'s-Hertogenbosch",
        "public_transport": "stop_position",
        "railway": "stop",
        "railway:ref": "Ht",
        "ref": "3b",
        "train": "yes"
      },
      "geometry": {
        "type": "Point",
        "coordinates": [
          5.2934555,
          51.6895582
        ]
      },
      "id": "node/2688456479"
    },
    {
      "type": "Feature",
      "properties": {
        "@id": "node/2688456535",
        "name": "'s-Hertogenbosch",
        "public_transport": "stop_position",
        "railway": "stop",
        "railway:ref": "Ht",
        "ref": "7a",
        "train": "yes"
      },
      "geometry": {
        "type": "Point",
        "coordinates": [
          5.2933876,
          51.690992
        ]
      },
      "id": "node/2688456535"
    },
    {
      "type": "Feature",
      "properties": {
        "@id": "node/2689124810",
        "name": "'s-Hertogenbosch",
        "public_transport": "stop_position",
        "railway": "stop",
        "railway:ref": "Ht",
        "ref": "4b",
        "train": "yes"
      },
      "geometry": {
        "type": "Point",
        "coordinates": [
          5.2931836,
          51.6896014
        ]
      },
      "id": "node/2689124810"
    },
    {
      "type": "Feature",
      "properties": {
        "@id": "node/2689124811",
        "name": "'s-Hertogenbosch",
        "public_transport": "stop_position",
        "railway": "stop",
        "railway:ref": "Ht",
        "ref": "7b",
        "train": "yes"
      },
      "geometry": {
        "type": "Point",
        "coordinates": [
          5.2928401,
          51.6896561
        ]
      },
      "id": "node/2689124811"
    },
    {
      "type": "Feature",
      "properties": {
        "@id": "node/2712978849",
        "name": "Apeldoorn",
        "public_transport": "stop_position",
        "ref": "4",
        "train": "yes"
      },
      "geometry": {
        "type": "Point",
        "coordinates": [
          5.9692789,
          52.2091964
        ]
      },
      "id": "node/2712978849"
    },
    {
      "type": "Feature",
      "properties": {
        "@id": "node/2738013707",
        "name": "Amsterdam Sloterdijk",
        "public_transport": "stop_position",
        "railway": "stop",
        "railway:ref": "Ass",
        "ref": "6",
        "train": "yes"
      },
      "geometry": {
        "type": "Point",
        "coordinates": [
          4.8383221,
          52.3889603
        ]
      },
      "id": "node/2738013707"
    },
    {
      "type": "Feature",
      "properties": {
        "@id": "node/2738013717",
        "name": "Amsterdam Sloterdijk",
        "public_transport": "stop_position",
        "railway": "stop",
        "railway:ref": "Ass",
        "ref": "5",
        "train": "yes"
      },
      "geometry": {
        "type": "Point",
        "coordinates": [
          4.8383193,
          52.3891027
        ]
      },
      "id": "node/2738013717"
    },
    {
      "type": "Feature",
      "properties": {
        "@id": "node/2746493059",
        "addr:city": "Anna Paulowna",
        "addr:country": "NL",
        "addr:housenumber": "18",
        "addr:postcode": "1761EB",
        "addr:street": "Stationsweg",
        "name": "Anna Paulowna",
        "public_transport": "station",
        "railway": "station",
        "railway:ref": "Ana",
        "toilets:wheelchair": "no",
        "train": "yes",
        "wheelchair": "yes",
        "wikidata": "Q2198127",
        "wikipedia": "nl:Station Anna Paulowna",
        "zone": "3438"
      },
      "geometry": {
        "type": "Point",
        "coordinates": [
          4.811522,
          52.867721
        ]
      },
      "id": "node/2746493059"
    },
    {
      "type": "Feature",
      "properties": {
        "@id": "node/2757269573",
        "addr:city": "Lievelde",
        "addr:country": "NL",
        "addr:housenumber": "5",
        "addr:postcode": "7137MX",
        "addr:street": "Stationsstraat",
        "name": "Lichtenvoorde-Groenlo",
        "public_transport": "station",
        "railway": "station",
        "railway:ref": "Ltv",
        "source": "BAG",
        "source:date": "2014-03-24",
        "train": "yes",
        "wikidata": "Q3096310",
        "wikipedia": "nl:Station Lichtenvoorde-Groenlo",
        "zone": "4470"
      },
      "geometry": {
        "type": "Point",
        "coordinates": [
          6.5960921,
          52.0120311
        ]
      },
      "id": "node/2757269573"
    },
    {
      "type": "Feature",
      "properties": {
        "@id": "node/2786292541",
        "addr:city": "Gorinchem",
        "addr:housenumber": "15",
        "addr:postcode": "4205AA",
        "addr:street": "Stationsweg",
        "name": "Gorinchem",
        "public_transport": "station",
        "railway": "station",
        "railway:ref": "Gr",
        "source": "BAG",
        "source:date": "2014-03-24",
        "train": "yes",
        "website": "https://www.merwedelingelijn.nl/stations/gorinchem/",
        "wheelchair": "yes",
        "wikidata": "Q125098",
        "wikipedia": "nl:Station Gorinchem",
        "zone": "5175"
      },
      "geometry": {
        "type": "Point",
        "coordinates": [
          4.9674612,
          51.8335723
        ]
      },
      "id": "node/2786292541"
    },
    {
      "type": "Feature",
      "properties": {
        "@id": "node/2803572197",
        "addr:city": "Hoogkarspel",
        "addr:housenumber": "14",
        "addr:postcode": "1616CM",
        "addr:street": "Stationslaan",
        "name": "Hoogkarspel",
        "public_transport": "station",
        "railway": "station",
        "railway:ref": "Hks",
        "railway:ref:DB": "XNHGK",
        "train": "yes",
        "wikidata": "Q2566825",
        "wikipedia": "nl:Station Hoogkarspel",
        "zone": "3835"
      },
      "geometry": {
        "type": "Point",
        "coordinates": [
          5.1825103,
          52.690467
        ]
      },
      "id": "node/2803572197"
    },
    {
      "type": "Feature",
      "properties": {
        "@id": "node/2811490174",
        "name": "Echt",
        "public_transport": "stop_position",
        "railway": "stop",
        "railway:ref": "Ec",
        "ref": "2",
        "train": "yes"
      },
      "geometry": {
        "type": "Point",
        "coordinates": [
          5.8787414,
          51.1001413
        ]
      },
      "id": "node/2811490174"
    },
    {
      "type": "Feature",
      "properties": {
        "@id": "node/2812863011",
        "addr:city": "Haren Gn",
        "addr:housenumber": "1",
        "addr:postcode": "9751SX",
        "addr:street": "Stationsplein",
        "name": "Haren",
        "public_transport": "station",
        "railway": "station",
        "railway:ref": "Hrn",
        "source": "BAG",
        "source:date": "2014-03-24",
        "train": "yes",
        "wheelchair": "yes",
        "wikidata": "Q47317",
        "wikipedia": "nl:Station Haren (Nederland)"
      },
      "geometry": {
        "type": "Point",
        "coordinates": [
          6.6180871,
          53.174863
        ]
      },
      "id": "node/2812863011"
    },
    {
      "type": "Feature",
      "properties": {
        "@id": "node/2815620698",
        "addr:city": "Valkenburg",
        "addr:housenumber": "10",
        "addr:postcode": "6301EZ",
        "addr:street": "Stationsstraat",
        "name": "Valkenburg",
        "name:de": "Falkenburg",
        "name:nl": "Valkenburg",
        "operator": "ProRail;Arriva Personenvervoer Nederland",
        "operator:wikidata": "Q2316882;Q2581356",
        "public_transport": "station",
        "railway": "station",
        "railway:ref": "Vk",
        "source": "BAG",
        "source:date": "2014-03-24",
        "station": "train",
        "train": "yes",
        "uic_ref": "8400632",
        "wheelchair": "yes",
        "wikidata": "Q2066241",
        "wikimedia_commons": "Category:Station Valkenburg",
        "wikipedia": "nl:Station Valkenburg",
        "zone": "6632"
      },
      "geometry": {
        "type": "Point",
        "coordinates": [
          5.8328817,
          50.8692901
        ]
      },
      "id": "node/2815620698"
    },
    {
      "type": "Feature",
      "properties": {
        "@id": "node/2854696578",
        "addr:city": "Harderwijk",
        "addr:housenumber": "1",
        "addr:postcode": "3844KR",
        "addr:street": "Stationsplein",
        "name": "Harderwijk",
        "public_transport": "station",
        "railway": "station",
        "railway:ref": "Hd",
        "source": "BAG",
        "source:date": "2014-05-07",
        "train": "yes",
        "wheelchair": "yes",
        "wikidata": "Q1951271",
        "wikipedia": "nl:Station Harderwijk"
      },
      "geometry": {
        "type": "Point",
        "coordinates": [
          5.6199961,
          52.3377999
        ]
      },
      "id": "node/2854696578"
    },
    {
      "type": "Feature",
      "properties": {
        "@id": "node/2885738382",
        "name": "Helmond Brandevoort",
        "public_transport": "stop_position",
        "railway": "stop",
        "railway:ref": "Hmbv",
        "ref": "2",
        "train": "yes"
      },
      "geometry": {
        "type": "Point",
        "coordinates": [
          5.6086863,
          51.4624078
        ]
      },
      "id": "node/2885738382"
    },
    {
      "type": "Feature",
      "properties": {
        "@id": "node/2891601965",
        "addr:city": "Ermelo",
        "addr:housenumber": "9",
        "addr:postcode": "3851JA",
        "addr:street": "Dokter van Dalelaan",
        "internet_access": "wlan",
        "internet_access:fee": "no",
        "internet_access:ssid": "WifiInErmelo",
        "name": "Ermelo",
        "public_transport": "station",
        "railway": "station",
        "railway:ref": "Eml",
        "source": "BAG",
        "source:date": "2014-05-31",
        "train": "yes",
        "wheelchair": "yes",
        "wikidata": "Q2453345",
        "wikipedia": "nl:Station Ermelo"
      },
      "geometry": {
        "type": "Point",
        "coordinates": [
          5.6144134,
          52.3011045
        ]
      },
      "id": "node/2891601965"
    },
    {
      "type": "Feature",
      "properties": {
        "@id": "node/2901800432",
        "addr:city": "Helmond",
        "addr:housenumber": "1",
        "addr:postcode": "5707KX",
        "addr:street": "Mr. Stikkerplein",
        "name": "Helmond 't Hout",
        "public_transport": "station",
        "railway": "station",
        "railway:ref": "Hmh",
        "source": "BAG",
        "source:date": "2014-06-05",
        "train": "yes",
        "website": "https://www.ns.nl/stationsinformatie/hmh/helmond-t-hout",
        "wikidata": "Q2570647",
        "wikipedia": "nl:Station Helmond 't Hout"
      },
      "geometry": {
        "type": "Point",
        "coordinates": [
          5.6312015,
          51.4681099
        ]
      },
      "id": "node/2901800432"
    },
    {
      "type": "Feature",
      "properties": {
        "@id": "node/2902677221",
        "name": "Eerbeek",
        "operator": "Veluwsche Stoomtrein Maatschappij",
        "public_transport": "station",
        "railway": "station",
        "railway:ref": "Ebk",
        "source": "http://www.stoomtrein.org",
        "train": "yes",
        "usage": "tourism",
        "website": "https://www.stoomtrein.org",
        "wikidata": "Q2681641",
        "wikipedia": "nl:Station Eerbeek"
      },
      "geometry": {
        "type": "Point",
        "coordinates": [
          6.0662863,
          52.1027606
        ]
      },
      "id": "node/2902677221"
    },
    {
      "type": "Feature",
      "properties": {
        "@id": "node/2902741249",
        "name": "Beekbergen",
        "operator": "Veluwsche Stoomtrein Maatschappij",
        "public_transport": "stop_position",
        "railway": "stop",
        "train": "yes"
      },
      "geometry": {
        "type": "Point",
        "coordinates": [
          5.9870954,
          52.1598188
        ]
      },
      "id": "node/2902741249"
    },
    {
      "type": "Feature",
      "properties": {
        "@id": "node/2902916310",
        "addr:city": "Helmond",
        "addr:housenumber": "1",
        "addr:postcode": "5701PE",
        "addr:street": "Stationsplein",
        "name": "Helmond",
        "public_transport": "station",
        "railway": "station",
        "railway:ref": "Hm",
        "source": "BAG",
        "source:date": "2014-06-06",
        "train": "yes",
        "website": "https://www.ns.nl/stationsinformatie/hm/helmond",
        "wikidata": "Q2581822",
        "wikipedia": "nl:Station Helmond",
        "zone": "6531"
      },
      "geometry": {
        "type": "Point",
        "coordinates": [
          5.6616714,
          51.4755665
        ]
      },
      "id": "node/2902916310"
    },
    {
      "type": "Feature",
      "properties": {
        "@id": "node/2930102252",
        "addr:city": "Oss",
        "addr:housenumber": "139",
        "addr:postcode": "5345WZ",
        "addr:street": "Braakstraat",
        "name": "Oss West",
        "public_transport": "station",
        "railway": "station",
        "railway:ref": "Ow",
        "source": "BAG",
        "source:date": "2014-06-23",
        "train": "yes",
        "website": "https://www.ns.nl/stationsinformatie/Ow/oss-west",
        "wheelchair": "yes",
        "wikidata": "Q2791277",
        "wikipedia": "nl:Station Oss West",
        "zone": "6244"
      },
      "geometry": {
        "type": "Point",
        "coordinates": [
          5.5069444,
          51.7584414
        ]
      },
      "id": "node/2930102252"
    },
    {
      "type": "Feature",
      "properties": {
        "@id": "node/2983733524",
        "name": "Houten",
        "public_transport": "station",
        "railway": "station",
        "railway:ref": "Htn",
        "toilets": "yes",
        "train": "yes",
        "website": "https://www.ns.nl/stationsinformatie/htn/houten",
        "wheelchair": "yes",
        "wikidata": "Q800938",
        "wikimedia_commons": "Category:Station Houten",
        "wikipedia": "nl:Station Houten",
        "zone": "5128"
      },
      "geometry": {
        "type": "Point",
        "coordinates": [
          5.1681345,
          52.0340078
        ]
      },
      "id": "node/2983733524"
    },
    {
      "type": "Feature",
      "properties": {
        "@id": "node/2984341864",
        "level": "0",
        "name": "Utrecht Centraal",
        "public_transport": "stop_position",
        "railway": "stop",
        "ref": "7",
        "train": "yes"
      },
      "geometry": {
        "type": "Point",
        "coordinates": [
          5.1101619,
          52.0898821
        ]
      },
      "id": "node/2984341864"
    },
    {
      "type": "Feature",
      "properties": {
        "@id": "node/2984341865",
        "level": "0",
        "name": "Utrecht Centraal",
        "public_transport": "stop_position",
        "railway": "stop",
        "ref": "8",
        "train": "yes"
      },
      "geometry": {
        "type": "Point",
        "coordinates": [
          5.110108,
          52.0898631
        ]
      },
      "id": "node/2984341865"
    },
    {
      "type": "Feature",
      "properties": {
        "@id": "node/2984341866",
        "level": "0",
        "name": "Utrecht Centraal",
        "public_transport": "stop_position",
        "railway": "stop",
        "ref": "9",
        "train": "yes"
      },
      "geometry": {
        "type": "Point",
        "coordinates": [
          5.1098758,
          52.0897816
        ]
      },
      "id": "node/2984341866"
    },
    {
      "type": "Feature",
      "properties": {
        "@id": "node/2984341867",
        "level": "0",
        "name": "Utrecht Centraal",
        "public_transport": "stop_position",
        "railway": "stop",
        "ref": "12",
        "train": "yes"
      },
      "geometry": {
        "type": "Point",
        "coordinates": [
          5.1095873,
          52.0896802
        ]
      },
      "id": "node/2984341867"
    },
    {
      "type": "Feature",
      "properties": {
        "@id": "node/2984341868",
        "level": "0",
        "name": "Utrecht Centraal",
        "public_transport": "stop_position",
        "railway": "stop",
        "ref": "11",
        "train": "yes"
      },
      "geometry": {
        "type": "Point",
        "coordinates": [
          5.1098192,
          52.0897617
        ]
      },
      "id": "node/2984341868"
    },
    {
      "type": "Feature",
      "properties": {
        "@id": "node/2984341869",
        "level": "0",
        "name": "Utrecht Centraal",
        "public_transport": "stop_position",
        "railway": "stop",
        "ref": "14",
        "train": "yes"
      },
      "geometry": {
        "type": "Point",
        "coordinates": [
          5.1095284,
          52.0896595
        ]
      },
      "id": "node/2984341869"
    },
    {
      "type": "Feature",
      "properties": {
        "@id": "node/2984341870",
        "level": "0",
        "name": "Utrecht Centraal",
        "public_transport": "stop_position",
        "railway": "stop",
        "ref": "15",
        "train": "yes"
      },
      "geometry": {
        "type": "Point",
        "coordinates": [
          5.1092552,
          52.089614
        ]
      },
      "id": "node/2984341870"
    },
    {
      "type": "Feature",
      "properties": {
        "@id": "node/2984341871",
        "level": "0",
        "name": "Utrecht Centraal",
        "public_transport": "stop_position",
        "railway": "stop",
        "ref": "18",
        "train": "yes"
      },
      "geometry": {
        "type": "Point",
        "coordinates": [
          5.1091981,
          52.0895954
        ]
      },
      "id": "node/2984341871"
    },
    {
      "type": "Feature",
      "properties": {
        "@id": "node/2984341872",
        "level": "0",
        "name": "Utrecht Centraal",
        "public_transport": "stop_position",
        "railway": "stop",
        "ref": "19",
        "train": "yes"
      },
      "geometry": {
        "type": "Point",
        "coordinates": [
          5.1089728,
          52.0895085
        ]
      },
      "id": "node/2984341872"
    },
    {
      "type": "Feature",
      "properties": {
        "@id": "node/2984341873",
        "level": "0",
        "name": "Utrecht Centraal",
        "public_transport": "stop_position",
        "railway": "stop",
        "ref": "20",
        "train": "yes"
      },
      "geometry": {
        "type": "Point",
        "coordinates": [
          5.1089137,
          52.0894935
        ]
      },
      "id": "node/2984341873"
    },
    {
      "type": "Feature",
      "properties": {
        "@id": "node/2984341874",
        "level": "0",
        "name": "Utrecht Centraal",
        "public_transport": "stop_position",
        "railway": "stop",
        "ref": "21",
        "train": "yes"
      },
      "geometry": {
        "type": "Point",
        "coordinates": [
          5.1087144,
          52.089434
        ]
      },
      "id": "node/2984341874"
    },
    {
      "type": "Feature",
      "properties": {
        "@id": "node/2984341875",
        "name": "Utrecht Centraal",
        "public_transport": "stop_position",
        "railway": "stop",
        "ref": "2",
        "train": "yes"
      },
      "geometry": {
        "type": "Point",
        "coordinates": [
          5.1101792,
          52.0905694
        ]
      },
      "id": "node/2984341875"
    },
    {
      "type": "Feature",
      "properties": {
        "@id": "node/2984341876",
        "name": "Utrecht Centraal",
        "public_transport": "stop_position",
        "railway": "stop",
        "ref": "3",
        "train": "yes"
      },
      "geometry": {
        "type": "Point",
        "coordinates": [
          5.1101284,
          52.0905522
        ]
      },
      "id": "node/2984341876"
    },
    {
      "type": "Feature",
      "properties": {
        "@id": "node/2984341877",
        "name": "Utrecht Centraal",
        "public_transport": "stop_position",
        "railway": "stop",
        "ref": "1",
        "train": "yes"
      },
      "geometry": {
        "type": "Point",
        "coordinates": [
          5.1103323,
          52.090625
        ]
      },
      "id": "node/2984341877"
    },
    {
      "type": "Feature",
      "properties": {
        "@id": "node/2989906405",
        "name": "Zoutindustrie",
        "operator": "Museum Buurtspoorweg",
        "public_transport": "station",
        "railway": "station",
        "railway:ref": "Bkb",
        "train": "yes",
        "usage": "tourism",
        "wikidata": "Q2773641",
        "wikipedia": "nl:Stopplaats Zoutindustrie"
      },
      "geometry": {
        "type": "Point",
        "coordinates": [
          6.7853221,
          52.1917806
        ]
      },
      "id": "node/2989906405"
    },
    {
      "type": "Feature",
      "properties": {
        "@id": "node/2989925910",
        "image": "https://api.railway-stations.org/photos/nl/Z602.jpg",
        "name": "Haaksbergen",
        "operator": "Museum Buurtspoorweg",
        "public_transport": "station",
        "railway": "station",
        "railway:ref": "Hbg",
        "train": "yes",
        "usage": "tourism",
        "wikidata": "Q2123587",
        "wikipedia": "nl:Station Haaksbergen"
      },
      "geometry": {
        "type": "Point",
        "coordinates": [
          6.7381799,
          52.1584703
        ]
      },
      "id": "node/2989925910"
    },
    {
      "type": "Feature",
      "properties": {
        "@id": "node/2989934275",
        "image": "https://api.railway-stations.org/photos/nl/Z606.jpg",
        "name": "Boekelo",
        "operator": "Museum Buurtspoorweg",
        "public_transport": "station",
        "railway": "station",
        "railway:ref": "Bko",
        "train": "yes",
        "usage": "tourism",
        "wikidata": "Q2936259",
        "wikipedia": "nl:Station Boekelo"
      },
      "geometry": {
        "type": "Point",
        "coordinates": [
          6.8008997,
          52.2048225
        ]
      },
      "id": "node/2989934275"
    },
    {
      "type": "Feature",
      "properties": {
        "@id": "node/2990471760",
        "name": "Culemborg",
        "public_transport": "stop_position",
        "railway": "stop",
        "railway:ref": "Cl",
        "ref": "2",
        "train": "yes"
      },
      "geometry": {
        "type": "Point",
        "coordinates": [
          5.2266012,
          51.9469806
        ]
      },
      "id": "node/2990471760"
    },
    {
      "type": "Feature",
      "properties": {
        "@id": "node/2990471761",
        "name": "Culemborg",
        "public_transport": "stop_position",
        "railway": "stop",
        "railway:ref": "Cl",
        "ref": "1",
        "train": "yes"
      },
      "geometry": {
        "type": "Point",
        "coordinates": [
          5.226648,
          51.9469966
        ]
      },
      "id": "node/2990471761"
    },
    {
      "type": "Feature",
      "properties": {
        "@id": "node/2998448459",
        "name": "Tiel Passewaaij",
        "public_transport": "stop_position",
        "railway": "stop",
        "railway:ref": "Tpsw",
        "ref": "1",
        "train": "yes"
      },
      "geometry": {
        "type": "Point",
        "coordinates": [
          5.3918218,
          51.8737094
        ]
      },
      "id": "node/2998448459"
    },
    {
      "type": "Feature",
      "properties": {
        "@id": "node/2998909708",
        "name": "Purmerend Weidevenne",
        "public_transport": "stop_position",
        "railway": "stop",
        "ref": "2",
        "train": "yes"
      },
      "geometry": {
        "type": "Point",
        "coordinates": [
          4.9350482,
          52.4963636
        ]
      },
      "id": "node/2998909708"
    },
    {
      "type": "Feature",
      "properties": {
        "@id": "node/2998909709",
        "name": "Purmerend",
        "public_transport": "stop_position",
        "railway": "stop",
        "ref": "2",
        "train": "yes"
      },
      "geometry": {
        "type": "Point",
        "coordinates": [
          4.9544878,
          52.5039884
        ]
      },
      "id": "node/2998909709"
    },
    {
      "type": "Feature",
      "properties": {
        "@id": "node/3008458701",
        "name": "Hemmen-Dodewaard",
        "public_transport": "stop_position",
        "railway": "stop",
        "railway:ref": "Hmn",
        "ref": "1",
        "train": "yes"
      },
      "geometry": {
        "type": "Point",
        "coordinates": [
          5.6725409,
          51.922389
        ]
      },
      "id": "node/3008458701"
    },
    {
      "type": "Feature",
      "properties": {
        "@id": "node/3008458702",
        "name": "Hemmen-Dodewaard",
        "public_transport": "stop_position",
        "railway": "stop",
        "railway:ref": "Hmn",
        "ref": "2",
        "train": "yes"
      },
      "geometry": {
        "type": "Point",
        "coordinates": [
          5.6744647,
          51.9222222
        ]
      },
      "id": "node/3008458702"
    },
    {
      "type": "Feature",
      "properties": {
        "@id": "node/3010867525",
        "name": "Zetten-Andelst",
        "public_transport": "stop_position",
        "railway": "stop",
        "railway:ref": "Za",
        "ref": "1",
        "train": "yes"
      },
      "geometry": {
        "type": "Point",
        "coordinates": [
          5.72218,
          51.9197243
        ]
      },
      "id": "node/3010867525"
    },
    {
      "type": "Feature",
      "properties": {
        "@id": "node/3010867526",
        "name": "Zetten-Andelst",
        "public_transport": "stop_position",
        "railway": "stop",
        "railway:ref": "Za",
        "ref": "2",
        "train": "yes"
      },
      "geometry": {
        "type": "Point",
        "coordinates": [
          5.7221724,
          51.9196893
        ]
      },
      "id": "node/3010867526"
    },
    {
      "type": "Feature",
      "properties": {
        "@id": "node/3023045974",
        "name": "Elst",
        "public_transport": "stop_position",
        "railway": "stop",
        "railway:ref": "Est",
        "ref": "2",
        "train": "yes"
      },
      "geometry": {
        "type": "Point",
        "coordinates": [
          5.8551096,
          51.9168958
        ]
      },
      "id": "node/3023045974"
    },
    {
      "type": "Feature",
      "properties": {
        "@id": "node/3023045975",
        "name": "Elst",
        "public_transport": "stop_position",
        "railway": "stop",
        "railway:ref": "Est",
        "ref": "1",
        "train": "yes"
      },
      "geometry": {
        "type": "Point",
        "coordinates": [
          5.8550533,
          51.9168936
        ]
      },
      "id": "node/3023045975"
    },
    {
      "type": "Feature",
      "properties": {
        "@id": "node/3062726575",
        "name": "Deventer",
        "public_transport": "stop_position",
        "railway": "stop",
        "ref": "4",
        "train": "yes"
      },
      "geometry": {
        "type": "Point",
        "coordinates": [
          6.1615204,
          52.2572604
        ]
      },
      "id": "node/3062726575"
    },
    {
      "type": "Feature",
      "properties": {
        "@id": "node/3093842602",
        "name": "Etten-Leur",
        "public_transport": "station",
        "railway": "station",
        "railway:ref": "Etn",
        "train": "yes",
        "website": "https://www.ns.nl/stationsinformatie/etn/etten-leur",
        "wheelchair": "yes",
        "wikidata": "Q800746",
        "wikipedia": "nl:Station Etten-Leur"
      },
      "geometry": {
        "type": "Point",
        "coordinates": [
          4.6364804,
          51.5752127
        ]
      },
      "id": "node/3093842602"
    },
    {
      "type": "Feature",
      "properties": {
        "@id": "node/3095680914",
        "name": "Zwolle",
        "public_transport": "stop_position",
        "railway": "stop",
        "ref": "10",
        "train": "yes"
      },
      "geometry": {
        "type": "Point",
        "coordinates": [
          6.0911602,
          52.5044872
        ]
      },
      "id": "node/3095680914"
    },
    {
      "type": "Feature",
      "properties": {
        "@id": "node/3105151948",
        "name": "Utrecht Zuilen",
        "public_transport": "station",
        "railway": "station",
        "railway:ref": "Utzl",
        "toilets:wheelchair": "no",
        "train": "yes",
        "website": "https://www.ns.nl/stationsinformatie/utzl/utrecht-zuilen",
        "wheelchair": "yes",
        "wikidata": "Q656925",
        "wikimedia_commons": "Category:Station Utrecht Zuilen",
        "wikipedia": "nl:Station Utrecht Zuilen",
        "zone": "5000"
      },
      "geometry": {
        "type": "Point",
        "coordinates": [
          5.0893544,
          52.1032324
        ]
      },
      "id": "node/3105151948"
    },
    {
      "type": "Feature",
      "properties": {
        "@id": "node/3188608537",
        "level": "1",
        "name": "Amsterdam Centraal",
        "public_transport": "stop_position",
        "railway": "stop",
        "ref": "14a",
        "train": "yes"
      },
      "geometry": {
        "type": "Point",
        "coordinates": [
          4.8997491,
          52.379672
        ]
      },
      "id": "node/3188608537"
    },
    {
      "type": "Feature",
      "properties": {
        "@id": "node/3210939998",
        "name": "Zoutindustrie",
        "operator": "Museum Buurtspoorweg",
        "public_transport": "stop_position",
        "train": "yes"
      },
      "geometry": {
        "type": "Point",
        "coordinates": [
          6.7852949,
          52.1918018
        ]
      },
      "id": "node/3210939998"
    },
    {
      "type": "Feature",
      "properties": {
        "@id": "node/3234513661",
        "name": "Nijmegen Goffert",
        "platforms": "2",
        "public_transport": "station",
        "railway": "station",
        "railway:ref": "Nmgo",
        "train": "yes",
        "wheelchair": "yes",
        "wikidata": "Q2282156",
        "wikimedia_commons": "Category:Station Nijmegen Goffert",
        "wikipedia": "nl:Station Nijmegen Goffert"
      },
      "geometry": {
        "type": "Point",
        "coordinates": [
          5.8224752,
          51.8272972
        ]
      },
      "id": "node/3234513661"
    },
    {
      "type": "Feature",
      "properties": {
        "@id": "node/3293165266",
        "name": "Nuth",
        "public_transport": "station",
        "railway": "station",
        "railway:ref": "Nh",
        "source": "AND",
        "train": "yes",
        "wheelchair": "yes",
        "wikidata": "Q2202931",
        "wikimedia_commons": "Category:Station Nuth",
        "wikipedia": "nl:Station Nuth",
        "zone": "6624"
      },
      "geometry": {
        "type": "Point",
        "coordinates": [
          5.89267,
          50.9198085
        ]
      },
      "id": "node/3293165266"
    },
    {
      "type": "Feature",
      "properties": {
        "@id": "node/3293165280",
        "name": "Nuth",
        "public_transport": "stop_position",
        "railway": "stop",
        "railway:ref": "Nh",
        "ref": "1",
        "train": "yes"
      },
      "geometry": {
        "type": "Point",
        "coordinates": [
          5.89277,
          50.9195818
        ]
      },
      "id": "node/3293165280"
    },
    {
      "type": "Feature",
      "properties": {
        "@id": "node/3316579461",
        "name": "Gilze-Rijen",
        "public_transport": "stop_position",
        "railway": "stop",
        "railway:ref": "Gz",
        "ref": "3",
        "train": "yes"
      },
      "geometry": {
        "type": "Point",
        "coordinates": [
          4.9254468,
          51.5838189
        ]
      },
      "id": "node/3316579461"
    },
    {
      "type": "Feature",
      "properties": {
        "@id": "node/3376839743",
        "addr:city": "Delft",
        "addr:housenumber": "3",
        "addr:postcode": "2611BV",
        "addr:street": "Stationsplein",
        "name": "Delft",
        "operator": "Nederlandse Spoorwegen",
        "operator:type": "government",
        "operator:wikidata": "Q23076",
        "public_transport": "station",
        "railway": "station",
        "railway:ref": "Dt",
        "train": "yes",
        "website": "https://www.ns.nl/stationsinformatie/dt/delft",
        "wheelchair": "yes",
        "wikidata": "Q800653",
        "wikipedia": "nl:Station Delft"
      },
      "geometry": {
        "type": "Point",
        "coordinates": [
          4.3565807,
          52.0075518
        ]
      },
      "id": "node/3376839743"
    },
    {
      "type": "Feature",
      "properties": {
        "@id": "node/3377497433",
        "name": "Geleen Oost",
        "public_transport": "stop_position",
        "railway": "stop",
        "railway:ref": "Gln",
        "ref": "1",
        "train": "yes",
        "wikidata": "Q2677839",
        "wikimedia_commons": "Category:Station Geleen Oost",
        "wikipedia": "nl:Station Geleen Oost"
      },
      "geometry": {
        "type": "Point",
        "coordinates": [
          5.8430857,
          50.9670794
        ]
      },
      "id": "node/3377497433"
    },
    {
      "type": "Feature",
      "properties": {
        "@id": "node/3479331097",
        "alt_name": "Den Haag Centraal Station",
        "name": "Den Haag Centraal",
        "note:start_date": "Voor 1976 al gedeeltelijk in gebruik. Voorafgegaan door station Den Haag Staatsspoor, op iets andere locatie.",
        "old_name:-2000-05-29": "Den Haag CS",
        "public_transport": "station",
        "railway": "station",
        "railway:ref": "Gvc",
        "start_date": "1976-05-29",
        "toilets:wheelchair": "yes",
        "train": "yes",
        "website": "https://www.ns.nl/stationsinformatie/gvc/den-haag-centraal",
        "wheelchair": "yes",
        "wikidata": "Q200704",
        "wikipedia": "nl:Station Den Haag Centraal"
      },
      "geometry": {
        "type": "Point",
        "coordinates": [
          4.3245487,
          52.0808443
        ]
      },
      "id": "node/3479331097"
    },
    {
      "type": "Feature",
      "properties": {
        "@id": "node/3497550448",
        "name": "Den Haag Hollands Spoor",
        "public_transport": "stop_position",
        "railway": "stop",
        "railway:ref": "Gv",
        "railway:ref:NMBS/SNCB": "XNDHH",
        "ref": "5",
        "train": "yes"
      },
      "geometry": {
        "type": "Point",
        "coordinates": [
          4.3226996,
          52.0696677
        ]
      },
      "id": "node/3497550448"
    },
    {
      "type": "Feature",
      "properties": {
        "@id": "node/3497550449",
        "name": "Den Haag Hollands Spoor",
        "public_transport": "stop_position",
        "railway": "stop",
        "railway:ref": "Gv",
        "railway:ref:NMBS/SNCB": "XNDHH",
        "ref": "4",
        "train": "yes"
      },
      "geometry": {
        "type": "Point",
        "coordinates": [
          4.3226635,
          52.0696955
        ]
      },
      "id": "node/3497550449"
    },
    {
      "type": "Feature",
      "properties": {
        "@id": "node/3497550450",
        "alt_name": "Den Haag Hollands Spoor",
        "image": "https://i.pinimg.com/originals/4b/62/8f/4b628fb8234e4f7c1f9829060f9be5fe.jpg",
        "name": "Den Haag HS",
        "operator:website": "https://www.prorail.nl/projecten/werkzaamheden-den-haag-hollands-spoor;https://www.ruland.nl/ondertussen-in-het-stationsgebouw-den-haag-hollands-spoor/;https://www.arcadis.com/nl-nl/projects/europe/netherlands/haagse-koninklijke-wachtkamer-den-haag-holla",
        "public_transport": "station",
        "railway": "station",
        "railway:ref": "Gv",
        "railway:ref:NMBS/SNCB": "XNDHH",
        "train": "yes",
        "website": "https://www.ns.nl/stationsinformatie/gv/den-haag-hs",
        "wheelchair": "yes",
        "wikidata": "Q800657",
        "wikipedia": "nl:Station Den Haag HS"
      },
      "geometry": {
        "type": "Point",
        "coordinates": [
          4.3222758,
          52.0701372
        ]
      },
      "id": "node/3497550450"
    },
    {
      "type": "Feature",
      "properties": {
        "@id": "node/3497550451",
        "name": "Den Haag Hollands Spoor",
        "public_transport": "stop_position",
        "railway": "stop",
        "railway:ref": "Gv",
        "railway:ref:NMBS/SNCB": "XNDHH",
        "ref": "1",
        "train": "yes"
      },
      "geometry": {
        "type": "Point",
        "coordinates": [
          4.3223162,
          52.0699664
        ]
      },
      "id": "node/3497550451"
    },
    {
      "type": "Feature",
      "properties": {
        "@id": "node/3501464156",
        "name": "Den Haag Moerwijk",
        "public_transport": "station",
        "railway": "station",
        "railway:ref": "Gvmw",
        "train": "yes",
        "website": "https://www.ns.nl/stationsinformatie/gvmw/den-haag-moerwijk",
        "wikidata": "Q3093239",
        "wikipedia": "nl:Station Den Haag Moerwijk",
        "zone": "5400"
      },
      "geometry": {
        "type": "Point",
        "coordinates": [
          4.3085449,
          52.054519
        ]
      },
      "id": "node/3501464156"
    },
    {
      "type": "Feature",
      "properties": {
        "@id": "node/3504104382",
        "alt_name": "Den Haag Laan van Nieuw Oost-Indië",
        "light_rail": "yes",
        "name": "Den Haag Laan van NOI",
        "note:name": "Schrijfwijze ProRail",
        "note:short_name": "Schrijfwijze NS",
        "old_name": "Nieuw Oosteinde",
        "old_name:-1978": "Laan van Nieuw Oost-Indië",
        "public_transport": "station",
        "railway": "station",
        "railway:ref": "Laa",
        "short_name": "Den Haag Laan v NOI",
        "station": "train;light_rail",
        "train": "yes",
        "tram": "yes",
        "website": "https://www.ns.nl/stationsinformatie/laa/den-haag-laan-v-noi",
        "wheelchair": "yes",
        "wikidata": "Q800656",
        "wikipedia": "nl:Station Den Haag Laan van NOI",
        "zone": "5400"
      },
      "geometry": {
        "type": "Point",
        "coordinates": [
          4.3432643,
          52.0789705
        ]
      },
      "id": "node/3504104382"
    },
    {
      "type": "Feature",
      "properties": {
        "@id": "node/3504759026",
        "name": "Den Haag Laan van NOI",
        "public_transport": "stop_position",
        "railway": "stop",
        "railway:ref": "Laa",
        "ref": "6",
        "train": "yes"
      },
      "geometry": {
        "type": "Point",
        "coordinates": [
          4.3427551,
          52.078612
        ]
      },
      "id": "node/3504759026"
    },
    {
      "type": "Feature",
      "properties": {
        "@id": "node/3504784522",
        "name": "Den Haag Laan van NOI",
        "public_transport": "stop_position",
        "railway": "stop",
        "railway:ref": "Laa",
        "ref": "5",
        "train": "yes"
      },
      "geometry": {
        "type": "Point",
        "coordinates": [
          4.3427206,
          52.0786418
        ]
      },
      "id": "node/3504784522"
    },
    {
      "type": "Feature",
      "properties": {
        "@id": "node/3504784523",
        "name": "Den Haag Laan van NOI",
        "public_transport": "stop_position",
        "railway": "stop",
        "railway:ref": "Laa",
        "ref": "4",
        "train": "yes"
      },
      "geometry": {
        "type": "Point",
        "coordinates": [
          4.3426042,
          52.078741
        ]
      },
      "id": "node/3504784523"
    },
    {
      "type": "Feature",
      "properties": {
        "@id": "node/3504784524",
        "name": "Den Haag Laan van NOI",
        "public_transport": "stop_position",
        "railway": "stop",
        "railway:ref": "Laa",
        "ref": "3",
        "train": "yes"
      },
      "geometry": {
        "type": "Point",
        "coordinates": [
          4.3425697,
          52.078775
        ]
      },
      "id": "node/3504784524"
    },
    {
      "type": "Feature",
      "properties": {
        "@id": "node/3505712905",
        "name": "Den Haag Mariahoeve",
        "public_transport": "station",
        "railway": "station",
        "railway:ref": "Gvm",
        "train": "yes",
        "website": "https://www.ns.nl/stationsinformatie/gvm/den-haag-mariahoeve",
        "wheelchair": "yes",
        "wikidata": "Q3018599",
        "wikipedia": "nl:Station Den Haag Mariahoeve",
        "zone": "5413"
      },
      "geometry": {
        "type": "Point",
        "coordinates": [
          4.3700691,
          52.0909985
        ]
      },
      "id": "node/3505712905"
    },
    {
      "type": "Feature",
      "properties": {
        "@id": "node/3505719785",
        "name": "Den Haag Mariahoeve",
        "public_transport": "stop_position",
        "railway": "stop",
        "railway:ref": "Gvm",
        "ref": "4",
        "train": "yes"
      },
      "geometry": {
        "type": "Point",
        "coordinates": [
          4.3693105,
          52.090539
        ]
      },
      "id": "node/3505719785"
    },
    {
      "type": "Feature",
      "properties": {
        "@id": "node/3505719786",
        "name": "Den Haag Mariahoeve",
        "public_transport": "stop_position",
        "railway": "stop",
        "railway:ref": "Gvm",
        "ref": "3",
        "train": "yes"
      },
      "geometry": {
        "type": "Point",
        "coordinates": [
          4.3692754,
          52.0905707
        ]
      },
      "id": "node/3505719786"
    },
    {
      "type": "Feature",
      "properties": {
        "@id": "node/3505719787",
        "name": "Den Haag Mariahoeve",
        "public_transport": "stop_position",
        "railway": "stop",
        "railway:ref": "Gvm",
        "ref": "2",
        "train": "yes"
      },
      "geometry": {
        "type": "Point",
        "coordinates": [
          4.3691769,
          52.0906524
        ]
      },
      "id": "node/3505719787"
    },
    {
      "type": "Feature",
      "properties": {
        "@id": "node/3505719788",
        "name": "Den Haag Mariahoeve",
        "public_transport": "stop_position",
        "railway": "stop",
        "railway:ref": "Gvm",
        "ref": "1",
        "train": "yes"
      },
      "geometry": {
        "type": "Point",
        "coordinates": [
          4.369142,
          52.0906809
        ]
      },
      "id": "node/3505719788"
    },
    {
      "type": "Feature",
      "properties": {
        "@id": "node/3507247429",
        "name": "Voorburg",
        "public_transport": "station",
        "railway": "station",
        "railway:ref": "Vb",
        "source": "AND",
        "train": "yes",
        "website": "https://www.ns.nl/stationsinformatie/vb/voorburg",
        "wikidata": "Q7941701",
        "wikipedia": "nl:Station Voorburg",
        "zone": "5413"
      },
      "geometry": {
        "type": "Point",
        "coordinates": [
          4.3595644,
          52.0665882
        ]
      },
      "id": "node/3507247429"
    },
    {
      "type": "Feature",
      "properties": {
        "@id": "node/3507247430",
        "local_ref": "2",
        "name": "Voorburg",
        "public_transport": "stop_position",
        "railway": "stop",
        "railway:ref": "Vb",
        "ref": "2",
        "train": "yes"
      },
      "geometry": {
        "type": "Point",
        "coordinates": [
          4.3592423,
          52.0666421
        ]
      },
      "id": "node/3507247430"
    },
    {
      "type": "Feature",
      "properties": {
        "@id": "node/3508543971",
        "name": "Den Haag Ypenburg",
        "public_transport": "station",
        "railway": "station",
        "railway:ref": "Ypb",
        "source": "AND",
        "train": "yes",
        "website": "https://www.ns.nl/stationsinformatie/ypb/den-haag-ypenburg",
        "wheelchair": "yes",
        "wikidata": "Q2295597",
        "wikipedia": "nl:Station Den Haag Ypenburg",
        "zone": "5421"
      },
      "geometry": {
        "type": "Point",
        "coordinates": [
          4.390848,
          52.0558168
        ]
      },
      "id": "node/3508543971"
    },
    {
      "type": "Feature",
      "properties": {
        "@id": "node/3551688975",
        "level": "1",
        "name": "Amsterdam Centraal",
        "public_transport": "stop_position",
        "railway": "stop",
        "ref": "10b",
        "train": "yes"
      },
      "geometry": {
        "type": "Point",
        "coordinates": [
          4.9011909,
          52.3788198
        ]
      },
      "id": "node/3551688975"
    },
    {
      "type": "Feature",
      "properties": {
        "@id": "node/3551688976",
        "name": "Amsterdam Sloterdijk",
        "public_transport": "stop_position",
        "railway": "stop",
        "railway:ref": "Ass",
        "ref": "4",
        "train": "yes"
      },
      "geometry": {
        "type": "Point",
        "coordinates": [
          4.8383184,
          52.3891667
        ]
      },
      "id": "node/3551688976"
    },
    {
      "type": "Feature",
      "properties": {
        "@id": "node/3551688977",
        "name": "Amsterdam Sloterdijk",
        "public_transport": "stop_position",
        "railway": "stop",
        "railway:ref": "Ass",
        "ref": "3",
        "train": "yes"
      },
      "geometry": {
        "type": "Point",
        "coordinates": [
          4.8383158,
          52.3893086
        ]
      },
      "id": "node/3551688977"
    },
    {
      "type": "Feature",
      "properties": {
        "@id": "node/3558201091",
        "name": "Heemstede-Aerdenhout",
        "public_transport": "stop_position",
        "railway": "stop",
        "railway:ref": "Had",
        "ref": "1",
        "train": "yes"
      },
      "geometry": {
        "type": "Point",
        "coordinates": [
          4.6068169,
          52.3595002
        ]
      },
      "id": "node/3558201091"
    },
    {
      "type": "Feature",
      "properties": {
        "@id": "node/3558201092",
        "name": "Rotterdam Centraal",
        "public_transport": "stop_position",
        "railway": "stop",
        "railway:ref": "Rtd",
        "railway:ref:NMBS/SNCB": "XNRTD",
        "ref": "6",
        "train": "yes",
        "wikidata": "Q801388",
        "wikipedia": "nl:Station Rotterdam Centraal"
      },
      "geometry": {
        "type": "Point",
        "coordinates": [
          4.4690205,
          51.9248459
        ]
      },
      "id": "node/3558201092"
    },
    {
      "type": "Feature",
      "properties": {
        "@id": "node/3558210193",
        "name": "Rotterdam Centraal",
        "public_transport": "stop_position",
        "railway": "stop",
        "railway:ref": "Rtd",
        "railway:ref:NMBS/SNCB": "XNRTD",
        "ref": "9",
        "train": "yes",
        "wikidata": "Q801388",
        "wikipedia": "nl:Station Rotterdam Centraal"
      },
      "geometry": {
        "type": "Point",
        "coordinates": [
          4.4688589,
          51.925149
        ]
      },
      "id": "node/3558210193"
    },
    {
      "type": "Feature",
      "properties": {
        "@id": "node/3558210194",
        "name": "Schiedam Centrum",
        "public_transport": "stop_position",
        "railway": "stop",
        "railway:ref": "Sdm",
        "ref": "5",
        "train": "yes"
      },
      "geometry": {
        "type": "Point",
        "coordinates": [
          4.409504,
          51.922007
        ]
      },
      "id": "node/3558210194"
    },
    {
      "type": "Feature",
      "properties": {
        "@id": "node/3559189847",
        "name": "Almere Centrum",
        "operator": "NS",
        "public_transport": "stop_position",
        "railway": "stop",
        "railway:ref": "Alm",
        "ref": "2",
        "train": "yes"
      },
      "geometry": {
        "type": "Point",
        "coordinates": [
          5.2177184,
          52.3750479
        ]
      },
      "id": "node/3559189847"
    },
    {
      "type": "Feature",
      "properties": {
        "@id": "node/3559189848",
        "name": "Kruiningen-Yerseke",
        "public_transport": "stop_position",
        "railway": "stop",
        "railway:ref": "Krg",
        "ref": "1",
        "train": "yes"
      },
      "geometry": {
        "type": "Point",
        "coordinates": [
          4.0376319,
          51.4649912
        ]
      },
      "id": "node/3559189848"
    },
    {
      "type": "Feature",
      "properties": {
        "@id": "node/3559189849",
        "name": "Middelburg",
        "public_transport": "stop_position",
        "railway": "stop",
        "railway:ref": "Mdb",
        "ref": "1",
        "train": "yes"
      },
      "geometry": {
        "type": "Point",
        "coordinates": [
          3.6182829,
          51.4951586
        ]
      },
      "id": "node/3559189849"
    },
    {
      "type": "Feature",
      "properties": {
        "@id": "node/3560298229",
        "level": "1",
        "name": "Amsterdam Centraal",
        "public_transport": "stop_position",
        "railway": "stop",
        "ref": "5a",
        "train": "yes"
      },
      "geometry": {
        "type": "Point",
        "coordinates": [
          4.8993016,
          52.3792053
        ]
      },
      "id": "node/3560298229"
    },
    {
      "type": "Feature",
      "properties": {
        "@id": "node/3560298230",
        "level": "1",
        "name": "Amsterdam Centraal",
        "public_transport": "stop_position",
        "railway": "stop",
        "ref": "8a",
        "train": "yes"
      },
      "geometry": {
        "type": "Point",
        "coordinates": [
          4.8994455,
          52.3793725
        ]
      },
      "id": "node/3560298230"
    },
    {
      "type": "Feature",
      "properties": {
        "@id": "node/3560298231",
        "name": "Anna Paulowna",
        "public_transport": "stop_position",
        "railway": "stop",
        "ref": "1",
        "train": "yes"
      },
      "geometry": {
        "type": "Point",
        "coordinates": [
          4.8113107,
          52.867646
        ]
      },
      "id": "node/3560298231"
    },
    {
      "type": "Feature",
      "properties": {
        "@id": "node/3560298233",
        "name": "Heerhugowaard",
        "public_transport": "stop_position",
        "railway": "stop",
        "ref": "1",
        "train": "yes"
      },
      "geometry": {
        "type": "Point",
        "coordinates": [
          4.8218398,
          52.6695126
        ]
      },
      "id": "node/3560298233"
    },
    {
      "type": "Feature",
      "properties": {
        "@id": "node/3560298234",
        "name": "Schagen",
        "public_transport": "stop_position",
        "railway": "stop",
        "ref": "2",
        "train": "yes"
      },
      "geometry": {
        "type": "Point",
        "coordinates": [
          4.8052883,
          52.7852712
        ]
      },
      "id": "node/3560298234"
    },
    {
      "type": "Feature",
      "properties": {
        "@id": "node/3560318650",
        "local_ref": "2",
        "name": "Amsterdam Bijlmer ArenA",
        "public_transport": "stop_position",
        "railway": "stop",
        "ref": "2",
        "train": "yes"
      },
      "geometry": {
        "type": "Point",
        "coordinates": [
          4.9478826,
          52.3119171
        ]
      },
      "id": "node/3560318650"
    },
    {
      "type": "Feature",
      "properties": {
        "@id": "node/3578080066",
        "name": "Alkmaar",
        "name:ar": "ألكمار",
        "name:ckb": "ئەڵکمار",
        "name:fa": "آلکمار",
        "name:ur": "الکمار",
        "public_transport": "stop_position",
        "railway": "stop",
        "ref": "4",
        "train": "yes"
      },
      "geometry": {
        "type": "Point",
        "coordinates": [
          4.740698,
          52.6380732
        ]
      },
      "id": "node/3578080066"
    },
    {
      "type": "Feature",
      "properties": {
        "@id": "node/3578080067",
        "name": "Obdam",
        "public_transport": "station",
        "railway": "station",
        "railway:ref": "Obd",
        "train": "yes",
        "wikidata": "Q4844380",
        "wikipedia": "nl:Station Obdam",
        "zone": "3847"
      },
      "geometry": {
        "type": "Point",
        "coordinates": [
          4.9092183,
          52.6780448
        ]
      },
      "id": "node/3578080067"
    },
    {
      "type": "Feature",
      "properties": {
        "@id": "node/3578131267",
        "name": "Sittard",
        "public_transport": "stop_position",
        "railway": "stop",
        "railway:ref": "Std",
        "ref": "2b",
        "train": "yes"
      },
      "geometry": {
        "type": "Point",
        "coordinates": [
          5.8592331,
          51.0023508
        ]
      },
      "id": "node/3578131267"
    },
    {
      "type": "Feature",
      "properties": {
        "@id": "node/3578186047",
        "level": "0",
        "name": "Breda",
        "public_transport": "stop_position",
        "railway": "stop",
        "railway:ref": "Bd",
        "ref": "3",
        "train": "yes"
      },
      "geometry": {
        "type": "Point",
        "coordinates": [
          4.7800129,
          51.5952101
        ]
      },
      "id": "node/3578186047"
    },
    {
      "type": "Feature",
      "properties": {
        "@id": "node/3578186048",
        "name": "Etten-Leur",
        "public_transport": "stop_position",
        "railway": "stop",
        "railway:ref": "Etn",
        "ref": "1",
        "train": "yes"
      },
      "geometry": {
        "type": "Point",
        "coordinates": [
          4.6364228,
          51.57518
        ]
      },
      "id": "node/3578186048"
    },
    {
      "type": "Feature",
      "properties": {
        "@id": "node/3578186049",
        "name": "Etten-Leur",
        "public_transport": "stop_position",
        "railway": "stop",
        "railway:ref": "Etn",
        "ref": "2",
        "train": "yes"
      },
      "geometry": {
        "type": "Point",
        "coordinates": [
          4.6364048,
          51.5752107
        ]
      },
      "id": "node/3578186049"
    },
    {
      "type": "Feature",
      "properties": {
        "@id": "node/3578186050",
        "name": "Roosendaal",
        "public_transport": "stop_position",
        "railway": "stop",
        "railway:ref": "Rsd",
        "railway:ref:NMBS/SNCB": "XNRSD",
        "ref": "1a",
        "train": "yes"
      },
      "geometry": {
        "type": "Point",
        "coordinates": [
          4.4579332,
          51.5399249
        ]
      },
      "id": "node/3578186050"
    },
    {
      "type": "Feature",
      "properties": {
        "@id": "node/3578219044",
        "name": "Dalfsen",
        "public_transport": "stop_position",
        "ref": "1",
        "train": "yes"
      },
      "geometry": {
        "type": "Point",
        "coordinates": [
          6.2594998,
          52.4982557
        ]
      },
      "id": "node/3578219044"
    },
    {
      "type": "Feature",
      "properties": {
        "@id": "node/3578219045",
        "name": "Emmen",
        "name:ar": "إمن",
        "name:fa": "امن",
        "public_transport": "stop_position",
        "railway": "stop",
        "ref": "2",
        "train": "yes"
      },
      "geometry": {
        "type": "Point",
        "coordinates": [
          6.8997655,
          52.7906353
        ]
      },
      "id": "node/3578219045"
    },
    {
      "type": "Feature",
      "properties": {
        "@id": "node/3578219046",
        "name": "Mariënberg",
        "public_transport": "stop_position",
        "railway": "stop",
        "ref": "2",
        "train": "yes"
      },
      "geometry": {
        "type": "Point",
        "coordinates": [
          6.5748762,
          52.5092013
        ]
      },
      "id": "node/3578219046"
    },
    {
      "type": "Feature",
      "properties": {
        "@id": "node/3578219047",
        "name": "Mariënberg",
        "public_transport": "stop_position",
        "railway": "stop",
        "ref": "1",
        "train": "yes"
      },
      "geometry": {
        "type": "Point",
        "coordinates": [
          6.5748323,
          52.5092326
        ]
      },
      "id": "node/3578219047"
    },
    {
      "type": "Feature",
      "properties": {
        "@id": "node/3578450303",
        "level": "1",
        "name": "Amsterdam Centraal",
        "public_transport": "stop_position",
        "railway": "stop",
        "ref": "7a",
        "train": "yes"
      },
      "geometry": {
        "type": "Point",
        "coordinates": [
          4.8993648,
          52.3792659
        ]
      },
      "id": "node/3578450303"
    },
    {
      "type": "Feature",
      "properties": {
        "@id": "node/3578450305",
        "name": "Gouda Goverwelle",
        "public_transport": "stop_position",
        "railway": "stop",
        "railway:ref": "Gdg",
        "ref": "3",
        "train": "yes"
      },
      "geometry": {
        "type": "Point",
        "coordinates": [
          4.742102,
          52.0150312
        ]
      },
      "id": "node/3578450305"
    },
    {
      "type": "Feature",
      "properties": {
        "@id": "node/3578450307",
        "name": "Rotterdam Noord",
        "public_transport": "stop_position",
        "railway": "stop",
        "railway:ref": "Rtn",
        "ref": "1",
        "train": "yes"
      },
      "geometry": {
        "type": "Point",
        "coordinates": [
          4.4815868,
          51.9422401
        ]
      },
      "id": "node/3578450307"
    },
    {
      "type": "Feature",
      "properties": {
        "@id": "node/3583145700",
        "name": "Almere Centrum",
        "operator": "NS",
        "public_transport": "stop_position",
        "railway": "stop",
        "railway:ref": "Alm",
        "ref": "4",
        "train": "yes"
      },
      "geometry": {
        "type": "Point",
        "coordinates": [
          5.2177824,
          52.3748775
        ]
      },
      "id": "node/3583145700"
    },
    {
      "type": "Feature",
      "properties": {
        "@id": "node/3583145701",
        "name": "Duivendrecht",
        "public_transport": "stop_position",
        "railway": "stop",
        "ref": "1",
        "train": "yes"
      },
      "geometry": {
        "type": "Point",
        "coordinates": [
          4.9366414,
          52.3234617
        ]
      },
      "id": "node/3583145701"
    },
    {
      "type": "Feature",
      "properties": {
        "@id": "node/3583145702",
        "name": "Weesp",
        "public_transport": "stop_position",
        "railway": "stop",
        "railway:ref": "Wp",
        "ref": "1",
        "train": "yes"
      },
      "geometry": {
        "type": "Point",
        "coordinates": [
          5.0438547,
          52.3120677
        ]
      },
      "id": "node/3583145702"
    },
    {
      "type": "Feature",
      "properties": {
        "@id": "node/3584243654",
        "name": "Nijmegen Dukenburg",
        "public_transport": "stop_position",
        "railway": "stop",
        "railway:ref": "Nmd",
        "ref": "1",
        "train": "yes"
      },
      "geometry": {
        "type": "Point",
        "coordinates": [
          5.7942243,
          51.8239665
        ]
      },
      "id": "node/3584243654"
    },
    {
      "type": "Feature",
      "properties": {
        "@id": "node/3584243655",
        "name": "Oss West",
        "public_transport": "stop_position",
        "railway": "stop",
        "railway:ref": "Ow",
        "ref": "1",
        "train": "yes"
      },
      "geometry": {
        "type": "Point",
        "coordinates": [
          5.506932,
          51.758455
        ]
      },
      "id": "node/3584243655"
    },
    {
      "type": "Feature",
      "properties": {
        "@id": "node/3584243656",
        "name": "Ravenstein",
        "public_transport": "stop_position",
        "railway": "stop",
        "railway:ref": "Rvs",
        "ref": "2",
        "train": "yes"
      },
      "geometry": {
        "type": "Point",
        "coordinates": [
          5.6371607,
          51.7946535
        ]
      },
      "id": "node/3584243656"
    },
    {
      "type": "Feature",
      "properties": {
        "@id": "node/3584243657",
        "name": "Ravenstein",
        "public_transport": "stop_position",
        "railway": "stop",
        "railway:ref": "Rvs",
        "ref": "1",
        "train": "yes"
      },
      "geometry": {
        "type": "Point",
        "coordinates": [
          5.6371212,
          51.7946852
        ]
      },
      "id": "node/3584243657"
    },
    {
      "type": "Feature",
      "properties": {
        "@id": "node/3584243658",
        "name": "Rosmalen",
        "public_transport": "stop_position",
        "railway": "stop",
        "railway:ref": "Rs",
        "ref": "2",
        "train": "yes"
      },
      "geometry": {
        "type": "Point",
        "coordinates": [
          5.3691181,
          51.7149968
        ]
      },
      "id": "node/3584243658"
    },
    {
      "type": "Feature",
      "properties": {
        "@id": "node/3584243659",
        "name": "Rosmalen",
        "public_transport": "stop_position",
        "railway": "stop",
        "railway:ref": "Rs",
        "ref": "1",
        "train": "yes"
      },
      "geometry": {
        "type": "Point",
        "coordinates": [
          5.3690962,
          51.7150269
        ]
      },
      "id": "node/3584243659"
    },
    {
      "type": "Feature",
      "properties": {
        "@id": "node/3584243660",
        "name": "Wijchen",
        "public_transport": "stop_position",
        "railway": "stop",
        "railway:ref": "Wc",
        "ref": "3",
        "train": "yes"
      },
      "geometry": {
        "type": "Point",
        "coordinates": [
          5.7310626,
          51.8115729
        ]
      },
      "id": "node/3584243660"
    },
    {
      "type": "Feature",
      "properties": {
        "@id": "node/3584279257",
        "name": "Amsterdam Science Park",
        "public_transport": "stop_position",
        "railway": "stop",
        "ref": "2",
        "train": "yes",
        "wikimedia_commons": "Category:Station Amsterdam Science Park"
      },
      "geometry": {
        "type": "Point",
        "coordinates": [
          4.9483302,
          52.3529379
        ]
      },
      "id": "node/3584279257"
    },
    {
      "type": "Feature",
      "properties": {
        "@id": "node/3586492749",
        "name": "Heemskerk",
        "public_transport": "stop_position",
        "railway": "stop",
        "ref": "1",
        "train": "yes"
      },
      "geometry": {
        "type": "Point",
        "coordinates": [
          4.6860969,
          52.4946453
        ]
      },
      "id": "node/3586492749"
    },
    {
      "type": "Feature",
      "properties": {
        "@id": "node/3586492750",
        "name": "Santpoort Zuid",
        "public_transport": "stop_position",
        "railway": "stop",
        "railway:ref": "Sptz",
        "ref": "2",
        "train": "yes"
      },
      "geometry": {
        "type": "Point",
        "coordinates": [
          4.6315417,
          52.4193589
        ]
      },
      "id": "node/3586492750"
    },
    {
      "type": "Feature",
      "properties": {
        "@id": "node/3586492751",
        "name": "Uitgeest",
        "public_transport": "stop_position",
        "ref": "4b",
        "train": "yes"
      },
      "geometry": {
        "type": "Point",
        "coordinates": [
          4.7026289,
          52.5213288
        ]
      },
      "id": "node/3586492751"
    },
    {
      "type": "Feature",
      "properties": {
        "@id": "node/3586510338",
        "name": "Hilversum",
        "public_transport": "stop_position",
        "ref": "2",
        "train": "yes"
      },
      "geometry": {
        "type": "Point",
        "coordinates": [
          5.181563,
          52.2265064
        ]
      },
      "id": "node/3586510338"
    },
    {
      "type": "Feature",
      "properties": {
        "@id": "node/3586510339",
        "name": "Hilversum",
        "public_transport": "stop_position",
        "ref": "4",
        "train": "yes"
      },
      "geometry": {
        "type": "Point",
        "coordinates": [
          5.1817847,
          52.2265806
        ]
      },
      "id": "node/3586510339"
    },
    {
      "type": "Feature",
      "properties": {
        "@id": "node/3588224038",
        "name": "Dordrecht Zuid",
        "public_transport": "stop_position",
        "railway": "stop",
        "railway:ref": "Ddzd",
        "ref": "1",
        "train": "yes"
      },
      "geometry": {
        "type": "Point",
        "coordinates": [
          4.6716327,
          51.7902708
        ]
      },
      "id": "node/3588224038"
    },
    {
      "type": "Feature",
      "properties": {
        "@id": "node/3588224039",
        "name": "Oudenbosch",
        "public_transport": "stop_position",
        "railway": "stop",
        "railway:ref": "Odb",
        "ref": "1",
        "train": "yes"
      },
      "geometry": {
        "type": "Point",
        "coordinates": [
          4.5333158,
          51.5878362
        ]
      },
      "id": "node/3588224039"
    },
    {
      "type": "Feature",
      "properties": {
        "@id": "node/3588224040",
        "name": "Rotterdam Centraal",
        "public_transport": "stop_position",
        "railway": "stop",
        "railway:ref": "Rtd",
        "railway:ref:NMBS/SNCB": "XNRTD",
        "ref": "7",
        "train": "yes",
        "wikidata": "Q801388",
        "wikipedia": "nl:Station Rotterdam Centraal"
      },
      "geometry": {
        "type": "Point",
        "coordinates": [
          4.4689489,
          51.9249783
        ]
      },
      "id": "node/3588224040"
    },
    {
      "type": "Feature",
      "properties": {
        "@id": "node/3588263613",
        "level": "1",
        "name": "Amsterdam Centraal",
        "public_transport": "stop_position",
        "railway": "stop",
        "ref": "13b",
        "train": "yes"
      },
      "geometry": {
        "type": "Point",
        "coordinates": [
          4.9013387,
          52.3789689
        ]
      },
      "id": "node/3588263613"
    },
    {
      "type": "Feature",
      "properties": {
        "@id": "node/3588263614",
        "level": "1",
        "name": "Amsterdam Centraal",
        "public_transport": "stop_position",
        "railway": "stop",
        "ref": "15b",
        "train": "yes"
      },
      "geometry": {
        "type": "Point",
        "coordinates": [
          4.9014571,
          52.3790906
        ]
      },
      "id": "node/3588263614"
    },
    {
      "type": "Feature",
      "properties": {
        "@id": "node/3588263615",
        "level": "0",
        "name": "Breda",
        "public_transport": "stop_position",
        "railway": "stop",
        "railway:ref": "Bd",
        "ref": "4",
        "train": "yes"
      },
      "geometry": {
        "type": "Point",
        "coordinates": [
          4.7800049,
          51.5953467
        ]
      },
      "id": "node/3588263615"
    },
    {
      "type": "Feature",
      "properties": {
        "@id": "node/3588263616",
        "level": "0",
        "name": "Breda",
        "public_transport": "stop_position",
        "railway": "stop",
        "railway:ref": "Bd",
        "ref": "6",
        "train": "yes"
      },
      "geometry": {
        "type": "Point",
        "coordinates": [
          4.7799819,
          51.5955235
        ]
      },
      "id": "node/3588263616"
    },
    {
      "type": "Feature",
      "properties": {
        "@id": "node/3588263617",
        "name": "Rotterdam Centraal",
        "public_transport": "stop_position",
        "railway": "stop",
        "railway:ref": "Rtd",
        "railway:ref:NMBS/SNCB": "XNRTD",
        "ref": "3",
        "train": "yes",
        "wikidata": "Q801388",
        "wikipedia": "nl:Station Rotterdam Centraal"
      },
      "geometry": {
        "type": "Point",
        "coordinates": [
          4.4691328,
          51.9246385
        ]
      },
      "id": "node/3588263617"
    },
    {
      "type": "Feature",
      "properties": {
        "@id": "node/3588263618",
        "name": "Rotterdam Centraal",
        "public_transport": "stop_position",
        "railway": "stop",
        "railway:ref": "Rtd",
        "railway:ref:NMBS/SNCB": "XNRTD",
        "ref": "4",
        "train": "yes",
        "wikidata": "Q801388",
        "wikipedia": "nl:Station Rotterdam Centraal"
      },
      "geometry": {
        "type": "Point",
        "coordinates": [
          4.4690611,
          51.9247709
        ]
      },
      "id": "node/3588263618"
    },
    {
      "type": "Feature",
      "properties": {
        "@id": "node/3588263619",
        "name": "Rotterdam Centraal",
        "public_transport": "stop_position",
        "railway": "stop",
        "railway:ref": "Rtd",
        "railway:ref:NMBS/SNCB": "XNRTD",
        "ref": "12",
        "train": "yes",
        "wikidata": "Q801388",
        "wikipedia": "nl:Station Rotterdam Centraal"
      },
      "geometry": {
        "type": "Point",
        "coordinates": [
          4.4687476,
          51.9253564
        ]
      },
      "id": "node/3588263619"
    },
    {
      "type": "Feature",
      "properties": {
        "@id": "node/3590391426",
        "name": "Boxtel",
        "public_transport": "stop_position",
        "railway": "stop",
        "railway:ref": "Btl",
        "ref": "7",
        "train": "yes"
      },
      "geometry": {
        "type": "Point",
        "coordinates": [
          5.318902,
          51.5842378
        ]
      },
      "id": "node/3590391426"
    },
    {
      "type": "Feature",
      "properties": {
        "@id": "node/3590391427",
        "name": "Boxtel",
        "public_transport": "stop_position",
        "railway": "stop",
        "railway:ref": "Btl",
        "ref": "6",
        "train": "yes"
      },
      "geometry": {
        "type": "Point",
        "coordinates": [
          5.3189984,
          51.5843588
        ]
      },
      "id": "node/3590391427"
    },
    {
      "type": "Feature",
      "properties": {
        "@id": "node/3590391428",
        "name": "Eindhoven Strijp-S",
        "public_transport": "stop_position",
        "railway": "stop",
        "railway:ref": "Ehs",
        "ref": "4",
        "train": "yes"
      },
      "geometry": {
        "type": "Point",
        "coordinates": [
          5.4569206,
          51.4503095
        ]
      },
      "id": "node/3590391428"
    },
    {
      "type": "Feature",
      "properties": {
        "@id": "node/3590391429",
        "name": "Eindhoven Strijp-S",
        "public_transport": "stop_position",
        "railway": "stop",
        "railway:ref": "Ehs",
        "ref": "2",
        "train": "yes"
      },
      "geometry": {
        "type": "Point",
        "coordinates": [
          5.4570815,
          51.4503907
        ]
      },
      "id": "node/3590391429"
    },
    {
      "type": "Feature",
      "properties": {
        "@id": "node/3590391430",
        "name": "Oisterwijk",
        "public_transport": "stop_position",
        "railway": "stop",
        "railway:ref": "Ot",
        "ref": "2",
        "train": "yes"
      },
      "geometry": {
        "type": "Point",
        "coordinates": [
          5.1945875,
          51.5823209
        ]
      },
      "id": "node/3590391430"
    },
    {
      "type": "Feature",
      "properties": {
        "@id": "node/3591575056",
        "name": "Overveen",
        "public_transport": "stop_position",
        "railway": "stop",
        "railway:ref": "Ovn",
        "ref": "2",
        "train": "yes"
      },
      "geometry": {
        "type": "Point",
        "coordinates": [
          4.6067926,
          52.3910328
        ]
      },
      "id": "node/3591575056"
    },
    {
      "type": "Feature",
      "properties": {
        "@id": "node/3591583930",
        "name": "Soest",
        "public_transport": "station",
        "railway": "station",
        "railway:ref": "St",
        "train": "yes",
        "wikidata": "Q7553543",
        "wikipedia": "nl:Station Soest (Nederland)",
        "zone": "5952"
      },
      "geometry": {
        "type": "Point",
        "coordinates": [
          5.3101531,
          52.1731316
        ]
      },
      "id": "node/3591583930"
    },
    {
      "type": "Feature",
      "properties": {
        "@id": "node/3591645093",
        "name": "'t Harde",
        "public_transport": "stop_position",
        "railway": "stop",
        "ref": "2",
        "train": "yes"
      },
      "geometry": {
        "type": "Point",
        "coordinates": [
          5.8930385,
          52.4091326
        ]
      },
      "id": "node/3591645093"
    },
    {
      "type": "Feature",
      "properties": {
        "@id": "node/3591645094",
        "name": "Harderwijk",
        "public_transport": "stop_position",
        "railway": "stop",
        "ref": "2",
        "train": "yes"
      },
      "geometry": {
        "type": "Point",
        "coordinates": [
          5.6201603,
          52.3376685
        ]
      },
      "id": "node/3591645094"
    },
    {
      "type": "Feature",
      "properties": {
        "@id": "node/3591645095",
        "name": "Nijkerk",
        "public_transport": "stop_position",
        "railway": "stop",
        "railway:ref": "Nkk",
        "ref": "1",
        "train": "yes"
      },
      "geometry": {
        "type": "Point",
        "coordinates": [
          5.4935024,
          52.2220375
        ]
      },
      "id": "node/3591645095"
    },
    {
      "type": "Feature",
      "properties": {
        "@id": "node/3591645096",
        "name": "Nunspeet",
        "public_transport": "stop_position",
        "railway": "stop",
        "ref": "2",
        "train": "yes"
      },
      "geometry": {
        "type": "Point",
        "coordinates": [
          5.7844617,
          52.3709073
        ]
      },
      "id": "node/3591645096"
    },
    {
      "type": "Feature",
      "properties": {
        "@id": "node/3591645097",
        "name": "Putten",
        "public_transport": "stop_position",
        "railway": "stop",
        "ref": "2",
        "train": "yes"
      },
      "geometry": {
        "type": "Point",
        "coordinates": [
          5.5758551,
          52.2655105
        ]
      },
      "id": "node/3591645097"
    },
    {
      "type": "Feature",
      "properties": {
        "@id": "node/3591691737",
        "name": "Hilversum Media Park",
        "old_name": "Hilversum Noord",
        "public_transport": "stop_position",
        "ref": "2",
        "train": "yes"
      },
      "geometry": {
        "type": "Point",
        "coordinates": [
          5.1740356,
          52.2378785
        ]
      },
      "id": "node/3591691737"
    },
    {
      "type": "Feature",
      "properties": {
        "@id": "node/3591691738",
        "name": "Hollandsche Rading",
        "public_transport": "stop_position",
        "ref": "1",
        "train": "yes"
      },
      "geometry": {
        "type": "Point",
        "coordinates": [
          5.1788627,
          52.1773958
        ]
      },
      "id": "node/3591691738"
    },
    {
      "type": "Feature",
      "properties": {
        "@id": "node/3591736712",
        "name": "Amersfoort Vathorst",
        "public_transport": "stop_position",
        "railway": "stop",
        "railway:ref": "Avat",
        "ref": "2",
        "train": "yes"
      },
      "geometry": {
        "type": "Point",
        "coordinates": [
          5.4336393,
          52.1924886
        ]
      },
      "id": "node/3591736712"
    },
    {
      "type": "Feature",
      "properties": {
        "@id": "node/3592964859",
        "name": "Voorhout",
        "public_transport": "stop_position",
        "railway": "stop",
        "railway:ref": "Vh",
        "ref": "1",
        "train": "yes"
      },
      "geometry": {
        "type": "Point",
        "coordinates": [
          4.4840807,
          52.2253605
        ]
      },
      "id": "node/3592964859"
    },
    {
      "type": "Feature",
      "properties": {
        "@id": "node/3592993009",
        "name": "Heeze",
        "public_transport": "stop_position",
        "railway": "stop",
        "railway:ref": "Hze",
        "ref": "1",
        "train": "yes"
      },
      "geometry": {
        "type": "Point",
        "coordinates": [
          5.5695055,
          51.3852486
        ]
      },
      "id": "node/3592993009"
    },
    {
      "type": "Feature",
      "properties": {
        "@id": "node/3592993011",
        "name": "Maarheeze",
        "public_transport": "stop_position",
        "railway": "stop",
        "railway:ref": "Mz",
        "ref": "1",
        "train": "yes"
      },
      "geometry": {
        "type": "Point",
        "coordinates": [
          5.6304612,
          51.3041635
        ]
      },
      "id": "node/3592993011"
    },
    {
      "type": "Feature",
      "properties": {
        "@id": "node/3593074294",
        "name": "Bunde",
        "public_transport": "stop_position",
        "railway": "stop",
        "railway:ref": "Bde",
        "ref": "1",
        "train": "yes"
      },
      "geometry": {
        "type": "Point",
        "coordinates": [
          5.7365545,
          50.8969991
        ]
      },
      "id": "node/3593074294"
    },
    {
      "type": "Feature",
      "properties": {
        "@id": "node/3593074295",
        "name": "Geleen-Lutterade",
        "public_transport": "stop_position",
        "railway": "stop",
        "railway:ref": "Lut",
        "ref": "1",
        "train": "yes"
      },
      "geometry": {
        "type": "Point",
        "coordinates": [
          5.8245965,
          50.9752634
        ]
      },
      "id": "node/3593074295"
    },
    {
      "type": "Feature",
      "properties": {
        "@id": "node/3594157622",
        "name": "Almelo de Riet",
        "public_transport": "stop_position",
        "railway": "stop",
        "ref": "2",
        "train": "yes"
      },
      "geometry": {
        "type": "Point",
        "coordinates": [
          6.667291,
          52.3417302
        ]
      },
      "id": "node/3594157622"
    },
    {
      "type": "Feature",
      "properties": {
        "@id": "node/3594157623",
        "name": "Deventer Colmschate",
        "public_transport": "stop_position",
        "railway": "stop",
        "ref": "1",
        "train": "yes"
      },
      "geometry": {
        "type": "Point",
        "coordinates": [
          6.215633,
          52.250369
        ]
      },
      "id": "node/3594157623"
    },
    {
      "type": "Feature",
      "properties": {
        "@id": "node/3594157624",
        "name": "Holten",
        "public_transport": "stop_position",
        "railway": "stop",
        "ref": "2",
        "train": "yes"
      },
      "geometry": {
        "type": "Point",
        "coordinates": [
          6.4211609,
          52.2840976
        ]
      },
      "id": "node/3594157624"
    },
    {
      "type": "Feature",
      "properties": {
        "@id": "node/3594173699",
        "name": "Bunnik",
        "public_transport": "stop_position",
        "railway": "stop",
        "railway:ref": "Bnk",
        "ref": "2",
        "train": "yes"
      },
      "geometry": {
        "type": "Point",
        "coordinates": [
          5.1957987,
          52.0631932
        ]
      },
      "id": "node/3594173699"
    },
    {
      "type": "Feature",
      "properties": {
        "@id": "node/3594173700",
        "name": "Maarn",
        "public_transport": "stop_position",
        "railway": "stop",
        "railway:ref": "Mrn",
        "ref": "2",
        "train": "yes"
      },
      "geometry": {
        "type": "Point",
        "coordinates": [
          5.3706388,
          52.0640794
        ]
      },
      "id": "node/3594173700"
    },
    {
      "type": "Feature",
      "properties": {
        "@id": "node/3594173701",
        "name": "Maarssen",
        "public_transport": "stop_position",
        "railway": "stop",
        "railway:ref": "Mas",
        "railway:ref:DB": "XNMS",
        "ref": "3",
        "train": "yes"
      },
      "geometry": {
        "type": "Point",
        "coordinates": [
          5.0329629,
          52.1358902
        ]
      },
      "id": "node/3594173701"
    },
    {
      "type": "Feature",
      "properties": {
        "@id": "node/3594187619",
        "name": "Wolfheze",
        "public_transport": "stop_position",
        "railway": "stop",
        "railway:ref": "Wf",
        "ref": "1",
        "train": "yes"
      },
      "geometry": {
        "type": "Point",
        "coordinates": [
          5.7947014,
          52.0051534
        ]
      },
      "id": "node/3594187619"
    },
    {
      "type": "Feature",
      "properties": {
        "@id": "node/3594187620",
        "name": "Wolfheze",
        "public_transport": "stop_position",
        "railway": "stop",
        "railway:ref": "Wf",
        "ref": "3",
        "train": "yes"
      },
      "geometry": {
        "type": "Point",
        "coordinates": [
          5.7927343,
          52.0056539
        ]
      },
      "id": "node/3594187620"
    },
    {
      "type": "Feature",
      "properties": {
        "@id": "node/3594198482",
        "name": "Rheden",
        "public_transport": "stop_position",
        "railway": "stop",
        "ref": "1",
        "train": "yes"
      },
      "geometry": {
        "type": "Point",
        "coordinates": [
          6.0302751,
          52.0098944
        ]
      },
      "id": "node/3594198482"
    },
    {
      "type": "Feature",
      "properties": {
        "@id": "node/3594213352",
        "name": "Heino",
        "public_transport": "stop_position",
        "railway:ref": "Hno",
        "ref": "1",
        "train": "yes",
        "wikidata": "Q1948428",
        "wikipedia": "nl:Station Heino"
      },
      "geometry": {
        "type": "Point",
        "coordinates": [
          6.222036,
          52.4269762
        ]
      },
      "id": "node/3594213352"
    },
    {
      "type": "Feature",
      "properties": {
        "@id": "node/3594213353",
        "name": "Raalte",
        "public_transport": "stop_position",
        "ref": "1",
        "train": "yes"
      },
      "geometry": {
        "type": "Point",
        "coordinates": [
          6.2781861,
          52.3913937
        ]
      },
      "id": "node/3594213353"
    },
    {
      "type": "Feature",
      "properties": {
        "@id": "node/3594213354",
        "name": "Wierden",
        "public_transport": "stop_position",
        "railway": "stop",
        "ref": "3",
        "train": "yes"
      },
      "geometry": {
        "type": "Point",
        "coordinates": [
          6.5921496,
          52.3615746
        ]
      },
      "id": "node/3594213354"
    },
    {
      "type": "Feature",
      "properties": {
        "@id": "node/3594411224",
        "name": "Gramsbergen",
        "public_transport": "stop_position",
        "railway": "stop",
        "ref": "1",
        "train": "yes"
      },
      "geometry": {
        "type": "Point",
        "coordinates": [
          6.6763081,
          52.6098745
        ]
      },
      "id": "node/3594411224"
    },
    {
      "type": "Feature",
      "properties": {
        "@id": "node/3594425704",
        "name": "Daarlerveen",
        "public_transport": "stop_position",
        "ref": "1a",
        "train": "yes"
      },
      "geometry": {
        "type": "Point",
        "coordinates": [
          6.5755121,
          52.4419522
        ]
      },
      "id": "node/3594425704"
    },
    {
      "type": "Feature",
      "properties": {
        "@id": "node/3594558700",
        "name": "Assen",
        "public_transport": "stop_position",
        "railway": "stop",
        "ref": "3",
        "train": "yes"
      },
      "geometry": {
        "type": "Point",
        "coordinates": [
          6.5713667,
          52.9922332
        ]
      },
      "id": "node/3594558700"
    },
    {
      "type": "Feature",
      "properties": {
        "@id": "node/3594558701",
        "name": "Assen",
        "public_transport": "stop_position",
        "railway": "stop",
        "ref": "1b",
        "train": "yes"
      },
      "geometry": {
        "type": "Point",
        "coordinates": [
          6.5710829,
          52.9922644
        ]
      },
      "id": "node/3594558701"
    },
    {
      "type": "Feature",
      "properties": {
        "@id": "node/3594558702",
        "description": "Meppel - Assen",
        "name": "Beilen",
        "public_transport": "stop_position",
        "railway": "stop",
        "ref": "2",
        "train": "yes"
      },
      "geometry": {
        "type": "Point",
        "coordinates": [
          6.521364,
          52.8550601
        ]
      },
      "id": "node/3594558702"
    },
    {
      "type": "Feature",
      "properties": {
        "@id": "node/3594558703",
        "name": "Haren",
        "public_transport": "stop_position",
        "ref": "2",
        "train": "yes"
      },
      "geometry": {
        "type": "Point",
        "coordinates": [
          6.6181652,
          53.1751257
        ]
      },
      "id": "node/3594558703"
    },
    {
      "type": "Feature",
      "properties": {
        "@id": "node/3594571336",
        "name": "Alphen aan den Rijn",
        "public_transport": "stop_position",
        "railway": "stop",
        "railway:ref": "Apn",
        "ref": "3",
        "train": "yes"
      },
      "geometry": {
        "type": "Point",
        "coordinates": [
          4.6570955,
          52.1247289
        ]
      },
      "id": "node/3594571336"
    },
    {
      "type": "Feature",
      "properties": {
        "@id": "node/3594596179",
        "name": "Boxtel",
        "public_transport": "stop_position",
        "railway": "stop",
        "railway:ref": "Btl",
        "ref": "3",
        "train": "yes"
      },
      "geometry": {
        "type": "Point",
        "coordinates": [
          5.3191095,
          51.5844947
        ]
      },
      "id": "node/3594596179"
    },
    {
      "type": "Feature",
      "properties": {
        "@id": "node/3594596180",
        "name": "Boxtel",
        "public_transport": "stop_position",
        "railway": "stop",
        "railway:ref": "Btl",
        "ref": "2",
        "train": "yes"
      },
      "geometry": {
        "type": "Point",
        "coordinates": [
          5.3192062,
          51.5846139
        ]
      },
      "id": "node/3594596180"
    },
    {
      "type": "Feature",
      "properties": {
        "@id": "node/3594596182",
        "name": "Eindhoven Strijp-S",
        "public_transport": "stop_position",
        "railway": "stop",
        "railway:ref": "Ehs",
        "ref": "3",
        "train": "yes"
      },
      "geometry": {
        "type": "Point",
        "coordinates": [
          5.456969,
          51.4503338
        ]
      },
      "id": "node/3594596182"
    },
    {
      "type": "Feature",
      "properties": {
        "@id": "node/3594596183",
        "name": "Eindhoven Strijp-S",
        "public_transport": "stop_position",
        "railway": "stop",
        "railway:ref": "Ehs",
        "ref": "1",
        "train": "yes"
      },
      "geometry": {
        "type": "Point",
        "coordinates": [
          5.457127,
          51.450413
        ]
      },
      "id": "node/3594596183"
    },
    {
      "type": "Feature",
      "properties": {
        "@id": "node/3595038701",
        "name": "Gouda Goverwelle",
        "public_transport": "stop_position",
        "railway": "stop",
        "railway:ref": "Gdg",
        "ref": "2",
        "train": "yes"
      },
      "geometry": {
        "type": "Point",
        "coordinates": [
          4.7420957,
          52.0149961
        ]
      },
      "id": "node/3595038701"
    },
    {
      "type": "Feature",
      "properties": {
        "@id": "node/3595038979",
        "name": "Gouda Goverwelle",
        "public_transport": "stop_position",
        "railway": "stop",
        "railway:ref": "Gdg",
        "ref": "4",
        "train": "yes"
      },
      "geometry": {
        "type": "Point",
        "coordinates": [
          4.7421218,
          52.0151428
        ]
      },
      "id": "node/3595038979"
    },
    {
      "type": "Feature",
      "properties": {
        "@id": "node/3595038980",
        "name": "Zoetermeer",
        "public_transport": "stop_position",
        "railway": "stop",
        "railway:ref": "Ztm",
        "ref": "4",
        "train": "yes"
      },
      "geometry": {
        "type": "Point",
        "coordinates": [
          4.4770612,
          52.0475991
        ]
      },
      "id": "node/3595038980"
    },
    {
      "type": "Feature",
      "properties": {
        "@id": "node/3596872083",
        "level": "0",
        "name": "Breda",
        "public_transport": "stop_position",
        "railway": "stop",
        "railway:ref": "Bd",
        "ref": "5",
        "train": "yes"
      },
      "geometry": {
        "type": "Point",
        "coordinates": [
          4.7799995,
          51.5953861
        ]
      },
      "id": "node/3596872083"
    },
    {
      "type": "Feature",
      "properties": {
        "@id": "node/3598102749",
        "name": "Ommen",
        "public_transport": "stop_position",
        "ref": "1",
        "train": "yes"
      },
      "geometry": {
        "type": "Point",
        "coordinates": [
          6.4154644,
          52.5095077
        ]
      },
      "id": "node/3598102749"
    },
    {
      "type": "Feature",
      "properties": {
        "@id": "node/3598142572",
        "name": "Bovenkarspel-Grootebroek",
        "public_transport": "stop_position",
        "railway": "stop",
        "ref": "1",
        "train": "yes"
      },
      "geometry": {
        "type": "Point",
        "coordinates": [
          5.2360647,
          52.6951043
        ]
      },
      "id": "node/3598142572"
    },
    {
      "type": "Feature",
      "properties": {
        "@id": "node/3598142573",
        "name": "Hoogkarpsel",
        "public_transport": "stop_position",
        "railway": "stop",
        "ref": "1",
        "train": "yes"
      },
      "geometry": {
        "type": "Point",
        "coordinates": [
          5.1826951,
          52.6903935
        ]
      },
      "id": "node/3598142573"
    },
    {
      "type": "Feature",
      "properties": {
        "@id": "node/3598615339",
        "name": "Klarenbeek",
        "public_transport": "stop_position",
        "ref": "2",
        "train": "yes"
      },
      "geometry": {
        "type": "Point",
        "coordinates": [
          6.0835735,
          52.1782589
        ]
      },
      "id": "node/3598615339"
    },
    {
      "type": "Feature",
      "properties": {
        "@id": "node/3598701583",
        "name": "Venray",
        "public_transport": "station",
        "railway": "station",
        "railway:ref": "Vry",
        "train": "yes",
        "wheelchair": "yes",
        "wikidata": "Q2515711",
        "wikipedia": "nl:Station Venray",
        "zone": "6971"
      },
      "geometry": {
        "type": "Point",
        "coordinates": [
          6.0142546,
          51.526454
        ]
      },
      "id": "node/3598701583"
    },
    {
      "type": "Feature",
      "properties": {
        "@id": "node/3598997060",
        "name": "Kesteren",
        "public_transport": "stop_position",
        "railway": "stop",
        "railway:ref": "Ktr",
        "ref": "4",
        "train": "yes"
      },
      "geometry": {
        "type": "Point",
        "coordinates": [
          5.5834317,
          51.9314017
        ]
      },
      "id": "node/3598997060"
    },
    {
      "type": "Feature",
      "properties": {
        "@id": "node/3598997061",
        "name": "Opheusden",
        "public_transport": "stop_position",
        "railway": "stop",
        "railway:ref": "Op",
        "ref": "2",
        "train": "yes"
      },
      "geometry": {
        "type": "Point",
        "coordinates": [
          5.6380053,
          51.9259515
        ]
      },
      "id": "node/3598997061"
    },
    {
      "type": "Feature",
      "properties": {
        "@id": "node/3599023293",
        "name": "Lichtenvoorde-Groenlo",
        "public_transport": "stop_position",
        "ref": "1",
        "train": "yes"
      },
      "geometry": {
        "type": "Point",
        "coordinates": [
          6.5957053,
          52.0121429
        ]
      },
      "id": "node/3599023293"
    },
    {
      "type": "Feature",
      "properties": {
        "@id": "node/3599023294",
        "name": "Vorden",
        "public_transport": "stop_position",
        "railway": "stop",
        "ref": "2",
        "train": "yes"
      },
      "geometry": {
        "type": "Point",
        "coordinates": [
          6.3176475,
          52.1073141
        ]
      },
      "id": "node/3599023294"
    },
    {
      "type": "Feature",
      "properties": {
        "@id": "node/3599075952",
        "name": "Didam",
        "public_transport": "stop_position",
        "railway": "stop",
        "railway:ref": "Did",
        "ref": "2",
        "train": "yes"
      },
      "geometry": {
        "type": "Point",
        "coordinates": [
          6.1330468,
          51.9334553
        ]
      },
      "id": "node/3599075952"
    },
    {
      "type": "Feature",
      "properties": {
        "@id": "node/3599075953",
        "name": "Terborg",
        "public_transport": "stop_position",
        "ref": "2",
        "train": "yes"
      },
      "geometry": {
        "type": "Point",
        "coordinates": [
          6.3643139,
          51.9226451
        ]
      },
      "id": "node/3599075953"
    },
    {
      "type": "Feature",
      "properties": {
        "@id": "node/3599075954",
        "name": "Varsseveld",
        "public_transport": "stop_position",
        "railway": "stop",
        "ref": "2",
        "train": "yes"
      },
      "geometry": {
        "type": "Point",
        "coordinates": [
          6.4584971,
          51.9371891
        ]
      },
      "id": "node/3599075954"
    },
    {
      "type": "Feature",
      "properties": {
        "@id": "node/3599126534",
        "name": "Goor",
        "public_transport": "stop_position",
        "railway": "stop",
        "ref": "1",
        "train": "yes"
      },
      "geometry": {
        "type": "Point",
        "coordinates": [
          6.5826353,
          52.2303383
        ]
      },
      "id": "node/3599126534"
    },
    {
      "type": "Feature",
      "properties": {
        "@id": "node/3599126535",
        "name": "Hengelo Oost",
        "public_transport": "stop_position",
        "railway": "stop",
        "ref": "1",
        "train": "yes"
      },
      "geometry": {
        "type": "Point",
        "coordinates": [
          6.8191636,
          52.2688006
        ]
      },
      "id": "node/3599126535"
    },
    {
      "type": "Feature",
      "properties": {
        "@id": "node/3599126536",
        "name": "Oldenzaal",
        "public_transport": "stop_position",
        "railway": "stop",
        "ref": "1a",
        "train": "yes"
      },
      "geometry": {
        "type": "Point",
        "coordinates": [
          6.9338048,
          52.3062999
        ]
      },
      "id": "node/3599126536"
    },
    {
      "type": "Feature",
      "properties": {
        "@id": "node/3605792579",
        "name": "Barneveld Zuid",
        "public_transport": "stop_position",
        "railway": "stop",
        "railway:ref": "Bnz",
        "ref": "1",
        "source": "ProRail",
        "train": "yes"
      },
      "geometry": {
        "type": "Point",
        "coordinates": [
          5.6033822,
          52.1280295
        ]
      },
      "id": "node/3605792579"
    },
    {
      "type": "Feature",
      "properties": {
        "@id": "node/3605792580",
        "name": "Lunteren",
        "public_transport": "stop_position",
        "railway": "stop",
        "railway:ref": "Ltn",
        "ref": "2",
        "train": "yes"
      },
      "geometry": {
        "type": "Point",
        "coordinates": [
          5.6243267,
          52.0851245
        ]
      },
      "id": "node/3605792580"
    },
    {
      "type": "Feature",
      "properties": {
        "@id": "node/3605814205",
        "name": "Landgraaf",
        "public_transport": "stop_position",
        "railway": "stop",
        "railway:ref": "Lg",
        "ref": "1",
        "train": "yes"
      },
      "geometry": {
        "type": "Point",
        "coordinates": [
          6.0202165,
          50.8966968
        ]
      },
      "id": "node/3605814205"
    },
    {
      "type": "Feature",
      "properties": {
        "@id": "node/3606637809",
        "name": "Dordrecht Stadspolders",
        "public_transport": "stop_position",
        "railway": "stop",
        "railway:ref": "Ddrs",
        "ref": "2",
        "train": "yes",
        "wheelchair": "yes"
      },
      "geometry": {
        "type": "Point",
        "coordinates": [
          4.7162029,
          51.8019546
        ]
      },
      "id": "node/3606637809"
    },
    {
      "type": "Feature",
      "properties": {
        "@id": "node/3606657783",
        "name": "Sneek",
        "name:fy": "Snits",
        "public_transport": "stop_position",
        "railway": "stop",
        "ref": "2",
        "train": "yes"
      },
      "geometry": {
        "type": "Point",
        "coordinates": [
          5.6517417,
          53.0327022
        ]
      },
      "id": "node/3606657783"
    },
    {
      "type": "Feature",
      "properties": {
        "@id": "node/3606665604",
        "name": "Harlingen",
        "public_transport": "stop_position",
        "ref": "2",
        "train": "yes"
      },
      "geometry": {
        "type": "Point",
        "coordinates": [
          5.4251993,
          53.170358
        ]
      },
      "id": "node/3606665604"
    },
    {
      "type": "Feature",
      "properties": {
        "@id": "node/3606689493",
        "description": "Leeuwarden - Groningen",
        "name": "Zuidhorn",
        "public_transport": "stop_position",
        "railway": "stop",
        "ref": "1",
        "train": "yes"
      },
      "geometry": {
        "type": "Point",
        "coordinates": [
          6.4068901,
          53.2480697
        ]
      },
      "id": "node/3606689493"
    },
    {
      "type": "Feature",
      "properties": {
        "@id": "node/3606809719",
        "name": "Baflo",
        "public_transport": "stop_position",
        "ref": "2",
        "train": "yes"
      },
      "geometry": {
        "type": "Point",
        "coordinates": [
          6.5187953,
          53.3610185
        ]
      },
      "id": "node/3606809719"
    },
    {
      "type": "Feature",
      "properties": {
        "@id": "node/3606809720",
        "name": "Usquert",
        "public_transport": "stop_position",
        "railway": "stop",
        "ref": "2",
        "train": "yes"
      },
      "geometry": {
        "type": "Point",
        "coordinates": [
          6.6094422,
          53.4009962
        ]
      },
      "id": "node/3606809720"
    },
    {
      "type": "Feature",
      "properties": {
        "@id": "node/3606833462",
        "name": "Bedum",
        "public_transport": "stop_position",
        "railway": "stop",
        "ref": "2",
        "train": "yes"
      },
      "geometry": {
        "type": "Point",
        "coordinates": [
          6.592649,
          53.3069442
        ]
      },
      "id": "node/3606833462"
    },
    {
      "type": "Feature",
      "properties": {
        "@id": "node/3672421920",
        "name": "Barneveld Zuid",
        "public_transport": "station",
        "railway": "station",
        "railway:ref": "Bnz",
        "train": "yes",
        "wikidata": "Q2291521",
        "wikipedia": "nl:Station Barneveld Zuid"
      },
      "geometry": {
        "type": "Point",
        "coordinates": [
          5.6030939,
          52.1280783
        ]
      },
      "id": "node/3672421920"
    },
    {
      "type": "Feature",
      "properties": {
        "@id": "node/3676658291",
        "name": "Middelplaat Haven (RTM)",
        "public_transport": "stop_position",
        "railway": "stop",
        "train": "yes"
      },
      "geometry": {
        "type": "Point",
        "coordinates": [
          3.8345755,
          51.7548254
        ]
      },
      "id": "node/3676658291"
    },
    {
      "type": "Feature",
      "properties": {
        "@id": "node/3676658292",
        "name": "Middelplaat Haven (RTM)",
        "public_transport": "stop_position",
        "railway": "stop",
        "train": "yes"
      },
      "geometry": {
        "type": "Point",
        "coordinates": [
          3.83453,
          51.7548703
        ]
      },
      "id": "node/3676658292"
    },
    {
      "type": "Feature",
      "properties": {
        "@id": "node/3734213287",
        "name": "Landgraaf",
        "public_transport": "stop_position",
        "railway": "stop",
        "railway:ref": "Lg",
        "ref": "3",
        "train": "yes"
      },
      "geometry": {
        "type": "Point",
        "coordinates": [
          6.0202476,
          50.8964431
        ]
      },
      "id": "node/3734213287"
    },
    {
      "type": "Feature",
      "properties": {
        "@id": "node/3752165187",
        "name": "Hardenberg",
        "operator": "Arriva",
        "public_transport": "station",
        "railway": "station",
        "railway:ref": "Hdb",
        "train": "yes",
        "wikidata": "Q1934190",
        "wikipedia": "nl:Station Hardenberg",
        "zone": "4629"
      },
      "geometry": {
        "type": "Point",
        "coordinates": [
          6.627603,
          52.5723383
        ]
      },
      "id": "node/3752165187"
    },
    {
      "type": "Feature",
      "properties": {
        "@id": "node/3752165189",
        "name": "Mariënberg",
        "operator": "Arriva",
        "public_transport": "station",
        "railway": "station",
        "railway:ref": "Mrb",
        "train": "yes",
        "wikidata": "Q801163",
        "wikimedia_commons": "Category:Mariënberg train station",
        "wikipedia": "nl:Station Mariënberg",
        "zone": "4618"
      },
      "geometry": {
        "type": "Point",
        "coordinates": [
          6.5742267,
          52.509025
        ]
      },
      "id": "node/3752165189"
    },
    {
      "type": "Feature",
      "properties": {
        "@id": "node/3783233913",
        "name": "Enschede",
        "name:ar": "أنسخديه",
        "name:fa": "انسخده",
        "name:nl": "Enschede",
        "name:pnb": "انشیدے",
        "name:ur": "انسخدئے",
        "public_transport": "stop_position",
        "railway": "stop",
        "ref": "1",
        "source": "ProRail",
        "train": "yes"
      },
      "geometry": {
        "type": "Point",
        "coordinates": [
          6.8895504,
          52.2222053
        ]
      },
      "id": "node/3783233913"
    },
    {
      "type": "Feature",
      "properties": {
        "@id": "node/3783233919",
        "name": "Enschede",
        "name:ar": "أنسخديه",
        "name:fa": "انسخده",
        "name:nl": "Enschede",
        "name:pnb": "انشیدے",
        "name:ur": "انسخدئے",
        "public_transport": "stop_position",
        "railway": "stop",
        "ref": "2",
        "source": "ProRail",
        "train": "yes"
      },
      "geometry": {
        "type": "Point",
        "coordinates": [
          6.8895219,
          52.2223199
        ]
      },
      "id": "node/3783233919"
    },
    {
      "type": "Feature",
      "properties": {
        "@id": "node/3783233922",
        "name": "Enschede",
        "name:ar": "أنسخديه",
        "name:fa": "انسخده",
        "name:nl": "Enschede",
        "name:pnb": "انشیدے",
        "name:ur": "انسخدئے",
        "public_transport": "stop_position",
        "railway": "stop",
        "ref": "3",
        "source": "ProRail",
        "train": "yes"
      },
      "geometry": {
        "type": "Point",
        "coordinates": [
          6.8895119,
          52.2223603
        ]
      },
      "id": "node/3783233922"
    },
    {
      "type": "Feature",
      "properties": {
        "@id": "node/3783233928",
        "name": "Enschede",
        "name:ar": "أنسخديه",
        "name:fa": "انسخده",
        "name:nl": "Enschede",
        "name:pnb": "انشیدے",
        "name:ur": "انسخدئے",
        "public_transport": "stop_position",
        "railway": "stop",
        "ref": "4",
        "source": "ProRail",
        "train": "yes"
      },
      "geometry": {
        "type": "Point",
        "coordinates": [
          6.8895238,
          52.2224789
        ]
      },
      "id": "node/3783233928"
    },
    {
      "type": "Feature",
      "properties": {
        "@id": "node/3783233931",
        "local_ref": "4b",
        "name": "Enschede",
        "name:ar": "أنسخديه",
        "name:fa": "انسخده",
        "name:nl": "Enschede",
        "name:pnb": "انشیدے",
        "name:ur": "انسخدئے",
        "operator": "ProRail",
        "public_transport": "stop_position",
        "railway": "stop",
        "ref": "4b",
        "source": "ProRail",
        "train": "yes"
      },
      "geometry": {
        "type": "Point",
        "coordinates": [
          6.8901499,
          52.2225438
        ]
      },
      "id": "node/3783233931"
    },
    {
      "type": "Feature",
      "properties": {
        "@id": "node/3784308114",
        "name": "Enschede Kennispark",
        "public_transport": "stop_position",
        "railway": "stop",
        "ref": "1",
        "train": "yes"
      },
      "geometry": {
        "type": "Point",
        "coordinates": [
          6.8388106,
          52.2374321
        ]
      },
      "id": "node/3784308114"
    },
    {
      "type": "Feature",
      "properties": {
        "@id": "node/3784308115",
        "name": "Enschede Kennispark",
        "public_transport": "stop_position",
        "railway": "stop",
        "ref": "2",
        "train": "yes"
      },
      "geometry": {
        "type": "Point",
        "coordinates": [
          6.8387713,
          52.2374052
        ]
      },
      "id": "node/3784308115"
    },
    {
      "type": "Feature",
      "properties": {
        "@id": "node/3786207359",
        "name": "Hengelo",
        "public_transport": "stop_position",
        "railway": "stop",
        "ref": "2b",
        "train": "yes"
      },
      "geometry": {
        "type": "Point",
        "coordinates": [
          6.7962114,
          52.2616724
        ]
      },
      "id": "node/3786207359"
    },
    {
      "type": "Feature",
      "properties": {
        "@id": "node/3786207378",
        "name": "Hengelo",
        "public_transport": "stop_position",
        "railway": "stop",
        "ref": "11",
        "train": "yes"
      },
      "geometry": {
        "type": "Point",
        "coordinates": [
          6.7963272,
          52.2615687
        ]
      },
      "id": "node/3786207378"
    },
    {
      "type": "Feature",
      "properties": {
        "@id": "node/3786207384",
        "name": "Hengelo",
        "public_transport": "stop_position",
        "railway": "stop",
        "ref": "3b",
        "train": "yes"
      },
      "geometry": {
        "type": "Point",
        "coordinates": [
          6.7961413,
          52.2614701
        ]
      },
      "id": "node/3786207384"
    },
    {
      "type": "Feature",
      "properties": {
        "@id": "node/3786207428",
        "name": "Hengelo",
        "public_transport": "stop_position",
        "railway": "stop",
        "ref": "2",
        "train": "yes"
      },
      "geometry": {
        "type": "Point",
        "coordinates": [
          6.7945578,
          52.2618867
        ]
      },
      "id": "node/3786207428"
    },
    {
      "type": "Feature",
      "properties": {
        "@id": "node/3786207440",
        "name": "Hengelo",
        "public_transport": "stop_position",
        "railway": "stop",
        "ref": "3a",
        "train": "yes"
      },
      "geometry": {
        "type": "Point",
        "coordinates": [
          6.7926575,
          52.2619221
        ]
      },
      "id": "node/3786207440"
    },
    {
      "type": "Feature",
      "properties": {
        "@id": "node/3786207496",
        "name": "Hengelo",
        "public_transport": "stop_position",
        "railway": "stop",
        "ref": "2a",
        "train": "yes"
      },
      "geometry": {
        "type": "Point",
        "coordinates": [
          6.7927088,
          52.2620706
        ]
      },
      "id": "node/3786207496"
    },
    {
      "type": "Feature",
      "properties": {
        "@id": "node/3789126271",
        "name": "Almelo",
        "public_transport": "stop_position",
        "railway": "stop",
        "ref": "4",
        "train": "yes"
      },
      "geometry": {
        "type": "Point",
        "coordinates": [
          6.6541375,
          52.3579836
        ]
      },
      "id": "node/3789126271"
    },
    {
      "type": "Feature",
      "properties": {
        "@id": "node/3789126335",
        "name": "Almelo",
        "public_transport": "stop_position",
        "railway": "stop",
        "ref": "2a",
        "train": "yes"
      },
      "geometry": {
        "type": "Point",
        "coordinates": [
          6.6525966,
          52.3587746
        ]
      },
      "id": "node/3789126335"
    },
    {
      "type": "Feature",
      "properties": {
        "@id": "node/3807229041",
        "name": "Zutphen",
        "public_transport": "stop_position",
        "railway": "stop",
        "ref": "1b",
        "train": "yes"
      },
      "geometry": {
        "type": "Point",
        "coordinates": [
          6.1948673,
          52.1449232
        ]
      },
      "id": "node/3807229041"
    },
    {
      "type": "Feature",
      "properties": {
        "@id": "node/3807229045",
        "name": "Zutphen",
        "public_transport": "stop_position",
        "railway": "stop",
        "ref": "2b",
        "train": "yes"
      },
      "geometry": {
        "type": "Point",
        "coordinates": [
          6.1948018,
          52.1449485
        ]
      },
      "id": "node/3807229045"
    },
    {
      "type": "Feature",
      "properties": {
        "@id": "node/3807245704",
        "name": "Zwolle",
        "public_transport": "stop_position",
        "railway": "buffer_stop",
        "ref": "14",
        "train": "yes"
      },
      "geometry": {
        "type": "Point",
        "coordinates": [
          6.0922909,
          52.5049299
        ]
      },
      "id": "node/3807245704"
    },
    {
      "type": "Feature",
      "properties": {
        "@id": "node/3807245709",
        "name": "Zwolle",
        "public_transport": "stop_position",
        "railway": "buffer_stop",
        "ref": "15",
        "train": "yes"
      },
      "geometry": {
        "type": "Point",
        "coordinates": [
          6.0923221,
          52.5049618
        ]
      },
      "id": "node/3807245709"
    },
    {
      "type": "Feature",
      "properties": {
        "@id": "node/3807245720",
        "name": "Zwolle",
        "public_transport": "stop_position",
        "railway": "buffer_stop",
        "ref": "16",
        "train": "yes"
      },
      "geometry": {
        "type": "Point",
        "coordinates": [
          6.0924451,
          52.5050847
        ]
      },
      "id": "node/3807245720"
    },
    {
      "type": "Feature",
      "properties": {
        "@id": "node/3807245938",
        "name": "Zwolle",
        "public_transport": "stop_position",
        "railway": "buffer_stop",
        "ref": "12",
        "train": "yes"
      },
      "geometry": {
        "type": "Point",
        "coordinates": [
          6.0894223,
          52.5058936
        ]
      },
      "id": "node/3807245938"
    },
    {
      "type": "Feature",
      "properties": {
        "@id": "node/3827196189",
        "name": "Zwijndrecht",
        "public_transport": "station",
        "railway": "station",
        "railway:ref": "Zwd",
        "train": "yes",
        "uic_name": "Zwijndrecht(NL)",
        "uic_ref": "8400752",
        "website": "https://www.ns.nl/stationsinformatie/zwd/zwijndrecht",
        "wikidata": "Q5450665",
        "wikipedia": "nl:Station Zwijndrecht (Nederland)"
      },
      "geometry": {
        "type": "Point",
        "coordinates": [
          4.6411824,
          51.8152743
        ]
      },
      "id": "node/3827196189"
    },
    {
      "type": "Feature",
      "properties": {
        "@id": "node/3827257157",
        "name": "Barendrecht",
        "public_transport": "station",
        "railway": "station",
        "railway:ref": "Brd",
        "train": "yes",
        "website": "https://www.ns.nl/stationsinformatie/brd/barendrecht",
        "wheelchair": "yes",
        "wikidata": "Q2441091",
        "wikipedia": "nl:Station Barendrecht"
      },
      "geometry": {
        "type": "Point",
        "coordinates": [
          4.5526538,
          51.8552885
        ]
      },
      "id": "node/3827257157"
    },
    {
      "type": "Feature",
      "properties": {
        "@id": "node/3895034423",
        "name": "Almelo",
        "public_transport": "stop_position",
        "railway": "stop",
        "ref": "3",
        "train": "yes"
      },
      "geometry": {
        "type": "Point",
        "coordinates": [
          6.6539628,
          52.3579804
        ]
      },
      "id": "node/3895034423"
    },
    {
      "type": "Feature",
      "properties": {
        "@id": "node/3921899502",
        "public_transport": "stop_position",
        "railway": "stop",
        "train": "yes"
      },
      "geometry": {
        "type": "Point",
        "coordinates": [
          5.588065,
          51.9575347
        ]
      },
      "id": "node/3921899502"
    },
    {
      "type": "Feature",
      "properties": {
        "@id": "node/3938547498",
        "departures_board": "realtime",
        "name": "Amsterdam Sloterdijk",
        "network": "Hoofdrailnet Nederland",
        "network:short": "HRN",
        "network:wikidata": "Q2337464",
        "network:wikipedia": "nl:Hoofdrailnet",
        "operator": "Nederlandse Spoorwegen",
        "public_transport": "station",
        "railway": "station",
        "railway:ref": "Ass",
        "start_date": "1983-05-29",
        "train": "yes",
        "website": "https://www.ns.nl/stationsinformatie/ass/amsterdam-sloterdijk",
        "wheelchair": "yes",
        "wikidata": "Q50721",
        "wikimedia_commons": "Category:Station Amsterdam Sloterdijk",
        "wikipedia": "nl:Station Amsterdam Sloterdijk"
      },
      "geometry": {
        "type": "Point",
        "coordinates": [
          4.8381062,
          52.3890317
        ]
      },
      "id": "node/3938547498"
    },
    {
      "type": "Feature",
      "properties": {
        "@id": "node/3938611177",
        "description": "Leeuwarden",
        "name": "Leeuwarden",
        "public_transport": "stop_position",
        "railway": "stop",
        "ref": "4",
        "train": "yes"
      },
      "geometry": {
        "type": "Point",
        "coordinates": [
          5.7923909,
          53.1960842
        ]
      },
      "id": "node/3938611177"
    },
    {
      "type": "Feature",
      "properties": {
        "@id": "node/3938611184",
        "description": "Leeuwarden",
        "name": "Leeuwarden",
        "public_transport": "stop_position",
        "railway": "stop",
        "ref": "3",
        "train": "yes"
      },
      "geometry": {
        "type": "Point",
        "coordinates": [
          5.7923786,
          53.1961227
        ]
      },
      "id": "node/3938611184"
    },
    {
      "type": "Feature",
      "properties": {
        "@id": "node/3938611190",
        "description": "Leeuwarden",
        "name": "Leeuwarden",
        "public_transport": "stop_position",
        "railway": "stop",
        "ref": "2",
        "train": "yes"
      },
      "geometry": {
        "type": "Point",
        "coordinates": [
          5.7923479,
          53.1962184
        ]
      },
      "id": "node/3938611190"
    },
    {
      "type": "Feature",
      "properties": {
        "@id": "node/3938611192",
        "description": "Leeuwarden",
        "name": "Leeuwarden",
        "public_transport": "stop_position",
        "railway": "stop",
        "ref": "1",
        "train": "yes"
      },
      "geometry": {
        "type": "Point",
        "coordinates": [
          5.7923354,
          53.1962575
        ]
      },
      "id": "node/3938611192"
    },
    {
      "type": "Feature",
      "properties": {
        "@id": "node/3986455402",
        "name": "Stavoren",
        "public_transport": "station",
        "railway": "station",
        "railway:ref": "Stv",
        "train": "yes",
        "wheelchair": "yes",
        "wikidata": "Q373619",
        "wikipedia": "nl:Station Stavoren",
        "zone": "2210"
      },
      "geometry": {
        "type": "Point",
        "coordinates": [
          5.3598419,
          52.886647
        ]
      },
      "id": "node/3986455402"
    },
    {
      "type": "Feature",
      "properties": {
        "@id": "node/3986455407",
        "name": "Koudum-Molkwerum",
        "public_transport": "station",
        "railway": "station",
        "railway:ref": "Kmw",
        "train": "yes",
        "wheelchair": "yes",
        "wikidata": "Q2126637",
        "wikipedia": "nl:Station Koudum-Molkwerum",
        "zone": "2220"
      },
      "geometry": {
        "type": "Point",
        "coordinates": [
          5.4107682,
          52.9024767
        ]
      },
      "id": "node/3986455407"
    },
    {
      "type": "Feature",
      "properties": {
        "@id": "node/4005961975",
        "name": "Amsterdam Bijlmer ArenA",
        "network": "NS;Amsterdamse metro",
        "network:subway": "Amsterdamse metro",
        "network:train": "NS",
        "old_name": "Amsterdam Bijlmer",
        "operator": "NS;GVB",
        "operator:subway": "GVB",
        "operator:train": "NS",
        "public_transport": "station",
        "railway": "station",
        "railway:ref": "Asb",
        "source": "AND",
        "start_date": "1971-05-24",
        "subway": "yes",
        "train": "yes",
        "website": "https://www.ns.nl/stationsinformatie/asb/amsterdam-bijlmer-arena",
        "wheelchair": "yes",
        "wikidata": "Q50723",
        "wikimedia_commons": "Category:Station Amsterdam Bijlmer ArenA",
        "wikipedia": "nl:Station Amsterdam Bijlmer ArenA",
        "zone": "5725"
      },
      "geometry": {
        "type": "Point",
        "coordinates": [
          4.9470883,
          52.3122449
        ]
      },
      "id": "node/4005961975"
    },
    {
      "type": "Feature",
      "properties": {
        "@id": "node/4018000913",
        "name": "Eygelshoven Markt",
        "public_transport": "station",
        "railway": "station",
        "railway:ref": "Eghm",
        "source": "https://github.com/trainline-eu/stations",
        "train": "yes",
        "uic_ref": "8400234",
        "website": "https://9292.nl/en/locations/station-eygelshoven-markt/departures",
        "wikidata": "Q2616812",
        "wikimedia_commons": "Category:Station Eygelshoven Markt",
        "wikipedia": "nl:Station Eygelshoven Markt"
      },
      "geometry": {
        "type": "Point",
        "coordinates": [
          6.0577972,
          50.896103
        ]
      },
      "id": "node/4018000913"
    },
    {
      "type": "Feature",
      "properties": {
        "@id": "node/4031094084",
        "name": "Roodeschool",
        "public_transport": "stop_position",
        "railway": "stop",
        "ref": "1",
        "train": "yes"
      },
      "geometry": {
        "type": "Point",
        "coordinates": [
          6.7585167,
          53.4212147
        ]
      },
      "id": "node/4031094084"
    },
    {
      "type": "Feature",
      "properties": {
        "@id": "node/4034243636",
        "name": "Heerlen Woonboulevard",
        "public_transport": "station",
        "railway": "station",
        "railway:ref": "Hrlw",
        "train": "yes",
        "wheelchair": "yes",
        "wikidata": "Q2249907",
        "wikimedia_commons": "Category:Station Heerlen Woonboulevard",
        "wikipedia": "nl:Station Heerlen Woonboulevard"
      },
      "geometry": {
        "type": "Point",
        "coordinates": [
          5.9527975,
          50.8961435
        ]
      },
      "id": "node/4034243636"
    },
    {
      "type": "Feature",
      "properties": {
        "@id": "node/4040491812",
        "addr:city": "Amsterdam",
        "addr:postcode": "1097DN",
        "addr:street": "Julianaplein",
        "name": "Amsterdam Amstel",
        "network": "Hoofdrailnet Nederland;Amsterdamse metro",
        "network:subway": "Amsterdamse metro",
        "network:train": "Hoofdrailnet Nederland",
        "operator": "Nederlandse Spoorwegen;GVB",
        "operator:subway": "GVB",
        "operator:train": "Nederlandse Spoorwegen",
        "public_transport": "station",
        "railway": "station",
        "railway:ref": "Asa",
        "start_date": "1939-10-15",
        "station": "train;subway",
        "subway": "yes",
        "train": "yes",
        "website": "https://www.ns.nl/stationsinformatie/asa/amsterdam-amstel",
        "wheelchair": "limited",
        "wikidata": "Q50720",
        "wikimedia_commons": "Category:Amstelstation",
        "wikipedia": "nl:Station Amsterdam Amstel"
      },
      "geometry": {
        "type": "Point",
        "coordinates": [
          4.9175567,
          52.3464656
        ]
      },
      "id": "node/4040491812"
    },
    {
      "type": "Feature",
      "properties": {
        "@id": "node/4041466061",
        "addr:city": "Tilburg",
        "addr:housenumber": "9",
        "addr:postcode": "5038CA",
        "addr:street": "Stationspassage",
        "alt_name": "Station Tilburg",
        "name": "Tilburg",
        "public_transport": "station",
        "railway": "station",
        "railway:ref": "Tb",
        "source": "BAG",
        "source:date": "2017-02-28",
        "toilets:wheelchair": "yes",
        "train": "yes",
        "website": "https://www.ns.nl/stationsinformatie/tb/tilburg",
        "wheelchair": "yes",
        "wikidata": "Q801519",
        "wikipedia": "nl:Station Tilburg"
      },
      "geometry": {
        "type": "Point",
        "coordinates": [
          5.0837958,
          51.5606465
        ]
      },
      "id": "node/4041466061"
    },
    {
      "type": "Feature",
      "properties": {
        "@id": "node/4041503843",
        "name": "Eindhoven Strijp-S",
        "old_name:1971-2015": "Eindhoven Beukenlaan",
        "public_transport": "station",
        "railway": "station",
        "railway:ref": "Ehs",
        "train": "yes",
        "website": "https://www.ns.nl/stationsinformatie/ehs/eindhoven-strijp-s",
        "wheelchair": "no",
        "wikidata": "Q5317675",
        "wikimedia_commons": "Category:Eindhoven Strijp-S train station",
        "wikipedia": "nl:Station Eindhoven Strijp-S",
        "zone": "6410"
      },
      "geometry": {
        "type": "Point",
        "coordinates": [
          5.4570165,
          51.4503696
        ]
      },
      "id": "node/4041503843"
    },
    {
      "type": "Feature",
      "properties": {
        "@id": "node/4041505713",
        "name": "Boxtel",
        "public_transport": "station",
        "railway": "station",
        "railway:ref": "Btl",
        "train": "yes",
        "website": "https://www.ns.nl/stationsinformatie/btl/boxtel",
        "wikidata": "Q2481512",
        "wikipedia": "nl:Station Boxtel",
        "zone": "6333"
      },
      "geometry": {
        "type": "Point",
        "coordinates": [
          5.3190301,
          51.5844429
        ]
      },
      "id": "node/4041505713"
    },
    {
      "type": "Feature",
      "properties": {
        "@id": "node/4041574195",
        "name": "Zaltbommel",
        "public_transport": "station",
        "railway": "station",
        "railway:ref": "Zbm",
        "train": "yes",
        "uic_ref": "8400732",
        "website": "https://www.ns.nl/stationsinformatie/zbm/zaltbommel",
        "wheelchair": "yes",
        "wikidata": "Q2306863",
        "wikipedia": "nl:Station Zaltbommel",
        "zone": "6257"
      },
      "geometry": {
        "type": "Point",
        "coordinates": [
          5.2633823,
          51.8078029
        ]
      },
      "id": "node/4041574195"
    },
    {
      "type": "Feature",
      "properties": {
        "@id": "node/4041579851",
        "name": "Geldermalsen",
        "public_transport": "station",
        "railway": "station",
        "railway:ref": "Gdm",
        "railway:ref:DB": "XNGM",
        "train": "yes",
        "website": "https://www.ns.nl/stationsinformatie/gdm/geldermalsen",
        "wikidata": "Q3096535",
        "wikipedia": "nl:Station Geldermalsen",
        "zone": "6136"
      },
      "geometry": {
        "type": "Point",
        "coordinates": [
          5.2714789,
          51.8825577
        ]
      },
      "id": "node/4041579851"
    },
    {
      "type": "Feature",
      "properties": {
        "@id": "node/4041584745",
        "name": "Culemborg",
        "operator": "Nederlandse Spoorwegen",
        "public_transport": "station",
        "railway": "station",
        "railway:ref": "Cl",
        "train": "yes",
        "website": "https://www.ns.nl/stationsinformatie/cl/culemborg",
        "wheelchair": "yes",
        "wikidata": "Q2170547",
        "wikipedia": "nl:Station Culemborg",
        "zone": "5167"
      },
      "geometry": {
        "type": "Point",
        "coordinates": [
          5.2267808,
          51.9470421
        ]
      },
      "id": "node/4041584745"
    },
    {
      "type": "Feature",
      "properties": {
        "@id": "node/4041666291",
        "name": "Duivendrecht",
        "network": "Hoofdrailnet Nederland;Amsterdamse metro",
        "network:subway": "Amsterdamse metro",
        "network:train": "Hoofdrailnet Nederland",
        "operator": "Nederlandse Spoorwegen;GVB",
        "operator:subway": "GVB",
        "operator:train": "Nederlandse Spoorwegen",
        "public_transport": "station",
        "railway": "station",
        "railway:ref": "Dvd",
        "start_date": "1993-05-23",
        "station": "train;subway",
        "subway": "yes",
        "train": "yes",
        "website": "https://www.ns.nl/stationsinformatie/dvd/duivendrecht",
        "wikidata": "Q49870",
        "wikimedia_commons": "Category:Station Duivendrecht",
        "wikipedia": "nl:Station Duivendrecht",
        "zone": "5715"
      },
      "geometry": {
        "type": "Point",
        "coordinates": [
          4.9365267,
          52.3235787
        ]
      },
      "id": "node/4041666291"
    },
    {
      "type": "Feature",
      "properties": {
        "@id": "node/4046250942",
        "name": "Delfzijl",
        "public_transport": "stop_position",
        "railway": "stop",
        "ref": "1",
        "train": "yes",
        "wheelchair": "yes"
      },
      "geometry": {
        "type": "Point",
        "coordinates": [
          6.9234857,
          53.3337497
        ]
      },
      "id": "node/4046250942"
    },
    {
      "type": "Feature",
      "properties": {
        "@id": "node/4046323545",
        "name": "Amsterdam RAI",
        "network": "Hoofdrailnet Nederland",
        "network:short": "HRN",
        "network:wikidata": "Q2337464",
        "network:wikipedia": "nl:Hoofdrailnet",
        "operator": "Nederlandse Spoorwegen",
        "public_transport": "station",
        "railway": "station",
        "railway:ref": "Rai",
        "start_date": "1981-05-31",
        "train": "yes",
        "website": "https://www.ns.nl/stationsinformatie/rai/amsterdam-rai",
        "wheelchair": "yes",
        "wikidata": "Q512214",
        "wikimedia_commons": "Category:Station Amsterdam RAI",
        "wikipedia": "nl:Station Amsterdam RAI",
        "zone": "5714"
      },
      "geometry": {
        "type": "Point",
        "coordinates": [
          4.8902289,
          52.3370349
        ]
      },
      "id": "node/4046323545"
    },
    {
      "type": "Feature",
      "properties": {
        "@id": "node/4048801964",
        "name": "Rotterdam Alexander",
        "public_transport": "station",
        "railway": "station",
        "railway:ref": "Rta",
        "train": "yes",
        "website": "https://www.ns.nl/stationsinformatie/rta/rotterdam-alexander",
        "wheelchair": "yes",
        "wikidata": "Q801382",
        "wikipedia": "nl:Station Rotterdam Alexander",
        "zone": "5321"
      },
      "geometry": {
        "type": "Point",
        "coordinates": [
          4.5524827,
          51.9517162
        ]
      },
      "id": "node/4048801964"
    },
    {
      "type": "Feature",
      "properties": {
        "@id": "node/4048801966",
        "amenity": "station",
        "internet_access": "no",
        "location": "underground",
        "name": "Rotterdam Blaak",
        "public_transport": "station",
        "railway": "station",
        "railway:ref": "Rtb",
        "station": "train;subway",
        "subway": "yes",
        "train": "yes",
        "website": "https://www.ns.nl/stationsinformatie/rtb/rotterdam-blaak",
        "wheelchair": "yes",
        "wikidata": "Q7370661",
        "wikipedia": "nl:Station Rotterdam Blaak",
        "zone": "5300"
      },
      "geometry": {
        "type": "Point",
        "coordinates": [
          4.4890736,
          51.9200723
        ]
      },
      "id": "node/4048801966"
    },
    {
      "type": "Feature",
      "properties": {
        "@id": "node/4048801967",
        "alt_name": "Rotterdam Centraal Station",
        "iata": "QRH",
        "location": "covered",
        "name": "Rotterdam Centraal",
        "name:de": "Rotterdam Hauptbahnhof",
        "name:fr": "Rotterdam-Central",
        "old_name:-2000-05-29": "Rotterdam CS",
        "public_transport": "station",
        "railway": "station",
        "railway:ref": "Rtd",
        "railway:ref:NMBS/SNCB": "XNRTD",
        "ref:FR:sncf:resarail": "NLRTA",
        "ref:FR:uic8": "84005306",
        "ref:crs": "ROT",
        "start_date": "1957-05-21",
        "train": "yes",
        "uic_ref": "8400530",
        "website": "https://www.ns.nl/stationsinformatie/rtd/rotterdam-centraal",
        "wheelchair": "yes",
        "wikidata": "Q801388",
        "wikipedia": "nl:Station Rotterdam Centraal",
        "zone": "5300"
      },
      "geometry": {
        "type": "Point",
        "coordinates": [
          4.4692289,
          51.9250574
        ]
      },
      "id": "node/4048801967"
    },
    {
      "type": "Feature",
      "properties": {
        "@id": "node/4048801969",
        "name": "Schiedam Centrum",
        "old_name:-1967-05-25": "Schiedam",
        "old_name:1967-05-25--1998-05-24": "Schiedam-Rotterdam West",
        "public_transport": "station",
        "railway": "station",
        "railway:ref": "Sdm",
        "start_date": "1847-06-03",
        "station": "train;subway",
        "subway": "yes",
        "train": "yes",
        "website": "https://www.ns.nl/stationsinformatie/sdm/schiedam-centrum",
        "wheelchair": "yes",
        "wikidata": "Q801405",
        "wikipedia": "nl:Station Schiedam Centrum",
        "zone": "5319"
      },
      "geometry": {
        "type": "Point",
        "coordinates": [
          4.4087428,
          51.9220349
        ]
      },
      "id": "node/4048801969"
    },
    {
      "type": "Feature",
      "properties": {
        "@id": "node/4058108531",
        "name": "Appingedam",
        "public_transport": "stop_position",
        "railway": "stop",
        "ref": "1",
        "train": "yes"
      },
      "geometry": {
        "type": "Point",
        "coordinates": [
          6.8623181,
          53.3258324
        ]
      },
      "id": "node/4058108531"
    },
    {
      "type": "Feature",
      "properties": {
        "@id": "node/4059724086",
        "name": "Nieuw Buinen",
        "operator": "Stichting Stadskanaal Rail",
        "public_transport": "stop_position",
        "train": "yes"
      },
      "geometry": {
        "type": "Point",
        "coordinates": [
          6.9670283,
          52.9687532
        ]
      },
      "id": "node/4059724086"
    },
    {
      "type": "Feature",
      "properties": {
        "@id": "node/4061881142",
        "name": "Hoogeveen",
        "name:fy": "Hegefean",
        "platforms": "2",
        "public_transport": "station",
        "railway": "station",
        "railway:ref": "Hgv",
        "toilets:wheelchair": "yes",
        "train": "yes",
        "wheelchair": "yes",
        "wikidata": "Q47337",
        "wikipedia": "nl:Station Hoogeveen",
        "zone": "1700"
      },
      "geometry": {
        "type": "Point",
        "coordinates": [
          6.4729673,
          52.7335031
        ]
      },
      "id": "node/4061881142"
    },
    {
      "type": "Feature",
      "properties": {
        "@id": "node/4064307914",
        "local_ref": "8",
        "name": "Amsterdam Bijlmer ArenA",
        "public_transport": "stop_position",
        "railway": "stop",
        "ref": "8",
        "train": "yes"
      },
      "geometry": {
        "type": "Point",
        "coordinates": [
          4.9470481,
          52.3116337
        ]
      },
      "id": "node/4064307914"
    },
    {
      "type": "Feature",
      "properties": {
        "@id": "node/4064307915",
        "local_ref": "7",
        "name": "Amsterdam Bijlmer ArenA",
        "public_transport": "stop_position",
        "railway": "stop",
        "ref": "7",
        "train": "yes"
      },
      "geometry": {
        "type": "Point",
        "coordinates": [
          4.9471056,
          52.3116532
        ]
      },
      "id": "node/4064307915"
    },
    {
      "type": "Feature",
      "properties": {
        "@id": "node/4064307916",
        "local_ref": "6",
        "name": "Amsterdam Bijlmer ArenA",
        "public_transport": "stop_position",
        "railway": "stop",
        "ref": "6",
        "train": "yes"
      },
      "geometry": {
        "type": "Point",
        "coordinates": [
          4.9473287,
          52.311729
        ]
      },
      "id": "node/4064307916"
    },
    {
      "type": "Feature",
      "properties": {
        "@id": "node/4076017504",
        "addr:city": "Amsterdam",
        "addr:housenumber": "37",
        "addr:postcode": "1062HD",
        "addr:street": "Cornelis Lelylaan",
        "name": "Amsterdam Lelylaan",
        "network": "Hoofdrailnet Nederland;Amsterdamse metro",
        "network:subway": "Amsterdamse metro",
        "network:train": "Hoofdrailnet Nederland",
        "operator": "Nederlandse Spoorwegen;GVB",
        "operator:subway": "GVB",
        "operator:train": "Nederlandse Spoorwegen",
        "public_transport": "station",
        "railway": "station",
        "railway:ref": "Asdl",
        "start_date": "1986-06-01",
        "start_date:subway": "1997-05-28",
        "station": "train;subway",
        "subway": "yes",
        "train": "yes",
        "website": "https://www.ns.nl/stationsinformatie/asdl/amsterdam-lelylaan;https://www.gvb.nl/reisinformatie/halte/NL:Q:30004323",
        "wheelchair": "yes",
        "wikidata": "Q50722",
        "wikimedia_commons": "Category:Station Amsterdam Lelylaan",
        "wikipedia": "nl:Station Amsterdam Lelylaan",
        "zone": "5713"
      },
      "geometry": {
        "type": "Point",
        "coordinates": [
          4.8340268,
          52.3578369
        ]
      },
      "id": "node/4076017504"
    },
    {
      "type": "Feature",
      "properties": {
        "@id": "node/4085675596",
        "alt_name": "Den Bosch",
        "name": "'s-Hertogenbosch",
        "name:fy": "Den Bos",
        "name:nl": "'s-Hertogenbosch",
        "public_transport": "station",
        "railway": "station",
        "railway:ref": "Ht",
        "train": "yes",
        "website": "https://www.ns.nl/stationsinformatie/ht/s-hertogenbosch",
        "wheelchair": "yes",
        "wikidata": "Q801698",
        "wikipedia": "nl:Station 's-Hertogenbosch",
        "zone": "6300"
      },
      "geometry": {
        "type": "Point",
        "coordinates": [
          5.2937086,
          51.6905164
        ]
      },
      "id": "node/4085675596"
    },
    {
      "type": "Feature",
      "properties": {
        "@id": "node/4085675597",
        "name": "'s-Hertogenbosch",
        "public_transport": "stop_position",
        "railway": "stop",
        "railway:ref": "Ht",
        "ref": "6a",
        "train": "yes"
      },
      "geometry": {
        "type": "Point",
        "coordinates": [
          5.2935878,
          51.690967
        ]
      },
      "id": "node/4085675597"
    },
    {
      "type": "Feature",
      "properties": {
        "@id": "node/4085675598",
        "addr:city": "Alkmaar",
        "addr:housenumber": "47",
        "addr:postcode": "1815CB",
        "addr:street": "Stationsweg",
        "brand": "ProRail",
        "brand:website": "https://stations.nl",
        "name": "Alkmaar",
        "name:ar": "ألكمار",
        "name:ckb": "ئەڵکمار",
        "name:fa": "آلکمار",
        "name:ur": "الکمار",
        "operator": "ProRail",
        "operator:website": "https://stations.nl/stations/alkmaar/",
        "public_transport": "station",
        "railway": "station",
        "railway:ref": "Amr",
        "train": "yes",
        "wheelchair": "no",
        "wikidata": "Q800367",
        "wikipedia": "nl:Station Alkmaar",
        "zone": "3600"
      },
      "geometry": {
        "type": "Point",
        "coordinates": [
          4.7406979,
          52.6381293
        ]
      },
      "id": "node/4085675598"
    },
    {
      "type": "Feature",
      "properties": {
        "@id": "node/4085675599",
        "addr:city": "Castricum",
        "name": "Castricum",
        "public_transport": "station",
        "railway": "station",
        "railway:ref": "Cas",
        "train": "yes",
        "wikidata": "Q5050771",
        "wikimedia_commons": "File:Castricum train station 2018.jpg",
        "wikipedia": "nl:Station Castricum",
        "zone": "3630"
      },
      "geometry": {
        "type": "Point",
        "coordinates": [
          4.6591148,
          52.5453379
        ]
      },
      "id": "node/4085675599"
    },
    {
      "type": "Feature",
      "properties": {
        "@id": "node/4085675600",
        "name": "Heiloo",
        "public_transport": "station",
        "railway": "station",
        "railway:ref": "Hlo",
        "train": "yes",
        "wikidata": "Q2364541",
        "wikipedia": "nl:Station Heiloo",
        "zone": "3610"
      },
      "geometry": {
        "type": "Point",
        "coordinates": [
          4.7011338,
          52.6000225
        ]
      },
      "id": "node/4085675600"
    },
    {
      "type": "Feature",
      "properties": {
        "@id": "node/4085675602",
        "name": "Roermond",
        "name:ar": "رورموند",
        "name:fa": "رورموند",
        "public_transport": "station",
        "railway": "station",
        "railway:ref": "Rm",
        "railway:ref:DB": "XNRM",
        "train": "yes",
        "website": "https://www.ns.nl/stationsinformatie/rm/roermond",
        "wheelchair": "yes",
        "wikidata": "Q636749",
        "wikimedia_commons": "Category:Station Roermond",
        "wikipedia": "nl:Station Roermond",
        "zone": "6800"
      },
      "geometry": {
        "type": "Point",
        "coordinates": [
          5.9938511,
          51.1925659
        ]
      },
      "id": "node/4085675602"
    },
    {
      "type": "Feature",
      "properties": {
        "@id": "node/4085675603",
        "name": "Sittard",
        "operator": "NS",
        "platforms": "4",
        "public_transport": "station",
        "railway": "station",
        "railway:ref": "Std",
        "train": "yes",
        "website": "https://www.ns.nl/stationsinformatie/std/sittard",
        "wheelchair": "yes",
        "wikidata": "Q801445",
        "wikimedia_commons": "Category:Station Sittard",
        "wikipedia": "nl:Station Sittard"
      },
      "geometry": {
        "type": "Point",
        "coordinates": [
          5.8588913,
          51.0020038
        ]
      },
      "id": "node/4085675603"
    },
    {
      "type": "Feature",
      "properties": {
        "@id": "node/4085675604",
        "name": "Zaandam",
        "public_transport": "station",
        "railway": "station",
        "railway:ref": "Zd",
        "train": "yes",
        "wheelchair": "yes",
        "wikidata": "Q801653",
        "wikipedia": "nl:Station Zaandam",
        "zone": "3722"
      },
      "geometry": {
        "type": "Point",
        "coordinates": [
          4.8137421,
          52.4382493
        ]
      },
      "id": "node/4085675604"
    },
    {
      "type": "Feature",
      "properties": {
        "@id": "node/4111385385",
        "name": "Nijmegen",
        "public_transport": "stop_position",
        "railway": "stop",
        "railway:ref": "Nm",
        "ref": "4a",
        "train": "yes"
      },
      "geometry": {
        "type": "Point",
        "coordinates": [
          5.8529392,
          51.8447505
        ]
      },
      "id": "node/4111385385"
    },
    {
      "type": "Feature",
      "properties": {
        "@id": "node/4120911624",
        "name": "Dieren",
        "operator": "Veluwsche Stoomtrein Maatschappij",
        "public_transport": "stop_position",
        "railway": "stop",
        "train": "yes"
      },
      "geometry": {
        "type": "Point",
        "coordinates": [
          6.1025749,
          52.0446801
        ]
      },
      "id": "node/4120911624"
    },
    {
      "type": "Feature",
      "properties": {
        "@id": "node/4120912296",
        "name": "Eerbeek",
        "operator": "Veluwsche Stoomtrein Maatschappij",
        "public_transport": "stop_position",
        "railway": "stop",
        "train": "yes"
      },
      "geometry": {
        "type": "Point",
        "coordinates": [
          6.0661423,
          52.1027347
        ]
      },
      "id": "node/4120912296"
    },
    {
      "type": "Feature",
      "properties": {
        "@id": "node/4120912512",
        "name": "Loenen",
        "operator": "Veluwsche Stoomtrein Maatschappij",
        "public_transport": "stop_position",
        "train": "yes"
      },
      "geometry": {
        "type": "Point",
        "coordinates": [
          6.0295614,
          52.1293114
        ]
      },
      "id": "node/4120912512"
    },
    {
      "type": "Feature",
      "properties": {
        "@id": "node/4120913810",
        "name": "Apeldoorn",
        "operator": "Veluwsche Stoomtrein Maatschappij",
        "public_transport": "stop_position",
        "ref": "VSM",
        "train": "yes"
      },
      "geometry": {
        "type": "Point",
        "coordinates": [
          5.9692596,
          52.2090337
        ]
      },
      "id": "node/4120913810"
    },
    {
      "type": "Feature",
      "properties": {
        "@id": "node/4120913967",
        "name": "Apeldoorn",
        "public_transport": "stop_position",
        "ref": "3",
        "train": "yes"
      },
      "geometry": {
        "type": "Point",
        "coordinates": [
          5.9707874,
          52.2092672
        ]
      },
      "id": "node/4120913967"
    },
    {
      "type": "Feature",
      "properties": {
        "@id": "node/4120914030",
        "name": "Apeldoorn",
        "public_transport": "stop_position",
        "ref": "2",
        "train": "yes"
      },
      "geometry": {
        "type": "Point",
        "coordinates": [
          5.9689562,
          52.2093748
        ]
      },
      "id": "node/4120914030"
    },
    {
      "type": "Feature",
      "properties": {
        "@id": "node/4124657170",
        "name": "Apeldoorn",
        "public_transport": "stop_position",
        "ref": "1",
        "train": "yes"
      },
      "geometry": {
        "type": "Point",
        "coordinates": [
          5.9684703,
          52.2094284
        ]
      },
      "id": "node/4124657170"
    },
    {
      "type": "Feature",
      "properties": {
        "@id": "node/4144568336",
        "name": "Abcoude",
        "public_transport": "station",
        "railway": "station",
        "railway:ref": "Ac",
        "train": "yes",
        "website": "https://www.ns.nl/stationsinformatie/ac/abcoude",
        "wheelchair": "yes",
        "wikidata": "Q1893105",
        "wikipedia": "nl:Station Abcoude",
        "zone": "5735"
      },
      "geometry": {
        "type": "Point",
        "coordinates": [
          4.9773816,
          52.2785602
        ]
      },
      "id": "node/4144568336"
    },
    {
      "type": "Feature",
      "properties": {
        "@id": "node/4144571678",
        "name": "Breukelen",
        "public_transport": "station",
        "railway": "station",
        "railway:ref": "Bkl",
        "train": "yes",
        "website": "https://www.ns.nl/stationsinformatie/bkl/breukelen",
        "wheelchair": "limited",
        "wikidata": "Q2643642",
        "wikimedia_commons": "Category:Breukelen railway station",
        "wikipedia": "nl:Station Breukelen",
        "zone": "5935"
      },
      "geometry": {
        "type": "Point",
        "coordinates": [
          4.9906222,
          52.1708294
        ]
      },
      "id": "node/4144571678"
    },
    {
      "type": "Feature",
      "properties": {
        "@id": "node/4154223955",
        "name": "Helmond Brandevoort",
        "public_transport": "station",
        "railway": "station",
        "railway:ref": "Hmbv",
        "train": "yes",
        "website": "https://www.ns.nl/stationsinformatie/hmbv/helmond-brandevoort",
        "wheelchair": "yes",
        "wikidata": "Q2694671",
        "wikipedia": "nl:Station Helmond Brandevoort"
      },
      "geometry": {
        "type": "Point",
        "coordinates": [
          5.6088392,
          51.4624634
        ]
      },
      "id": "node/4154223955"
    },
    {
      "type": "Feature",
      "properties": {
        "@id": "node/4154223956",
        "name": "Nijmegen Dukenburg",
        "platforms": "2",
        "public_transport": "station",
        "railway": "station",
        "railway:ref": "Nmd",
        "train": "yes",
        "wheelchair": "no",
        "wikidata": "Q7034574",
        "wikimedia_commons": "Category:Station Nijmegen Dukenburg",
        "wikipedia": "nl:Station Nijmegen Dukenburg",
        "zone": "6015"
      },
      "geometry": {
        "type": "Point",
        "coordinates": [
          5.7942393,
          51.8239417
        ]
      },
      "id": "node/4154223956"
    },
    {
      "type": "Feature",
      "properties": {
        "@id": "node/4154223957",
        "name": "Nijmegen Lent",
        "public_transport": "station",
        "railway": "station",
        "railway:ref": "Nml",
        "train": "yes",
        "wheelchair": "yes",
        "wikidata": "Q2351088",
        "wikimedia_commons": "Category:Station Nijmegen Lent",
        "wikipedia": "nl:Station Nijmegen Lent",
        "zone": "6119"
      },
      "geometry": {
        "type": "Point",
        "coordinates": [
          5.8596868,
          51.862468
        ]
      },
      "id": "node/4154223957"
    },
    {
      "type": "Feature",
      "properties": {
        "@id": "node/4154223958",
        "name": "Olst",
        "public_transport": "station",
        "railway": "station",
        "railway:ref": "Ost",
        "train": "yes",
        "wikidata": "Q2521252",
        "wikipedia": "nl:Station Olst",
        "zone": "4785"
      },
      "geometry": {
        "type": "Point",
        "coordinates": [
          6.1134201,
          52.3354376
        ]
      },
      "id": "node/4154223958"
    },
    {
      "type": "Feature",
      "properties": {
        "@id": "node/4158333448",
        "name": "Wijchen",
        "public_transport": "stop_position",
        "railway": "stop",
        "railway:ref": "Wc",
        "ref": "2",
        "train": "yes"
      },
      "geometry": {
        "type": "Point",
        "coordinates": [
          5.7310437,
          51.8116058
        ]
      },
      "id": "node/4158333448"
    },
    {
      "type": "Feature",
      "properties": {
        "@id": "node/4159816392",
        "name": "Zuidhorn",
        "public_transport": "station",
        "railway": "station",
        "railway:ref": "Zh",
        "train": "yes",
        "wheelchair": "yes",
        "wikidata": "Q2177060",
        "wikipedia": "nl:Station Zuidhorn",
        "zone": "1134"
      },
      "geometry": {
        "type": "Point",
        "coordinates": [
          6.4067456,
          53.2481468
        ]
      },
      "id": "node/4159816392"
    },
    {
      "type": "Feature",
      "properties": {
        "@id": "node/4176809151",
        "name": "Alkmaar",
        "name:ar": "ألكمار",
        "name:ckb": "ئەڵکمار",
        "name:fa": "آلکمار",
        "name:ur": "الکمار",
        "public_transport": "stop_position",
        "railway": "stop",
        "ref": "1",
        "train": "yes"
      },
      "geometry": {
        "type": "Point",
        "coordinates": [
          4.7406733,
          52.6378677
        ]
      },
      "id": "node/4176809151"
    },
    {
      "type": "Feature",
      "properties": {
        "@id": "node/4185358280",
        "name": "Koog aan de Zaan",
        "public_transport": "stop_position",
        "railway": "stop",
        "ref": "1",
        "train": "yes"
      },
      "geometry": {
        "type": "Point",
        "coordinates": [
          4.8057178,
          52.457764
        ]
      },
      "id": "node/4185358280"
    },
    {
      "type": "Feature",
      "properties": {
        "@id": "node/4185358281",
        "name": "Zaandijk Zaanse Schans",
        "old_name:1867-2016": "Koog-Zaandijk",
        "public_transport": "station",
        "railway": "station",
        "railway:ref": "Zzs",
        "train": "yes",
        "wheelchair": "yes",
        "wikidata": "Q2068155",
        "wikipedia": "nl:Station Zaandijk Zaanse Schans",
        "zone": "3722"
      },
      "geometry": {
        "type": "Point",
        "coordinates": [
          4.8051566,
          52.4692791
        ]
      },
      "id": "node/4185358281"
    },
    {
      "type": "Feature",
      "properties": {
        "@id": "node/4185358282",
        "name": "Krommenie-Assendelft",
        "public_transport": "station",
        "railway": "station",
        "railway:ref": "Kma",
        "train": "yes",
        "wheelchair": "yes",
        "wikidata": "Q3369670",
        "wikipedia": "nl:Station Krommenie-Assendelft",
        "zone": "3732"
      },
      "geometry": {
        "type": "Point",
        "coordinates": [
          4.7552412,
          52.4950503
        ]
      },
      "id": "node/4185358282"
    },
    {
      "type": "Feature",
      "properties": {
        "@id": "node/4185358283",
        "name": "Wormerveer",
        "public_transport": "station",
        "railway": "station",
        "railway:ref": "Wm",
        "train": "yes",
        "wikidata": "Q2656844",
        "wikipedia": "nl:Station Wormerveer",
        "zone": "3732"
      },
      "geometry": {
        "type": "Point",
        "coordinates": [
          4.7936282,
          52.4892769
        ]
      },
      "id": "node/4185358283"
    },
    {
      "type": "Feature",
      "properties": {
        "@id": "node/4189696677",
        "name": "Brummen",
        "public_transport": "stop_position",
        "railway": "stop",
        "ref": "1",
        "train": "yes"
      },
      "geometry": {
        "type": "Point",
        "coordinates": [
          6.146987,
          52.0907824
        ]
      },
      "id": "node/4189696677"
    },
    {
      "type": "Feature",
      "properties": {
        "@id": "node/4191751388",
        "name": "Winterswijk",
        "name:de": "Winterswick",
        "name:nl": "Winterswijk",
        "public_transport": "stop_position",
        "railway": "stop",
        "ref": "1b",
        "train": "yes"
      },
      "geometry": {
        "type": "Point",
        "coordinates": [
          6.7155146,
          51.967587
        ]
      },
      "id": "node/4191751388"
    },
    {
      "type": "Feature",
      "properties": {
        "@id": "node/4197730698",
        "name": "Westervoort",
        "public_transport": "stop_position",
        "railway": "stop",
        "railway:ref": "Wtv",
        "ref": "2",
        "train": "yes"
      },
      "geometry": {
        "type": "Point",
        "coordinates": [
          5.9693956,
          51.9628743
        ]
      },
      "id": "node/4197730698"
    },
    {
      "type": "Feature",
      "properties": {
        "@id": "node/4197730699",
        "name": "Westervoort",
        "public_transport": "stop_position",
        "railway": "stop",
        "railway:ref": "Wtv",
        "ref": "1",
        "train": "yes"
      },
      "geometry": {
        "type": "Point",
        "coordinates": [
          5.9694361,
          51.9629003
        ]
      },
      "id": "node/4197730699"
    },
    {
      "type": "Feature",
      "properties": {
        "@id": "node/4198519419",
        "name": "Doetinchem",
        "public_transport": "stop_position",
        "ref": "2",
        "train": "yes"
      },
      "geometry": {
        "type": "Point",
        "coordinates": [
          6.2954996,
          51.9583205
        ]
      },
      "id": "node/4198519419"
    },
    {
      "type": "Feature",
      "properties": {
        "@id": "node/4203968191",
        "name": "Woerden",
        "public_transport": "station",
        "railway": "station",
        "railway:ref": "Wd",
        "toilets:wheelchair": "yes",
        "train": "yes",
        "wheelchair": "yes",
        "wikidata": "Q801625",
        "wikipedia": "nl:Station Woerden",
        "zone": "5140"
      },
      "geometry": {
        "type": "Point",
        "coordinates": [
          4.8924874,
          52.0850884
        ]
      },
      "id": "node/4203968191"
    },
    {
      "type": "Feature",
      "properties": {
        "@id": "node/4203968192",
        "name": "Zoetermeer Oost",
        "public_transport": "station",
        "railway": "station",
        "railway:ref": "Ztmo",
        "train": "yes",
        "website": "https://www.ns.nl/stationsinformatie/ztmo/zoetermeer-oost",
        "wikidata": "Q13479616",
        "wikipedia": "nl:Station Zoetermeer Oost",
        "zone": "5441"
      },
      "geometry": {
        "type": "Point",
        "coordinates": [
          4.4934339,
          52.0463461
        ]
      },
      "id": "node/4203968192"
    },
    {
      "type": "Feature",
      "properties": {
        "@id": "node/4203968193",
        "name": "Zoetermeer",
        "public_transport": "station",
        "railway": "station",
        "railway:ref": "Ztm",
        "train": "yes",
        "website": "https://www.ns.nl/stationsinformatie/ztm/zoetermeer",
        "wheelchair": "yes",
        "wikidata": "Q430732",
        "wikipedia": "nl:Station Zoetermeer",
        "zone": "5441"
      },
      "geometry": {
        "type": "Point",
        "coordinates": [
          4.476916,
          52.0475562
        ]
      },
      "id": "node/4203968193"
    },
    {
      "type": "Feature",
      "properties": {
        "@id": "node/4205279190",
        "name": "Vorden",
        "public_transport": "station",
        "railway": "station",
        "railway:ref": "Vd",
        "train": "yes",
        "wikidata": "Q2805117",
        "wikipedia": "nl:Station Vorden",
        "zone": "4131"
      },
      "geometry": {
        "type": "Point",
        "coordinates": [
          6.3171531,
          52.1073107
        ]
      },
      "id": "node/4205279190"
    },
    {
      "type": "Feature",
      "properties": {
        "@id": "node/4213072667",
        "internet_access": "wlan",
        "name": "Heerhugowaard",
        "public_transport": "station",
        "railway": "station",
        "railway:ref": "Hwd",
        "train": "yes",
        "wheelchair": "limited",
        "wikidata": "Q800900",
        "wikipedia": "nl:Station Heerhugowaard",
        "zone": "3526"
      },
      "geometry": {
        "type": "Point",
        "coordinates": [
          4.8236817,
          52.6702428
        ]
      },
      "id": "node/4213072667"
    },
    {
      "type": "Feature",
      "properties": {
        "@id": "node/4213072668",
        "addr:city": "De Klomp",
        "addr:postcode": "6745XM",
        "addr:street": "Stationsplein",
        "name": "Veenendaal-De Klomp",
        "public_transport": "station",
        "railway": "station",
        "railway:ref": "Klp",
        "train": "yes",
        "wheelchair": "yes",
        "wikidata": "Q1944118",
        "wikipedia": "nl:Station Veenendaal-De Klomp",
        "zone": "4080"
      },
      "geometry": {
        "type": "Point",
        "coordinates": [
          5.5739271,
          52.0459528
        ]
      },
      "id": "node/4213072668"
    },
    {
      "type": "Feature",
      "properties": {
        "@id": "node/4223724060",
        "name": "Amersfoort Centraal",
        "public_transport": "stop_position",
        "railway": "stop",
        "railway:ref": "Amf",
        "ref": "4a",
        "train": "yes"
      },
      "geometry": {
        "type": "Point",
        "coordinates": [
          5.3721858,
          52.1536017
        ]
      },
      "id": "node/4223724060"
    },
    {
      "type": "Feature",
      "properties": {
        "@id": "node/4223724379",
        "name": "Amersfoort Centraal",
        "public_transport": "stop_position",
        "railway": "stop",
        "railway:ref": "Amf",
        "ref": "5",
        "train": "yes"
      },
      "geometry": {
        "type": "Point",
        "coordinates": [
          5.3721686,
          52.1538128
        ]
      },
      "id": "node/4223724379"
    },
    {
      "type": "Feature",
      "properties": {
        "@id": "node/4223724518",
        "name": "Amersfoort Centraal",
        "public_transport": "stop_position",
        "railway": "stop",
        "railway:ref": "Amf",
        "ref": "6",
        "train": "yes"
      },
      "geometry": {
        "type": "Point",
        "coordinates": [
          5.3721664,
          52.1538531
        ]
      },
      "id": "node/4223724518"
    },
    {
      "type": "Feature",
      "properties": {
        "@id": "node/4244801136",
        "name": "Almere Buiten",
        "public_transport": "stop_position",
        "railway": "stop",
        "railway:ref": "Almb",
        "ref": "1",
        "train": "yes"
      },
      "geometry": {
        "type": "Point",
        "coordinates": [
          5.2778927,
          52.3941809
        ]
      },
      "id": "node/4244801136"
    },
    {
      "type": "Feature",
      "properties": {
        "@id": "node/4244801137",
        "name": "Almere Buiten",
        "public_transport": "stop_position",
        "railway": "stop",
        "railway:ref": "Almb",
        "ref": "2",
        "train": "yes"
      },
      "geometry": {
        "type": "Point",
        "coordinates": [
          5.278022,
          52.3942063
        ]
      },
      "id": "node/4244801137"
    },
    {
      "type": "Feature",
      "properties": {
        "@id": "node/4256943029",
        "name": "Dronten",
        "public_transport": "stop_position",
        "railway": "stop",
        "railway:ref": "Dron",
        "ref": "4",
        "train": "yes"
      },
      "geometry": {
        "type": "Point",
        "coordinates": [
          5.721097,
          52.534301
        ]
      },
      "id": "node/4256943029"
    },
    {
      "type": "Feature",
      "properties": {
        "@id": "node/4256943031",
        "name": "Dronten",
        "public_transport": "stop_position",
        "railway": "stop",
        "railway:ref": "Dron",
        "ref": "1",
        "train": "yes"
      },
      "geometry": {
        "type": "Point",
        "coordinates": [
          5.7211537,
          52.5344746
        ]
      },
      "id": "node/4256943031"
    },
    {
      "type": "Feature",
      "properties": {
        "@id": "node/4265180132",
        "name": "Almere Oostvaarders",
        "public_transport": "stop_position",
        "railway": "stop",
        "railway:ref": "Almo",
        "ref": "4",
        "train": "yes"
      },
      "geometry": {
        "type": "Point",
        "coordinates": [
          5.3004997,
          52.403049
        ]
      },
      "id": "node/4265180132"
    },
    {
      "type": "Feature",
      "properties": {
        "@id": "node/4265180133",
        "name": "Almere Oostvaarders",
        "public_transport": "stop_position",
        "railway": "stop",
        "railway:ref": "Almo",
        "ref": "3",
        "train": "yes"
      },
      "geometry": {
        "type": "Point",
        "coordinates": [
          5.3003838,
          52.4031675
        ]
      },
      "id": "node/4265180133"
    },
    {
      "type": "Feature",
      "properties": {
        "@id": "node/4265180134",
        "name": "Almere Oostvaarders",
        "public_transport": "stop_position",
        "railway": "stop",
        "railway:ref": "Almo",
        "ref": "2",
        "train": "yes"
      },
      "geometry": {
        "type": "Point",
        "coordinates": [
          5.3003451,
          52.403207
        ]
      },
      "id": "node/4265180134"
    },
    {
      "type": "Feature",
      "properties": {
        "@id": "node/4265180136",
        "name": "Almere Oostvaarders",
        "public_transport": "stop_position",
        "railway": "stop",
        "railway:ref": "Almo",
        "ref": "1",
        "train": "yes"
      },
      "geometry": {
        "type": "Point",
        "coordinates": [
          5.3002307,
          52.4033239
        ]
      },
      "id": "node/4265180136"
    },
    {
      "type": "Feature",
      "properties": {
        "@id": "node/4290854847",
        "alt_name": "Amsterdam Centraal Station",
        "internet_access": "no",
        "name": "Amsterdam Centraal",
        "name:de": "Amsterdam Hauptbahnhof",
        "name:el": "Κεντρικός σταθμός Άμστερνταμ",
        "name:en": "Amsterdam Central Station",
        "name:es": "Estación Central de Ámsterdam",
        "name:fr": "Amsterdam-Central",
        "name:ja": "アムステルダム中央駅",
        "name:ko": "암스테르담 중앙역",
        "name:nl": "Amsterdam Centraal",
        "name:zh": "阿姆斯特丹中央车站",
        "name:zh-Hant": "阿姆斯特丹中央車站",
        "old_name:-2000-05-29": "Amsterdam CS",
        "operator": "NS",
        "public_transport": "station",
        "railway": "station",
        "railway:ref": "Asd",
        "railway:ref:DB": "XNAC",
        "railway:ref:NMBS/SNCB": "XNASD",
        "ref:FR:sncf:resarail": "NLAMA",
        "ref:FR:uic8": "84000588",
        "ref:crs": "AMS",
        "start_date": "1889-10-15",
        "train": "yes",
        "uic_ref": "8400058",
        "wheelchair": "yes",
        "wikidata": "Q50719",
        "wikimedia_commons": "Category:Amsterdam Central station",
        "wikipedia": "nl:Station Amsterdam Centraal",
        "zone": "5700"
      },
      "geometry": {
        "type": "Point",
        "coordinates": [
          4.9005805,
          52.378901
        ]
      },
      "id": "node/4290854847"
    },
    {
      "type": "Feature",
      "properties": {
        "@id": "node/4290859590",
        "name": "Maarssen",
        "public_transport": "stop_position",
        "railway": "stop",
        "railway:ref": "Mas",
        "railway:ref:DB": "XNMS",
        "ref": "2",
        "train": "yes"
      },
      "geometry": {
        "type": "Point",
        "coordinates": [
          5.0330965,
          52.1359861
        ]
      },
      "id": "node/4290859590"
    },
    {
      "type": "Feature",
      "properties": {
        "@id": "node/4290859592",
        "name": "Hoorn Kersenboogerd",
        "public_transport": "stop_position",
        "railway": "stop",
        "ref": "2",
        "train": "yes"
      },
      "geometry": {
        "type": "Point",
        "coordinates": [
          5.0851039,
          52.6534097
        ]
      },
      "id": "node/4290859592"
    },
    {
      "type": "Feature",
      "properties": {
        "@id": "node/4290859593",
        "name": "Hoogkarpsel",
        "public_transport": "stop_position",
        "railway": "stop",
        "ref": "2",
        "train": "yes"
      },
      "geometry": {
        "type": "Point",
        "coordinates": [
          5.1827343,
          52.6903356
        ]
      },
      "id": "node/4290859593"
    },
    {
      "type": "Feature",
      "properties": {
        "@id": "node/4290859594",
        "name": "Bovenkarspel-Grootebroek",
        "public_transport": "stop_position",
        "railway": "stop",
        "ref": "2",
        "train": "yes"
      },
      "geometry": {
        "type": "Point",
        "coordinates": [
          5.2360674,
          52.6950408
        ]
      },
      "id": "node/4290859594"
    },
    {
      "type": "Feature",
      "properties": {
        "@id": "node/4306476245",
        "name": "Almere Parkwijk",
        "public_transport": "stop_position",
        "railway": "stop",
        "railway:ref": "Almp",
        "ref": "1",
        "train": "yes"
      },
      "geometry": {
        "type": "Point",
        "coordinates": [
          5.2446998,
          52.3767515
        ]
      },
      "id": "node/4306476245"
    },
    {
      "type": "Feature",
      "properties": {
        "@id": "node/4306476251",
        "name": "Almere Parkwijk",
        "public_transport": "stop_position",
        "railway": "stop",
        "railway:ref": "Almp",
        "ref": "2",
        "train": "yes"
      },
      "geometry": {
        "type": "Point",
        "coordinates": [
          5.2447105,
          52.3767176
        ]
      },
      "id": "node/4306476251"
    },
    {
      "type": "Feature",
      "properties": {
        "@id": "node/4307411510",
        "name": "Wolfheze",
        "public_transport": "stop_position",
        "railway": "stop",
        "railway:ref": "Wf",
        "ref": "2",
        "train": "yes"
      },
      "geometry": {
        "type": "Point",
        "coordinates": [
          5.792689,
          52.0055645
        ]
      },
      "id": "node/4307411510"
    },
    {
      "type": "Feature",
      "properties": {
        "@id": "node/4307413187",
        "name": "Ede-Wageningen",
        "public_transport": "stop_position",
        "railway": "stop",
        "railway:ref": "Ed",
        "ref": "1",
        "source": "ProRail",
        "train": "yes"
      },
      "geometry": {
        "type": "Point",
        "coordinates": [
          5.6740334,
          52.0275715
        ]
      },
      "id": "node/4307413187"
    },
    {
      "type": "Feature",
      "properties": {
        "@id": "node/4309177978",
        "name": "Veenendaal West",
        "public_transport": "stop_position",
        "railway": "stop",
        "railway:ref": "Vndw",
        "ref": "2",
        "train": "yes"
      },
      "geometry": {
        "type": "Point",
        "coordinates": [
          5.5315515,
          52.0280823
        ]
      },
      "id": "node/4309177978"
    },
    {
      "type": "Feature",
      "properties": {
        "@id": "node/4309177980",
        "name": "Veenendaal West",
        "public_transport": "stop_position",
        "railway": "stop",
        "railway:ref": "Vndw",
        "ref": "1",
        "train": "yes"
      },
      "geometry": {
        "type": "Point",
        "coordinates": [
          5.5315896,
          52.0281201
        ]
      },
      "id": "node/4309177980"
    },
    {
      "type": "Feature",
      "properties": {
        "@id": "node/4309432493",
        "name": "Veenendaal Centrum",
        "public_transport": "station",
        "railway": "station",
        "railway:ref": "Vndc",
        "toilets:wheelchair": "yes",
        "train": "yes",
        "wheelchair": "yes",
        "wikidata": "Q259354",
        "wikipedia": "nl:Station Veenendaal Centrum",
        "zone": "4080"
      },
      "geometry": {
        "type": "Point",
        "coordinates": [
          5.549098,
          52.0200045
        ]
      },
      "id": "node/4309432493"
    },
    {
      "type": "Feature",
      "properties": {
        "@id": "node/4311913331",
        "name": "Arnhem Zuid",
        "public_transport": "stop_position",
        "railway": "stop",
        "railway:ref": "Ahz",
        "ref": "1",
        "train": "yes"
      },
      "geometry": {
        "type": "Point",
        "coordinates": [
          5.851892,
          51.9547557
        ]
      },
      "id": "node/4311913331"
    },
    {
      "type": "Feature",
      "properties": {
        "@id": "node/4311913332",
        "name": "Arnhem Zuid",
        "public_transport": "stop_position",
        "railway": "stop",
        "railway:ref": "Ahz",
        "ref": "2",
        "train": "yes"
      },
      "geometry": {
        "type": "Point",
        "coordinates": [
          5.8519555,
          51.9547591
        ]
      },
      "id": "node/4311913332"
    },
    {
      "type": "Feature",
      "properties": {
        "@id": "node/4311913642",
        "name": "Arnhem Centraal",
        "public_transport": "stop_position",
        "railway": "stop",
        "railway:ref": "Ah",
        "ref": "3",
        "train": "yes"
      },
      "geometry": {
        "type": "Point",
        "coordinates": [
          5.9003118,
          51.9846279
        ]
      },
      "id": "node/4311913642"
    },
    {
      "type": "Feature",
      "properties": {
        "@id": "node/4311913696",
        "name": "Arnhem Centraal",
        "public_transport": "stop_position",
        "railway": "stop",
        "railway:ref": "Ah",
        "ref": "4b",
        "train": "yes"
      },
      "geometry": {
        "type": "Point",
        "coordinates": [
          5.9003414,
          51.9847663
        ]
      },
      "id": "node/4311913696"
    },
    {
      "type": "Feature",
      "properties": {
        "@id": "node/4311913736",
        "name": "Arnhem Centraal",
        "public_transport": "stop_position",
        "railway": "stop",
        "railway:ref": "Ah",
        "ref": "6b",
        "train": "yes"
      },
      "geometry": {
        "type": "Point",
        "coordinates": [
          5.9003538,
          51.984847
        ]
      },
      "id": "node/4311913736"
    },
    {
      "type": "Feature",
      "properties": {
        "@id": "node/4311913805",
        "name": "Arnhem Centraal",
        "public_transport": "stop_position",
        "railway": "stop",
        "railway:ref": "Ah",
        "ref": "7",
        "train": "yes"
      },
      "geometry": {
        "type": "Point",
        "coordinates": [
          5.9003643,
          51.9849884
        ]
      },
      "id": "node/4311913805"
    },
    {
      "type": "Feature",
      "properties": {
        "@id": "node/4311913820",
        "name": "Arnhem Centraal",
        "public_transport": "stop_position",
        "railway": "stop",
        "railway:ref": "Ah",
        "ref": "8",
        "train": "yes"
      },
      "geometry": {
        "type": "Point",
        "coordinates": [
          5.9003843,
          51.9850271
        ]
      },
      "id": "node/4311913820"
    },
    {
      "type": "Feature",
      "properties": {
        "@id": "node/4311913842",
        "name": "Arnhem Velperpoort",
        "public_transport": "stop_position",
        "railway": "stop",
        "railway:ref": "Ahp",
        "ref": "1",
        "train": "yes"
      },
      "geometry": {
        "type": "Point",
        "coordinates": [
          5.9201437,
          51.9850914
        ]
      },
      "id": "node/4311913842"
    },
    {
      "type": "Feature",
      "properties": {
        "@id": "node/4311913859",
        "name": "Arnhem Centraal",
        "public_transport": "stop_position",
        "railway": "stop",
        "railway:ref": "Ah",
        "ref": "9",
        "train": "yes"
      },
      "geometry": {
        "type": "Point",
        "coordinates": [
          5.9004266,
          51.9851736
        ]
      },
      "id": "node/4311913859"
    },
    {
      "type": "Feature",
      "properties": {
        "@id": "node/4311913868",
        "name": "Arnhem Centraal",
        "public_transport": "stop_position",
        "railway": "stop",
        "railway:ref": "Ah",
        "ref": "10",
        "train": "yes"
      },
      "geometry": {
        "type": "Point",
        "coordinates": [
          5.9004223,
          51.9852155
        ]
      },
      "id": "node/4311913868"
    },
    {
      "type": "Feature",
      "properties": {
        "@id": "node/4311913904",
        "name": "Arnhem Centraal",
        "public_transport": "stop_position",
        "railway": "stop",
        "railway:ref": "Ah",
        "ref": "11",
        "train": "yes"
      },
      "geometry": {
        "type": "Point",
        "coordinates": [
          5.9004422,
          51.9853805
        ]
      },
      "id": "node/4311913904"
    },
    {
      "type": "Feature",
      "properties": {
        "@id": "node/4331043170",
        "name": "Nieuw Amsterdam",
        "public_transport": "station",
        "railway": "station",
        "railway:ref": "Na",
        "train": "yes",
        "wikidata": "Q2386384",
        "wikipedia": "nl:Station Nieuw Amsterdam",
        "zone": "1805"
      },
      "geometry": {
        "type": "Point",
        "coordinates": [
          6.8488011,
          52.7183661
        ]
      },
      "id": "node/4331043170"
    },
    {
      "type": "Feature",
      "properties": {
        "@id": "node/4335758208",
        "name": "Geldermalsen",
        "public_transport": "stop_position",
        "railway": "stop",
        "railway:ref": "Gdm",
        "ref": "1",
        "train": "yes"
      },
      "geometry": {
        "type": "Point",
        "coordinates": [
          5.2717284,
          51.8827021
        ]
      },
      "id": "node/4335758208"
    },
    {
      "type": "Feature",
      "properties": {
        "@id": "node/4343430415",
        "name": "Kesteren",
        "public_transport": "station",
        "railway": "station",
        "railway:ref": "Ktr",
        "train": "yes",
        "wikidata": "Q2692048",
        "wikipedia": "nl:Station Kesteren",
        "zone": "6170"
      },
      "geometry": {
        "type": "Point",
        "coordinates": [
          5.583255,
          51.9315803
        ]
      },
      "id": "node/4343430415"
    },
    {
      "type": "Feature",
      "properties": {
        "@id": "node/4346546237",
        "name": "Arkel",
        "public_transport": "station",
        "railway": "station",
        "railway:ref": "Akl",
        "train": "yes",
        "website": "https://www.merwedelingelijn.nl/stations/arkel/",
        "wikidata": "Q2388194",
        "wikipedia": "nl:Station Arkel",
        "zone": "5165"
      },
      "geometry": {
        "type": "Point",
        "coordinates": [
          4.9927723,
          51.8721203
        ]
      },
      "id": "node/4346546237"
    },
    {
      "type": "Feature",
      "properties": {
        "@id": "node/4347209276",
        "name": "Hardinxveld-Giessendam",
        "public_transport": "station",
        "railway": "station",
        "railway:ref": "Gnd",
        "train": "yes",
        "website": "https://www.merwedelingelijn.nl/stations/hardinxveld-giessendam/",
        "wikidata": "Q773289",
        "wikipedia": "nl:Station Hardinxveld-Giessendam (1957)",
        "zone": "5375"
      },
      "geometry": {
        "type": "Point",
        "coordinates": [
          4.8355964,
          51.8303521
        ]
      },
      "id": "node/4347209276"
    },
    {
      "type": "Feature",
      "properties": {
        "@id": "node/4359441554",
        "name": "Utrecht Vaartsche Rijn",
        "public_transport": "stop_position",
        "railway": "stop",
        "railway:ref": "Utvr",
        "ref": "3",
        "train": "yes"
      },
      "geometry": {
        "type": "Point",
        "coordinates": [
          5.1217693,
          52.0786003
        ]
      },
      "id": "node/4359441554"
    },
    {
      "type": "Feature",
      "properties": {
        "@id": "node/4417613479",
        "name": "Dordrecht",
        "public_transport": "stop_position",
        "railway": "stop",
        "railway:ref": "Ddr",
        "ref": "2b",
        "train": "yes"
      },
      "geometry": {
        "type": "Point",
        "coordinates": [
          4.6693566,
          51.8071783
        ]
      },
      "id": "node/4417613479"
    },
    {
      "type": "Feature",
      "properties": {
        "@id": "node/4417613502",
        "name": "Dordrecht",
        "public_transport": "stop_position",
        "railway": "stop",
        "railway:ref": "Ddr",
        "ref": "4a",
        "train": "yes"
      },
      "geometry": {
        "type": "Point",
        "coordinates": [
          4.6675974,
          51.8072379
        ]
      },
      "id": "node/4417613502"
    },
    {
      "type": "Feature",
      "properties": {
        "@id": "node/4417613556",
        "name": "Dordrecht",
        "public_transport": "stop_position",
        "railway": "stop",
        "railway:ref": "Ddr",
        "ref": "3a",
        "train": "yes"
      },
      "geometry": {
        "type": "Point",
        "coordinates": [
          4.6666289,
          51.8073858
        ]
      },
      "id": "node/4417613556"
    },
    {
      "type": "Feature",
      "properties": {
        "@id": "node/4417613579",
        "name": "Dordrecht",
        "public_transport": "stop_position",
        "railway": "stop",
        "railway:ref": "Ddr",
        "ref": "2a",
        "train": "yes"
      },
      "geometry": {
        "type": "Point",
        "coordinates": [
          4.6666563,
          51.8074784
        ]
      },
      "id": "node/4417613579"
    },
    {
      "type": "Feature",
      "properties": {
        "@id": "node/4425618606",
        "name": "Dordrecht",
        "public_transport": "station",
        "railway": "station",
        "railway:ref": "Ddr",
        "train": "yes",
        "website": "https://www.ns.nl/stationsinformatie/ddr/dordrecht",
        "wheelchair": "yes",
        "wikidata": "Q800675",
        "wikipedia": "nl:Station Dordrecht",
        "zone": "5360"
      },
      "geometry": {
        "type": "Point",
        "coordinates": [
          4.6677478,
          51.8075316
        ]
      },
      "id": "node/4425618606"
    },
    {
      "type": "Feature",
      "properties": {
        "@id": "node/4487545500",
        "name": "Gouda",
        "public_transport": "station",
        "railway": "station",
        "railway:ref": "Gd",
        "train": "yes",
        "wheelchair": "no",
        "wikidata": "Q800833",
        "wikimedia_commons": "Category:Station Gouda",
        "wikipedia": "nl:Station Gouda"
      },
      "geometry": {
        "type": "Point",
        "coordinates": [
          4.7061636,
          52.0174245
        ]
      },
      "id": "node/4487545500"
    },
    {
      "type": "Feature",
      "properties": {
        "@id": "node/4487550666",
        "name": "Weert",
        "public_transport": "station",
        "railway": "station",
        "railway:ref": "Wt",
        "train": "yes",
        "website": "https://www.ns.nl/stationsinformatie/wt/weert",
        "wikidata": "Q4722098",
        "wikipedia": "nl:Station Weert"
      },
      "geometry": {
        "type": "Point",
        "coordinates": [
          5.7041339,
          51.2486962
        ]
      },
      "id": "node/4487550666"
    },
    {
      "type": "Feature",
      "properties": {
        "@id": "node/4487554970",
        "internet_access": "wlan",
        "internet_access:fee": "no",
        "internet_access:ssid": "KPN",
        "name": "Zwolle",
        "public_transport": "station",
        "railway": "station",
        "railway:ref": "Zl",
        "toilets:wheelchair": "no",
        "train": "yes",
        "wheelchair": "yes",
        "wikidata": "Q47350",
        "wikipedia": "nl:Station Zwolle"
      },
      "geometry": {
        "type": "Point",
        "coordinates": [
          6.0912373,
          52.5050086
        ]
      },
      "id": "node/4487554970"
    },
    {
      "type": "Feature",
      "properties": {
        "@id": "node/4487559980",
        "image": "https://api.railway-stations.org/photos/nl/8484212.jpg",
        "name": "Enschede",
        "name:ar": "أنسخديه",
        "name:fa": "انسخده",
        "name:nl": "Enschede",
        "name:pnb": "انشیدے",
        "name:ur": "انسخدئے",
        "operator": "NS;DBR",
        "public_transport": "station",
        "railway": "station",
        "railway:ref": "Es",
        "railway:ref:DB": "XNES",
        "railway:ref:DBR": "ESD",
        "railway:ref:NS": "Es",
        "toilets:wheelchair": "yes",
        "train": "yes",
        "uic_ref": "8400212",
        "wheelchair": "yes",
        "wikidata": "Q743359",
        "wikipedia": "nl:Station Enschede"
      },
      "geometry": {
        "type": "Point",
        "coordinates": [
          6.8897811,
          52.2223649
        ]
      },
      "id": "node/4487559980"
    },
    {
      "type": "Feature",
      "properties": {
        "@id": "node/4496126225",
        "name": "Lansingerland-Zoetermeer",
        "public_transport": "stop_position",
        "railway": "stop",
        "railway:ref": "Llzm",
        "ref": "2",
        "train": "yes"
      },
      "geometry": {
        "type": "Point",
        "coordinates": [
          4.5191284,
          52.0408914
        ]
      },
      "id": "node/4496126225"
    },
    {
      "type": "Feature",
      "properties": {
        "@id": "node/4519026692",
        "designation": "Sprinterstation",
        "name": "Hoofddorp",
        "operator": "Nederlandse Spoorwegen",
        "platforms": "4",
        "public_transport": "station",
        "railway": "station",
        "railway:ref": "Hfd",
        "train": "yes",
        "website": "https://www.ns.nl/stationsinformatie/hfd/hoofddorp",
        "wheelchair": "yes",
        "wikidata": "Q800931",
        "wikimedia_commons": "Category:Station Hoofddorp",
        "wikipedia": "nl:Station Hoofddorp (Schiphollijn)",
        "zone": "5633"
      },
      "geometry": {
        "type": "Point",
        "coordinates": [
          4.6988698,
          52.2928668
        ]
      },
      "id": "node/4519026692"
    },
    {
      "type": "Feature",
      "properties": {
        "@id": "node/4530820007",
        "addr:city": "Deventer",
        "addr:housenumber": "7",
        "addr:postcode": "7411HB",
        "addr:street": "Stationsplein",
        "alt_name": "Station Deventer",
        "name": "Deventer",
        "public_transport": "station",
        "railway": "station",
        "railway:position": "43.557",
        "railway:ref": "Dv",
        "source": "BAG",
        "source:date": "2018-08-08",
        "train": "yes",
        "uic_ref": "8400173",
        "wheelchair": "yes",
        "wikidata": "Q17461651",
        "wikipedia": "nl:Station Deventer",
        "zone": "4789"
      },
      "geometry": {
        "type": "Point",
        "coordinates": [
          6.1611049,
          52.2572928
        ]
      },
      "id": "node/4530820007"
    },
    {
      "type": "Feature",
      "properties": {
        "@id": "node/4530820009",
        "addr:city": "Apeldoorn",
        "addr:housenumber": "12",
        "addr:postcode": "7311NZ",
        "addr:street": "Stationsplein",
        "alt_name": "Station Apeldoorn",
        "name": "Apeldoorn",
        "name:de": "Appeldorn",
        "name:nl": "Apeldoorn",
        "operator": "Nederlandse Spoorwegen",
        "public_transport": "station",
        "railway": "station",
        "railway:ref": "Apd",
        "source": "BAG",
        "source:date": "2017-05-26",
        "train": "yes",
        "uic_ref": "8400066",
        "wheelchair": "yes",
        "wikidata": "Q800395",
        "wikipedia": "nl:Station Apeldoorn",
        "zone": "4055"
      },
      "geometry": {
        "type": "Point",
        "coordinates": [
          5.9689735,
          52.2092784
        ]
      },
      "id": "node/4530820009"
    },
    {
      "type": "Feature",
      "properties": {
        "@id": "node/4530820010",
        "name": "Almelo",
        "public_transport": "station",
        "railway": "station",
        "railway:ref": "Aml",
        "train": "yes",
        "uic_ref": "8400051",
        "wheelchair": "yes",
        "wikidata": "Q800372",
        "wikipedia": "nl:Station Almelo",
        "zone": "4550"
      },
      "geometry": {
        "type": "Point",
        "coordinates": [
          6.6544143,
          52.3577052
        ]
      },
      "id": "node/4530820010"
    },
    {
      "type": "Feature",
      "properties": {
        "@id": "node/4555304588",
        "name": "Eijsden",
        "operator": "NMBS/SNCB",
        "platforms": "2",
        "public_transport": "stop_position",
        "railway": "stop",
        "railway:ref": "Edn",
        "ref": "2",
        "train": "yes"
      },
      "geometry": {
        "type": "Point",
        "coordinates": [
          5.7099737,
          50.7719674
        ]
      },
      "id": "node/4555304588"
    },
    {
      "type": "Feature",
      "properties": {
        "@id": "node/4555413742",
        "name": "Deurne",
        "public_transport": "stop_position",
        "railway": "stop",
        "railway:ref": "Dn",
        "ref": "2",
        "train": "yes"
      },
      "geometry": {
        "type": "Point",
        "coordinates": [
          5.7880886,
          51.4560704
        ]
      },
      "id": "node/4555413742"
    },
    {
      "type": "Feature",
      "properties": {
        "@id": "node/4555433902",
        "departures_board": "realtime",
        "name": "Venlo",
        "name:ar": "فينلو",
        "name:nl": "Venlo",
        "operator": "Nederlandse Spoorwegen",
        "public_transport": "station",
        "railway": "station",
        "railway:ref": "Vl",
        "railway:ref:DB": "XNVL",
        "toilets:wheelchair": "yes",
        "train": "yes",
        "uic_ref": "8400644",
        "wheelchair": "yes",
        "wikidata": "Q632470",
        "wikimedia_commons": "Category:Station Venlo",
        "wikipedia": "nl:Station Venlo",
        "zone": "6900"
      },
      "geometry": {
        "type": "Point",
        "coordinates": [
          6.171433,
          51.3650504
        ]
      },
      "id": "node/4555433902"
    },
    {
      "type": "Feature",
      "properties": {
        "@id": "node/4555433903",
        "name": "Blerick",
        "public_transport": "stop_position",
        "railway": "stop",
        "railway:ref": "Br",
        "ref": "1",
        "train": "yes"
      },
      "geometry": {
        "type": "Point",
        "coordinates": [
          6.1551662,
          51.3723302
        ]
      },
      "id": "node/4555433903"
    },
    {
      "type": "Feature",
      "properties": {
        "@id": "node/4555433904",
        "name": "Blerick",
        "public_transport": "stop_position",
        "railway": "stop",
        "railway:ref": "Br",
        "ref": "2",
        "train": "yes"
      },
      "geometry": {
        "type": "Point",
        "coordinates": [
          6.155211,
          51.3723577
        ]
      },
      "id": "node/4555433904"
    },
    {
      "type": "Feature",
      "properties": {
        "@id": "node/4555433905",
        "name": "Blerick",
        "public_transport": "station",
        "railway": "station",
        "railway:ref": "Br",
        "train": "yes",
        "wheelchair": "no",
        "wikidata": "Q2395063",
        "wikipedia": "nl:Station Blerick",
        "zone": "6911"
      },
      "geometry": {
        "type": "Point",
        "coordinates": [
          6.155296,
          51.3724162
        ]
      },
      "id": "node/4555433905"
    },
    {
      "type": "Feature",
      "properties": {
        "@id": "node/4555433906",
        "name": "Horst-Sevenum",
        "public_transport": "stop_position",
        "railway": "stop",
        "railway:ref": "Hrt",
        "ref": "2",
        "train": "yes"
      },
      "geometry": {
        "type": "Point",
        "coordinates": [
          6.0413095,
          51.4269307
        ]
      },
      "id": "node/4555433906"
    },
    {
      "type": "Feature",
      "properties": {
        "@id": "node/4555433907",
        "name": "Horst-Sevenum",
        "public_transport": "station",
        "railway": "station",
        "railway:ref": "Hrt",
        "train": "yes",
        "wikidata": "Q2803291",
        "wikipedia": "nl:Station Horst-Sevenum",
        "zone": "6931"
      },
      "geometry": {
        "type": "Point",
        "coordinates": [
          6.0413246,
          51.4270926
        ]
      },
      "id": "node/4555433907"
    },
    {
      "type": "Feature",
      "properties": {
        "@id": "node/4555433908",
        "name": "Deurne",
        "public_transport": "station",
        "railway": "station",
        "railway:ref": "Dn",
        "train": "yes",
        "website": "https://www.ns.nl/stationsinformatie/dn/deurne",
        "wheelchair": "limited",
        "wikidata": "Q2003030",
        "wikipedia": "nl:Station Deurne (Nederland)",
        "zone": "6552"
      },
      "geometry": {
        "type": "Point",
        "coordinates": [
          5.7878984,
          51.4562278
        ]
      },
      "id": "node/4555433908"
    },
    {
      "type": "Feature",
      "properties": {
        "@id": "node/4555433909",
        "name": "Helmond",
        "public_transport": "stop_position",
        "railway": "stop",
        "railway:ref": "Hm",
        "ref": "2",
        "train": "yes",
        "zone": "6531"
      },
      "geometry": {
        "type": "Point",
        "coordinates": [
          5.6617236,
          51.475411
        ]
      },
      "id": "node/4555433909"
    },
    {
      "type": "Feature",
      "properties": {
        "@id": "node/4555468696",
        "alt_name:-1999-05-30": "Almere Centraal Station",
        "name": "Almere Centrum",
        "old_name:-1999-05-30": "Almere CS",
        "operator": "NS",
        "public_transport": "station",
        "railway": "station",
        "railway:ref": "Alm",
        "start_date": "1987-05-30",
        "train": "yes",
        "uic_ref": "8400080",
        "wheelchair": "yes",
        "wikidata": "Q594100",
        "wikimedia_commons": "Category:Almere Centrum railway station",
        "wikipedia": "nl:Station Almere Centrum",
        "zone": "5865"
      },
      "geometry": {
        "type": "Point",
        "coordinates": [
          5.2193265,
          52.3752735
        ]
      },
      "id": "node/4555468696"
    },
    {
      "type": "Feature",
      "properties": {
        "@id": "node/4555498838",
        "name": "Den Helder Zuid",
        "public_transport": "station",
        "railway": "station",
        "railway:ref": "Hdrz",
        "train": "yes",
        "wheelchair": "limited",
        "wikidata": "Q1869640",
        "wikipedia": "nl:Station Den Helder Zuid",
        "zone": "3400"
      },
      "geometry": {
        "type": "Point",
        "coordinates": [
          4.7641527,
          52.9326177
        ]
      },
      "id": "node/4555498838"
    },
    {
      "type": "Feature",
      "properties": {
        "@id": "node/4557779440",
        "name": "Nijmegen",
        "public_transport": "stop_position",
        "railway": "stop",
        "railway:ref": "Nm",
        "ref": "3a",
        "train": "yes"
      },
      "geometry": {
        "type": "Point",
        "coordinates": [
          5.8532221,
          51.8447195
        ]
      },
      "id": "node/4557779440"
    },
    {
      "type": "Feature",
      "properties": {
        "@id": "node/4568879899",
        "level": "1",
        "name": "Amsterdam Centraal",
        "public_transport": "stop_position",
        "railway": "stop",
        "ref": "4a",
        "train": "yes"
      },
      "geometry": {
        "type": "Point",
        "coordinates": [
          4.8992445,
          52.379107
        ]
      },
      "id": "node/4568879899"
    },
    {
      "type": "Feature",
      "properties": {
        "@id": "node/4570324738",
        "name": "Winschoten",
        "public_transport": "station",
        "railway": "station",
        "railway:ref": "Ws",
        "train": "yes",
        "wheelchair": "yes",
        "wikidata": "Q47295",
        "wikimedia_commons": "Category:Station Winschoten",
        "wikipedia": "nl:Station Winschoten",
        "zone": "1300"
      },
      "geometry": {
        "type": "Point",
        "coordinates": [
          7.0356099,
          53.139151
        ]
      },
      "id": "node/4570324738"
    },
    {
      "type": "Feature",
      "properties": {
        "@id": "node/4572115691",
        "local_ref": "8b",
        "name": "Leiden Centraal",
        "public_transport": "stop_position",
        "railway": "stop",
        "railway:ref": "Ledn",
        "ref": "8b",
        "train": "yes"
      },
      "geometry": {
        "type": "Point",
        "coordinates": [
          4.4816439,
          52.1661465
        ]
      },
      "id": "node/4572115691"
    },
    {
      "type": "Feature",
      "properties": {
        "@id": "node/4572115692",
        "local_ref": "4b",
        "name": "Leiden Centraal",
        "public_transport": "stop_position",
        "railway": "stop",
        "railway:ref": "Ledn",
        "ref": "4b",
        "train": "yes"
      },
      "geometry": {
        "type": "Point",
        "coordinates": [
          4.482017,
          52.1659728
        ]
      },
      "id": "node/4572115692"
    },
    {
      "type": "Feature",
      "properties": {
        "@id": "node/4572116598",
        "name": "Voorschoten",
        "public_transport": "stop_position",
        "railway": "stop",
        "railway:ref": "Vst",
        "ref": "1",
        "train": "yes"
      },
      "geometry": {
        "type": "Point",
        "coordinates": [
          4.4334946,
          52.1262902
        ]
      },
      "id": "node/4572116598"
    },
    {
      "type": "Feature",
      "properties": {
        "@id": "node/4572116827",
        "local_ref": "4a",
        "name": "Leiden Centraal",
        "public_transport": "stop_position",
        "railway": "stop",
        "railway:ref": "Ledn",
        "ref": "4a",
        "train": "yes"
      },
      "geometry": {
        "type": "Point",
        "coordinates": [
          4.4842142,
          52.1676333
        ]
      },
      "id": "node/4572116827"
    },
    {
      "type": "Feature",
      "properties": {
        "@id": "node/4572116964",
        "local_ref": "8a",
        "name": "Leiden Centraal",
        "public_transport": "stop_position",
        "railway": "stop",
        "railway:ref": "Ledn",
        "ref": "8a",
        "train": "yes"
      },
      "geometry": {
        "type": "Point",
        "coordinates": [
          4.4838786,
          52.1678419
        ]
      },
      "id": "node/4572116964"
    },
    {
      "type": "Feature",
      "properties": {
        "@id": "node/4572949453",
        "level": "1",
        "name": "Amsterdam Centraal",
        "public_transport": "stop_position",
        "railway": "stop",
        "ref": "14b",
        "train": "yes"
      },
      "geometry": {
        "type": "Point",
        "coordinates": [
          4.9014275,
          52.3790606
        ]
      },
      "id": "node/4572949453"
    },
    {
      "type": "Feature",
      "properties": {
        "@id": "node/4572949454",
        "name": "Rotterdam Centraal",
        "public_transport": "stop_position",
        "railway": "stop",
        "railway:ref": "Rtd",
        "railway:ref:NMBS/SNCB": "XNRTD",
        "ref": "11",
        "train": "yes",
        "wheelchair": "yes",
        "wikidata": "Q801388",
        "wikipedia": "nl:Station Rotterdam Centraal"
      },
      "geometry": {
        "type": "Point",
        "coordinates": [
          4.4688184,
          51.9252244
        ]
      },
      "id": "node/4572949454"
    },
    {
      "type": "Feature",
      "properties": {
        "@id": "node/4572949455",
        "level": "1",
        "name": "Amsterdam Centraal",
        "public_transport": "stop_position",
        "railway": "stop",
        "ref": "15a",
        "train": "yes"
      },
      "geometry": {
        "type": "Point",
        "coordinates": [
          4.8997796,
          52.379701
        ]
      },
      "id": "node/4572949455"
    },
    {
      "type": "Feature",
      "properties": {
        "@id": "node/4573124013",
        "level": "1",
        "name": "Amsterdam Centraal",
        "public_transport": "stop_position",
        "railway": "stop",
        "ref": "11b",
        "train": "yes"
      },
      "geometry": {
        "type": "Point",
        "coordinates": [
          4.901278,
          52.3789084
        ]
      },
      "id": "node/4573124013"
    },
    {
      "type": "Feature",
      "properties": {
        "@id": "node/4587154271",
        "name": "Sittard",
        "public_transport": "stop_position",
        "railway": "stop",
        "railway:ref": "Std",
        "ref": "2a",
        "train": "yes"
      },
      "geometry": {
        "type": "Point",
        "coordinates": [
          5.858552,
          51.0012053
        ]
      },
      "id": "node/4587154271"
    },
    {
      "type": "Feature",
      "properties": {
        "@id": "node/4587175013",
        "name": "Sittard",
        "public_transport": "stop_position",
        "railway": "stop",
        "railway:ref": "Std",
        "ref": "1b",
        "train": "yes"
      },
      "geometry": {
        "type": "Point",
        "coordinates": [
          5.8592889,
          51.0023365
        ]
      },
      "id": "node/4587175013"
    },
    {
      "type": "Feature",
      "properties": {
        "@id": "node/4587175014",
        "name": "Sittard",
        "public_transport": "stop_position",
        "railway": "stop",
        "railway:ref": "Std",
        "ref": "1a",
        "train": "yes"
      },
      "geometry": {
        "type": "Point",
        "coordinates": [
          5.8586104,
          51.0011923
        ]
      },
      "id": "node/4587175014"
    },
    {
      "type": "Feature",
      "properties": {
        "@id": "node/4633324403",
        "name": "Nieuw Vennep",
        "public_transport": "stop_position",
        "railway": "stop",
        "railway:ref": "Nvp",
        "ref": "2",
        "train": "yes"
      },
      "geometry": {
        "type": "Point",
        "coordinates": [
          4.6451912,
          52.2587132
        ]
      },
      "id": "node/4633324403"
    },
    {
      "type": "Feature",
      "properties": {
        "@id": "node/4633324404",
        "name": "Nieuw Vennep",
        "public_transport": "stop_position",
        "railway": "stop",
        "railway:ref": "Nvp",
        "ref": "1",
        "train": "yes"
      },
      "geometry": {
        "type": "Point",
        "coordinates": [
          4.6451478,
          52.2587368
        ]
      },
      "id": "node/4633324404"
    },
    {
      "type": "Feature",
      "properties": {
        "@id": "node/4633328544",
        "name": "Schiphol Airport",
        "public_transport": "stop_position",
        "railway": "stop",
        "railway:ref": "Shl",
        "ref": "1",
        "train": "yes"
      },
      "geometry": {
        "type": "Point",
        "coordinates": [
          4.7625929,
          52.3094489
        ]
      },
      "id": "node/4633328544"
    },
    {
      "type": "Feature",
      "properties": {
        "@id": "node/4633328545",
        "name": "Schiphol Airport",
        "public_transport": "stop_position",
        "railway": "stop",
        "railway:ref": "Shl",
        "ref": "3",
        "train": "yes"
      },
      "geometry": {
        "type": "Point",
        "coordinates": [
          4.7623719,
          52.3095549
        ]
      },
      "id": "node/4633328545"
    },
    {
      "type": "Feature",
      "properties": {
        "@id": "node/4633328546",
        "name": "Schiphol Airport",
        "public_transport": "stop_position",
        "railway": "stop",
        "railway:ref": "Shl",
        "ref": "2",
        "train": "yes"
      },
      "geometry": {
        "type": "Point",
        "coordinates": [
          4.7624289,
          52.3095275
        ]
      },
      "id": "node/4633328546"
    },
    {
      "type": "Feature",
      "properties": {
        "@id": "node/4633329011",
        "name": "Schiphol Airport",
        "public_transport": "stop_position",
        "railway": "stop",
        "railway:ref": "Shl",
        "ref": "4",
        "train": "yes"
      },
      "geometry": {
        "type": "Point",
        "coordinates": [
          4.7621836,
          52.3096451
        ]
      },
      "id": "node/4633329011"
    },
    {
      "type": "Feature",
      "properties": {
        "@id": "node/4633329012",
        "name": "Schiphol Airport",
        "public_transport": "stop_position",
        "railway": "stop",
        "railway:ref": "Shl",
        "ref": "6",
        "train": "yes"
      },
      "geometry": {
        "type": "Point",
        "coordinates": [
          4.7619388,
          52.3097625
        ]
      },
      "id": "node/4633329012"
    },
    {
      "type": "Feature",
      "properties": {
        "@id": "node/4633329013",
        "name": "Schiphol Airport",
        "public_transport": "stop_position",
        "railway": "stop",
        "railway:ref": "Shl",
        "ref": "5",
        "train": "yes"
      },
      "geometry": {
        "type": "Point",
        "coordinates": [
          4.762127,
          52.3096723
        ]
      },
      "id": "node/4633329013"
    },
    {
      "type": "Feature",
      "properties": {
        "@id": "node/4633329690",
        "name": "Hoofddorp",
        "public_transport": "stop_position",
        "railway": "stop",
        "railway:ref": "Hfd",
        "ref": "1",
        "train": "yes"
      },
      "geometry": {
        "type": "Point",
        "coordinates": [
          4.6985898,
          52.2929862
        ]
      },
      "id": "node/4633329690"
    },
    {
      "type": "Feature",
      "properties": {
        "@id": "node/4633329691",
        "name": "Hoofddorp",
        "public_transport": "stop_position",
        "railway": "stop",
        "railway:ref": "Hfd",
        "ref": "2",
        "train": "yes"
      },
      "geometry": {
        "type": "Point",
        "coordinates": [
          4.6987152,
          52.2928664
        ]
      },
      "id": "node/4633329691"
    },
    {
      "type": "Feature",
      "properties": {
        "@id": "node/4633329692",
        "name": "Hoofddorp",
        "public_transport": "stop_position",
        "railway": "stop",
        "railway:ref": "Hfd",
        "ref": "4",
        "train": "yes"
      },
      "geometry": {
        "type": "Point",
        "coordinates": [
          4.6989108,
          52.2926795
        ]
      },
      "id": "node/4633329692"
    },
    {
      "type": "Feature",
      "properties": {
        "@id": "node/4633329693",
        "name": "Hoofddorp",
        "public_transport": "stop_position",
        "railway": "stop",
        "railway:ref": "Hfd",
        "ref": "3",
        "train": "yes"
      },
      "geometry": {
        "type": "Point",
        "coordinates": [
          4.6987956,
          52.2927896
        ]
      },
      "id": "node/4633329693"
    },
    {
      "type": "Feature",
      "properties": {
        "@id": "node/4642476217",
        "name": "Hillegom",
        "public_transport": "stop_position",
        "railway": "stop",
        "railway:ref": "Hil",
        "ref": "2",
        "train": "yes"
      },
      "geometry": {
        "type": "Point",
        "coordinates": [
          4.5659336,
          52.3031231
        ]
      },
      "id": "node/4642476217"
    },
    {
      "type": "Feature",
      "properties": {
        "@id": "node/4642476463",
        "name": "Hillegom",
        "public_transport": "stop_position",
        "railway": "stop",
        "railway:ref": "Hil",
        "ref": "1",
        "train": "yes"
      },
      "geometry": {
        "type": "Point",
        "coordinates": [
          4.5661945,
          52.3031143
        ]
      },
      "id": "node/4642476463"
    },
    {
      "type": "Feature",
      "properties": {
        "@id": "node/4743200077",
        "name": "Gouda",
        "public_transport": "stop_position",
        "railway": "stop",
        "railway:ref": "Gd",
        "ref": "11",
        "train": "yes"
      },
      "geometry": {
        "type": "Point",
        "coordinates": [
          4.7061247,
          52.0177031
        ]
      },
      "id": "node/4743200077"
    },
    {
      "type": "Feature",
      "properties": {
        "@id": "node/4743200078",
        "name": "Gouda",
        "public_transport": "stop_position",
        "railway": "stop",
        "railway:ref": "Gd",
        "ref": "10",
        "train": "yes"
      },
      "geometry": {
        "type": "Point",
        "coordinates": [
          4.7033405,
          52.0178358
        ]
      },
      "id": "node/4743200078"
    },
    {
      "type": "Feature",
      "properties": {
        "@id": "node/4743203774",
        "name": "Gouda",
        "public_transport": "stop_position",
        "railway": "stop",
        "railway:ref": "Gd",
        "ref": "5",
        "train": "yes"
      },
      "geometry": {
        "type": "Point",
        "coordinates": [
          4.7060592,
          52.0173826
        ]
      },
      "id": "node/4743203774"
    },
    {
      "type": "Feature",
      "properties": {
        "@id": "node/4743205152",
        "name": "Boskoop Snijdelwijk",
        "public_transport": "stop_position",
        "railway": "stop",
        "railway:ref": "Bsks",
        "ref": "1",
        "train": "yes"
      },
      "geometry": {
        "type": "Point",
        "coordinates": [
          4.6463211,
          52.0674005
        ]
      },
      "id": "node/4743205152"
    },
    {
      "type": "Feature",
      "properties": {
        "@id": "node/4743205559",
        "name": "Alphen aan den Rijn",
        "public_transport": "stop_position",
        "railway": "stop",
        "railway:ref": "Apn",
        "ref": "1",
        "train": "yes"
      },
      "geometry": {
        "type": "Point",
        "coordinates": [
          4.6572814,
          52.1247916
        ]
      },
      "id": "node/4743205559"
    },
    {
      "type": "Feature",
      "properties": {
        "@id": "node/4747648540",
        "loc_name": "Noorderstation",
        "name": "Groningen Noord",
        "public_transport": "station",
        "railway": "station",
        "railway:ref": "Gnn",
        "train": "yes",
        "wheelchair": "yes",
        "wikidata": "Q17941",
        "wikipedia": "nl:Station Groningen Noord",
        "zone": "1000"
      },
      "geometry": {
        "type": "Point",
        "coordinates": [
          6.5565819,
          53.2301283
        ]
      },
      "id": "node/4747648540"
    },
    {
      "type": "Feature",
      "properties": {
        "@id": "node/4770263589",
        "name": "Woerden",
        "public_transport": "stop_position",
        "railway": "stop",
        "railway:ref": "Wd",
        "ref": "5",
        "train": "yes"
      },
      "geometry": {
        "type": "Point",
        "coordinates": [
          4.8930344,
          52.0848334
        ]
      },
      "id": "node/4770263589"
    },
    {
      "type": "Feature",
      "properties": {
        "@id": "node/4782165836",
        "name": "Zevenaar",
        "public_transport": "stop_position",
        "railway": "stop",
        "railway:ref": "Zv",
        "ref": "1",
        "train": "yes"
      },
      "geometry": {
        "type": "Point",
        "coordinates": [
          6.0721736,
          51.9231741
        ]
      },
      "id": "node/4782165836"
    },
    {
      "type": "Feature",
      "properties": {
        "@id": "node/4818237830",
        "name": "Elst",
        "public_transport": "stop_position",
        "railway": "stop",
        "railway:ref": "Est",
        "ref": "3",
        "train": "yes"
      },
      "geometry": {
        "type": "Point",
        "coordinates": [
          5.8548741,
          51.9168869
        ]
      },
      "id": "node/4818237830"
    },
    {
      "type": "Feature",
      "properties": {
        "@id": "node/4855478393",
        "name": "Utrecht Zuilen",
        "public_transport": "stop_position",
        "railway": "stop",
        "railway:ref": "Utzl",
        "ref": "3",
        "train": "yes"
      },
      "geometry": {
        "type": "Point",
        "coordinates": [
          5.0892854,
          52.1031909
        ]
      },
      "id": "node/4855478393"
    },
    {
      "type": "Feature",
      "properties": {
        "@id": "node/4855478394",
        "name": "Utrecht Zuilen",
        "public_transport": "stop_position",
        "railway": "stop",
        "railway:ref": "Utzl",
        "ref": "2",
        "train": "yes"
      },
      "geometry": {
        "type": "Point",
        "coordinates": [
          5.0894054,
          52.1032745
        ]
      },
      "id": "node/4855478394"
    },
    {
      "type": "Feature",
      "properties": {
        "@id": "node/4855479570",
        "name": "Utrecht Terwijde",
        "public_transport": "stop_position",
        "railway": "stop",
        "railway:ref": "Utt",
        "ref": "1",
        "train": "yes"
      },
      "geometry": {
        "type": "Point",
        "coordinates": [
          5.0436189,
          52.1001325
        ]
      },
      "id": "node/4855479570"
    },
    {
      "type": "Feature",
      "properties": {
        "@id": "node/4864373374",
        "name": "Utrecht Leidsche Rijn",
        "public_transport": "station",
        "railway": "station",
        "railway:ref": "Utlr",
        "train": "yes",
        "website": "https://www.ns.nl/stationsinformatie/utlr/utrecht-leidsche-rijn",
        "wheelchair": "limited",
        "wikidata": "Q2163764",
        "wikipedia": "nl:Station Utrecht Leidsche Rijn",
        "zone": "5111"
      },
      "geometry": {
        "type": "Point",
        "coordinates": [
          5.0652431,
          52.0989682
        ]
      },
      "id": "node/4864373374"
    },
    {
      "type": "Feature",
      "properties": {
        "@id": "node/4870074172",
        "name": "Utrecht Maliebaan",
        "public_transport": "stop_position",
        "railway": "buffer_stop",
        "ref": "2",
        "train": "yes"
      },
      "geometry": {
        "type": "Point",
        "coordinates": [
          5.1310308,
          52.0872596
        ]
      },
      "id": "node/4870074172"
    },
    {
      "type": "Feature",
      "properties": {
        "@id": "node/4883730297",
        "name": "Utrecht Centraal",
        "public_transport": "stop_position",
        "railway": "stop",
        "train": "yes"
      },
      "geometry": {
        "type": "Point",
        "coordinates": [
          5.110057,
          52.0903949
        ]
      },
      "id": "node/4883730297"
    },
    {
      "type": "Feature",
      "properties": {
        "@id": "node/4885826356",
        "name": "Baarn",
        "public_transport": "stop_position",
        "railway": "stop",
        "railway:ref": "Brn",
        "ref": "4",
        "train": "yes"
      },
      "geometry": {
        "type": "Point",
        "coordinates": [
          5.2816971,
          52.2079657
        ]
      },
      "id": "node/4885826356"
    },
    {
      "type": "Feature",
      "properties": {
        "@id": "node/4885826745",
        "name": "Baarn",
        "public_transport": "stop_position",
        "railway": "stop",
        "railway:ref": "Brn",
        "ref": "3",
        "train": "yes"
      },
      "geometry": {
        "type": "Point",
        "coordinates": [
          5.2817306,
          52.2080009
        ]
      },
      "id": "node/4885826745"
    },
    {
      "type": "Feature",
      "properties": {
        "@id": "node/4885827206",
        "name": "Baarn",
        "public_transport": "stop_position",
        "railway": "stop",
        "railway:ref": "Brn",
        "ref": "2",
        "train": "yes"
      },
      "geometry": {
        "type": "Point",
        "coordinates": [
          5.2817372,
          52.2081312
        ]
      },
      "id": "node/4885827206"
    },
    {
      "type": "Feature",
      "properties": {
        "@id": "node/4885827505",
        "name": "Soest",
        "network": "NS",
        "operator": "ProRail",
        "public_transport": "stop_position",
        "railway": "stop",
        "railway:ref": "St",
        "ref": "1",
        "train": "yes"
      },
      "geometry": {
        "type": "Point",
        "coordinates": [
          5.3101529,
          52.1733294
        ]
      },
      "id": "node/4885827505"
    },
    {
      "type": "Feature",
      "properties": {
        "@id": "node/4885827525",
        "name": "Soest",
        "public_transport": "stop_position",
        "railway": "stop",
        "railway:ref": "St",
        "ref": "2",
        "train": "yes"
      },
      "geometry": {
        "type": "Point",
        "coordinates": [
          5.3100414,
          52.1732857
        ]
      },
      "id": "node/4885827525"
    },
    {
      "type": "Feature",
      "properties": {
        "@id": "node/4894042409",
        "name": "Enschede De Eschmarke",
        "operator": "ProRail",
        "public_transport": "stop_position",
        "railway": "stop",
        "ref": "1",
        "train": "yes"
      },
      "geometry": {
        "type": "Point",
        "coordinates": [
          6.9513833,
          52.2212139
        ]
      },
      "id": "node/4894042409"
    },
    {
      "type": "Feature",
      "properties": {
        "@id": "node/4894042410",
        "name": "Glanerbrug",
        "operator": "ProRail",
        "public_transport": "stop_position",
        "railway": "stop",
        "train": "yes"
      },
      "geometry": {
        "type": "Point",
        "coordinates": [
          6.9744811,
          52.21863
        ]
      },
      "id": "node/4894042410"
    },
    {
      "type": "Feature",
      "properties": {
        "@id": "node/4913702329",
        "name": "Utrecht Vaartsche Rijn",
        "public_transport": "stop_position",
        "railway": "stop",
        "railway:ref": "Utvr",
        "ref": "1",
        "train": "yes"
      },
      "geometry": {
        "type": "Point",
        "coordinates": [
          5.1219372,
          52.0788121
        ]
      },
      "id": "node/4913702329"
    },
    {
      "type": "Feature",
      "properties": {
        "@id": "node/4913702348",
        "name": "Utrecht Vaartsche Rijn",
        "public_transport": "stop_position",
        "railway": "stop",
        "railway:ref": "Utvr",
        "ref": "2",
        "train": "yes"
      },
      "geometry": {
        "type": "Point",
        "coordinates": [
          5.1218639,
          52.0787129
        ]
      },
      "id": "node/4913702348"
    },
    {
      "type": "Feature",
      "properties": {
        "@id": "node/4920141169",
        "level": "1",
        "name": "Amsterdam Centraal",
        "public_transport": "stop_position",
        "railway": "stop",
        "ref": "7b",
        "train": "yes"
      },
      "geometry": {
        "type": "Point",
        "coordinates": [
          4.9010653,
          52.3786472
        ]
      },
      "id": "node/4920141169"
    },
    {
      "type": "Feature",
      "properties": {
        "@id": "node/4921016013",
        "level": "1",
        "name": "Amsterdam Centraal",
        "public_transport": "stop_position",
        "railway": "stop",
        "ref": "10a",
        "train": "yes"
      },
      "geometry": {
        "type": "Point",
        "coordinates": [
          4.8995155,
          52.3794298
        ]
      },
      "id": "node/4921016013"
    },
    {
      "type": "Feature",
      "properties": {
        "@id": "node/4922589151",
        "level": "1",
        "name": "Amsterdam Centraal",
        "public_transport": "stop_position",
        "railway": "stop",
        "ref": "13a",
        "train": "yes"
      },
      "geometry": {
        "type": "Point",
        "coordinates": [
          4.8996663,
          52.3795784
        ]
      },
      "id": "node/4922589151"
    },
    {
      "type": "Feature",
      "properties": {
        "@id": "node/4934519188",
        "level": "1",
        "name": "Amsterdam Centraal",
        "public_transport": "stop_position",
        "railway": "stop",
        "ref": "2b",
        "train": "yes"
      },
      "geometry": {
        "type": "Point",
        "coordinates": [
          4.9008463,
          52.3784421
        ]
      },
      "id": "node/4934519188"
    },
    {
      "type": "Feature",
      "properties": {
        "@id": "node/4934519189",
        "level": "1",
        "name": "Amsterdam Centraal",
        "public_transport": "stop_position",
        "railway": "stop",
        "ref": "8b",
        "train": "yes"
      },
      "geometry": {
        "type": "Point",
        "coordinates": [
          4.9011321,
          52.3787581
        ]
      },
      "id": "node/4934519189"
    },
    {
      "type": "Feature",
      "properties": {
        "@id": "node/4934519190",
        "level": "1",
        "name": "Amsterdam Centraal",
        "public_transport": "stop_position",
        "railway": "stop",
        "ref": "5b",
        "train": "yes"
      },
      "geometry": {
        "type": "Point",
        "coordinates": [
          4.9009924,
          52.378591
        ]
      },
      "id": "node/4934519190"
    },
    {
      "type": "Feature",
      "properties": {
        "@id": "node/4935253694",
        "name": "Zandvoort aan Zee",
        "public_transport": "stop_position",
        "railway": "stop",
        "railway:ref": "Zvt",
        "ref": "2",
        "train": "yes"
      },
      "geometry": {
        "type": "Point",
        "coordinates": [
          4.5315618,
          52.3757772
        ]
      },
      "id": "node/4935253694"
    },
    {
      "type": "Feature",
      "properties": {
        "@id": "node/4935253704",
        "name": "Zandvoort aan Zee",
        "public_transport": "stop_position",
        "railway": "stop",
        "railway:ref": "Zvt",
        "ref": "1",
        "train": "yes"
      },
      "geometry": {
        "type": "Point",
        "coordinates": [
          4.5314668,
          52.3756476
        ]
      },
      "id": "node/4935253704"
    },
    {
      "type": "Feature",
      "properties": {
        "@id": "node/4938152263",
        "name": "Duivendrecht",
        "public_transport": "stop_position",
        "railway": "stop",
        "ref": "5",
        "train": "yes",
        "wikidata": "Q49870",
        "wikimedia_commons": "Category:Station Duivendrecht",
        "wikipedia": "nl:Station Duivendrecht",
        "zone": "5715"
      },
      "geometry": {
        "type": "Point",
        "coordinates": [
          4.9367273,
          52.3236637
        ]
      },
      "id": "node/4938152263"
    },
    {
      "type": "Feature",
      "properties": {
        "@id": "node/4938152264",
        "name": "Duivendrecht",
        "public_transport": "stop_position",
        "railway": "stop",
        "ref": "8",
        "train": "yes"
      },
      "geometry": {
        "type": "Point",
        "coordinates": [
          4.9362876,
          52.3235024
        ]
      },
      "id": "node/4938152264"
    },
    {
      "type": "Feature",
      "properties": {
        "@id": "node/4938152636",
        "name": "Amsterdam Muiderpoort",
        "public_transport": "stop_position",
        "railway": "stop",
        "ref": "8",
        "train": "yes"
      },
      "geometry": {
        "type": "Point",
        "coordinates": [
          4.9307204,
          52.3606632
        ]
      },
      "id": "node/4938152636"
    },
    {
      "type": "Feature",
      "properties": {
        "@id": "node/4938152969",
        "local_ref": "4",
        "name": "Amsterdam Amstel",
        "public_transport": "stop_position",
        "railway": "stop",
        "railway:ref": "Asa",
        "ref": "4",
        "train": "yes"
      },
      "geometry": {
        "type": "Point",
        "coordinates": [
          4.9172469,
          52.3463918
        ]
      },
      "id": "node/4938152969"
    },
    {
      "type": "Feature",
      "properties": {
        "@id": "node/4938153286",
        "name": "Amsterdam Muiderpoort",
        "public_transport": "stop_position",
        "railway": "stop",
        "ref": "9",
        "train": "yes"
      },
      "geometry": {
        "type": "Point",
        "coordinates": [
          4.9301033,
          52.3600523
        ]
      },
      "id": "node/4938153286"
    },
    {
      "type": "Feature",
      "properties": {
        "@id": "node/4938153481",
        "local_ref": "1",
        "name": "Amsterdam Amstel",
        "public_transport": "stop_position",
        "railway": "stop",
        "railway:ref": "Asa",
        "ref": "1",
        "train": "yes"
      },
      "geometry": {
        "type": "Point",
        "coordinates": [
          4.9177759,
          52.3465067
        ]
      },
      "id": "node/4938153481"
    },
    {
      "type": "Feature",
      "properties": {
        "@id": "node/4938154015",
        "name": "Abcoude",
        "public_transport": "stop_position",
        "ref": "2",
        "train": "yes"
      },
      "geometry": {
        "type": "Point",
        "coordinates": [
          4.9772182,
          52.2789419
        ]
      },
      "id": "node/4938154015"
    },
    {
      "type": "Feature",
      "properties": {
        "@id": "node/4938154235",
        "name": "Abcoude",
        "public_transport": "stop_position",
        "ref": "3",
        "train": "yes"
      },
      "geometry": {
        "type": "Point",
        "coordinates": [
          4.9769361,
          52.2789274
        ]
      },
      "id": "node/4938154235"
    },
    {
      "type": "Feature",
      "properties": {
        "@id": "node/4938155853",
        "name": "Breukelen",
        "public_transport": "stop_position",
        "railway": "stop",
        "railway:ref": "Bkl",
        "ref": "3",
        "train": "yes"
      },
      "geometry": {
        "type": "Point",
        "coordinates": [
          4.9905167,
          52.1713094
        ]
      },
      "id": "node/4938155853"
    },
    {
      "type": "Feature",
      "properties": {
        "@id": "node/4938156027",
        "name": "Breukelen",
        "public_transport": "stop_position",
        "railway": "stop",
        "railway:ref": "Bkl",
        "ref": "2",
        "train": "yes"
      },
      "geometry": {
        "type": "Point",
        "coordinates": [
          4.9907413,
          52.1713033
        ]
      },
      "id": "node/4938156027"
    },
    {
      "type": "Feature",
      "properties": {
        "@id": "node/4947331289",
        "local_ref": "2",
        "name": "Amsterdam Holendrecht",
        "public_transport": "stop_position",
        "railway": "stop",
        "ref": "2",
        "train": "yes"
      },
      "geometry": {
        "type": "Point",
        "coordinates": [
          4.9603242,
          52.2979907
        ]
      },
      "id": "node/4947331289"
    },
    {
      "type": "Feature",
      "properties": {
        "@id": "node/4947331299",
        "local_ref": "5",
        "name": "Amsterdam Holendrecht",
        "public_transport": "stop_position",
        "railway": "stop",
        "ref": "5",
        "train": "yes"
      },
      "geometry": {
        "type": "Point",
        "coordinates": [
          4.9600568,
          52.2978979
        ]
      },
      "id": "node/4947331299"
    },
    {
      "type": "Feature",
      "properties": {
        "@id": "node/4954340993",
        "name": "Assen",
        "public_transport": "stop_position",
        "railway": "stop",
        "ref": "2b",
        "train": "yes"
      },
      "geometry": {
        "type": "Point",
        "coordinates": [
          6.5711482,
          52.9922597
        ]
      },
      "id": "node/4954340993"
    },
    {
      "type": "Feature",
      "properties": {
        "@id": "node/4957588994",
        "name": "Amsterdam Muiderpoort",
        "public_transport": "stop_position",
        "railway": "stop",
        "ref": "3",
        "train": "yes"
      },
      "geometry": {
        "type": "Point",
        "coordinates": [
          4.9319293,
          52.3607832
        ]
      },
      "id": "node/4957588994"
    },
    {
      "type": "Feature",
      "properties": {
        "@id": "node/4957588995",
        "name": "Amsterdam Muiderpoort",
        "public_transport": "stop_position",
        "railway": "stop",
        "train": "yes"
      },
      "geometry": {
        "type": "Point",
        "coordinates": [
          4.9316478,
          52.3607282
        ]
      },
      "id": "node/4957588995"
    },
    {
      "type": "Feature",
      "properties": {
        "@id": "node/4970423096",
        "name": "Roosendaal",
        "public_transport": "stop_position",
        "railway": "stop",
        "railway:ref": "Rsd",
        "railway:ref:NMBS/SNCB": "XNRSD",
        "ref": "3a",
        "train": "yes"
      },
      "geometry": {
        "type": "Point",
        "coordinates": [
          4.4578403,
          51.5399789
        ]
      },
      "id": "node/4970423096"
    },
    {
      "type": "Feature",
      "properties": {
        "@id": "node/5017067602",
        "bench": "yes",
        "bin": "yes",
        "level": "1",
        "lit": "yes",
        "name": "Amsterdam Centraal",
        "public_transport": "platform",
        "railway": "stop",
        "ref": "8a",
        "shelter": "yes",
        "tactile_paving": "yes",
        "train": "yes",
        "wheelchair": "yes"
      },
      "geometry": {
        "type": "Point",
        "coordinates": [
          4.9006901,
          52.3788686
        ]
      },
      "id": "node/5017067602"
    },
    {
      "type": "Feature",
      "properties": {
        "@id": "node/5017069892",
        "level": "1",
        "name": "Amsterdam Centraal",
        "public_transport": "stop_position",
        "railway": "stop",
        "ref": "1",
        "train": "yes"
      },
      "geometry": {
        "type": "Point",
        "coordinates": [
          4.8976994,
          52.379479
        ]
      },
      "id": "node/5017069892"
    },
    {
      "type": "Feature",
      "properties": {
        "@id": "node/5029411370",
        "name": "Zaandam",
        "public_transport": "stop_position",
        "railway": "stop",
        "ref": "1",
        "train": "yes"
      },
      "geometry": {
        "type": "Point",
        "coordinates": [
          4.8141869,
          52.4383353
        ]
      },
      "id": "node/5029411370"
    },
    {
      "type": "Feature",
      "properties": {
        "@id": "node/5029411371",
        "description": "Zaandam",
        "name": "Zaandam",
        "public_transport": "stop_position",
        "railway": "stop",
        "ref": "2",
        "train": "yes"
      },
      "geometry": {
        "type": "Point",
        "coordinates": [
          4.8139747,
          52.4382943
        ]
      },
      "id": "node/5029411371"
    },
    {
      "type": "Feature",
      "properties": {
        "@id": "node/5029411372",
        "name": "Zaandam",
        "public_transport": "stop_position",
        "railway": "stop",
        "ref": "4",
        "train": "yes"
      },
      "geometry": {
        "type": "Point",
        "coordinates": [
          4.8138381,
          52.4382679
        ]
      },
      "id": "node/5029411372"
    },
    {
      "type": "Feature",
      "properties": {
        "@id": "node/5029411373",
        "name": "Zaandam",
        "public_transport": "stop_position",
        "railway": "stop",
        "ref": "5",
        "train": "yes"
      },
      "geometry": {
        "type": "Point",
        "coordinates": [
          4.8136341,
          52.4382284
        ]
      },
      "id": "node/5029411373"
    },
    {
      "type": "Feature",
      "properties": {
        "@id": "node/5037367917",
        "name": "Haarlem",
        "public_transport": "stop_position",
        "railway": "stop",
        "ref": "8",
        "train": "yes"
      },
      "geometry": {
        "type": "Point",
        "coordinates": [
          4.6380291,
          52.3883396
        ]
      },
      "id": "node/5037367917"
    },
    {
      "type": "Feature",
      "properties": {
        "@id": "node/5037367918",
        "name": "Haarlem",
        "public_transport": "stop_position",
        "railway": "stop",
        "ref": "6",
        "train": "yes"
      },
      "geometry": {
        "type": "Point",
        "coordinates": [
          4.6380025,
          52.3882527
        ]
      },
      "id": "node/5037367918"
    },
    {
      "type": "Feature",
      "properties": {
        "@id": "node/5037367919",
        "name": "Haarlem",
        "public_transport": "stop_position",
        "railway": "stop",
        "ref": "3",
        "train": "yes"
      },
      "geometry": {
        "type": "Point",
        "coordinates": [
          4.6379203,
          52.3879836
        ]
      },
      "id": "node/5037367919"
    },
    {
      "type": "Feature",
      "properties": {
        "@id": "node/5037367920",
        "name": "Haarlem",
        "public_transport": "stop_position",
        "railway": "stop",
        "ref": "1",
        "train": "yes"
      },
      "geometry": {
        "type": "Point",
        "coordinates": [
          4.637895,
          52.3879011
        ]
      },
      "id": "node/5037367920"
    },
    {
      "type": "Feature",
      "properties": {
        "@id": "node/5037369146",
        "name": "Haarlem",
        "public_transport": "stop_position",
        "railway": "buffer_stop",
        "ref": "4",
        "train": "yes"
      },
      "geometry": {
        "type": "Point",
        "coordinates": [
          4.6370481,
          52.3881917
        ]
      },
      "id": "node/5037369146"
    },
    {
      "type": "Feature",
      "properties": {
        "@id": "node/5037369157",
        "name": "Haarlem",
        "public_transport": "stop_position",
        "railway": "buffer_stop",
        "ref": "5",
        "train": "yes"
      },
      "geometry": {
        "type": "Point",
        "coordinates": [
          4.6370575,
          52.3882268
        ]
      },
      "id": "node/5037369157"
    },
    {
      "type": "Feature",
      "properties": {
        "@id": "node/5037369562",
        "name": "Amsterdam Sloterdijk",
        "public_transport": "stop_position",
        "railway": "stop",
        "railway:ref": "Ass",
        "ref": "7",
        "train": "yes"
      },
      "geometry": {
        "type": "Point",
        "coordinates": [
          4.8383084,
          52.3888954
        ]
      },
      "id": "node/5037369562"
    },
    {
      "type": "Feature",
      "properties": {
        "@id": "node/5037370052",
        "name": "Halfweg-Zwanenburg",
        "public_transport": "stop_position",
        "railway": "stop",
        "railway:ref": "Hwzb",
        "ref": "2",
        "train": "yes"
      },
      "geometry": {
        "type": "Point",
        "coordinates": [
          4.7472504,
          52.3859249
        ]
      },
      "id": "node/5037370052"
    },
    {
      "type": "Feature",
      "properties": {
        "@id": "node/5037370553",
        "name": "Amsterdam Sloterdijk",
        "public_transport": "stop_position",
        "railway": "stop",
        "railway:ref": "Ass",
        "ref": "8",
        "train": "yes"
      },
      "geometry": {
        "type": "Point",
        "coordinates": [
          4.8383212,
          52.3887515
        ]
      },
      "id": "node/5037370553"
    },
    {
      "type": "Feature",
      "properties": {
        "@id": "node/5037370926",
        "name": "Halfweg-Zwanenburg",
        "public_transport": "stop_position",
        "railway": "stop",
        "railway:ref": "Hwzb",
        "ref": "1",
        "train": "yes"
      },
      "geometry": {
        "type": "Point",
        "coordinates": [
          4.7472349,
          52.3858902
        ]
      },
      "id": "node/5037370926"
    },
    {
      "type": "Feature",
      "properties": {
        "@id": "node/5037632783",
        "name": "Amsterdam Zuid",
        "public_transport": "stop_position",
        "railway": "stop",
        "ref": "4",
        "train": "yes"
      },
      "geometry": {
        "type": "Point",
        "coordinates": [
          4.8731176,
          52.338937
        ]
      },
      "id": "node/5037632783"
    },
    {
      "type": "Feature",
      "properties": {
        "@id": "node/5037632784",
        "name": "Amsterdam Zuid",
        "public_transport": "stop_position",
        "railway": "stop",
        "ref": "1",
        "train": "yes"
      },
      "geometry": {
        "type": "Point",
        "coordinates": [
          4.8731361,
          52.3386655
        ]
      },
      "id": "node/5037632784"
    },
    {
      "type": "Feature",
      "properties": {
        "@id": "node/5037632785",
        "name": "Amsterdam Zuid",
        "public_transport": "stop_position",
        "railway": "stop",
        "ref": "3",
        "train": "yes"
      },
      "geometry": {
        "type": "Point",
        "coordinates": [
          4.8731253,
          52.3388169
        ]
      },
      "id": "node/5037632785"
    },
    {
      "type": "Feature",
      "properties": {
        "@id": "node/5037632786",
        "name": "Amsterdam Zuid",
        "public_transport": "stop_position",
        "railway": "stop",
        "ref": "2",
        "train": "yes"
      },
      "geometry": {
        "type": "Point",
        "coordinates": [
          4.8731278,
          52.3387804
        ]
      },
      "id": "node/5037632786"
    },
    {
      "type": "Feature",
      "properties": {
        "@id": "node/5046828040",
        "name": "Amsterdam RAI",
        "public_transport": "stop_position",
        "railway": "stop",
        "ref": "2",
        "train": "yes"
      },
      "geometry": {
        "type": "Point",
        "coordinates": [
          4.889928,
          52.3369926
        ]
      },
      "id": "node/5046828040"
    },
    {
      "type": "Feature",
      "properties": {
        "@id": "node/5046828042",
        "name": "Amsterdam RAI",
        "public_transport": "stop_position",
        "railway": "stop",
        "ref": "3",
        "train": "yes"
      },
      "geometry": {
        "type": "Point",
        "coordinates": [
          4.8900019,
          52.3370468
        ]
      },
      "id": "node/5046828042"
    },
    {
      "type": "Feature",
      "properties": {
        "@id": "node/5046828043",
        "name": "Amsterdam RAI",
        "public_transport": "stop_position",
        "railway": "stop",
        "ref": "4",
        "train": "yes"
      },
      "geometry": {
        "type": "Point",
        "coordinates": [
          4.8901348,
          52.337144
        ]
      },
      "id": "node/5046828043"
    },
    {
      "type": "Feature",
      "properties": {
        "@id": "node/5092443124",
        "name": "Beverwijk",
        "public_transport": "stop_position",
        "railway": "stop",
        "ref": "2",
        "train": "yes"
      },
      "geometry": {
        "type": "Point",
        "coordinates": [
          4.6564972,
          52.4786417
        ]
      },
      "id": "node/5092443124"
    },
    {
      "type": "Feature",
      "properties": {
        "@id": "node/5092443142",
        "name": "Beverwijk",
        "public_transport": "stop_position",
        "railway": "stop",
        "ref": "3",
        "train": "yes"
      },
      "geometry": {
        "type": "Point",
        "coordinates": [
          4.6565896,
          52.4785479
        ]
      },
      "id": "node/5092443142"
    },
    {
      "type": "Feature",
      "properties": {
        "@id": "node/5097608850",
        "name": "Hoorn",
        "operator": "Nederlandse Spoorwegen",
        "public_transport": "stop_position",
        "railway": "stop",
        "ref": "3",
        "train": "yes"
      },
      "geometry": {
        "type": "Point",
        "coordinates": [
          5.0542714,
          52.6452038
        ]
      },
      "id": "node/5097608850"
    },
    {
      "type": "Feature",
      "properties": {
        "@id": "node/5097608851",
        "name": "Hoorn",
        "operator": "Nederlandse Spoorwegen",
        "public_transport": "stop_position",
        "railway": "stop",
        "ref": "2",
        "train": "yes"
      },
      "geometry": {
        "type": "Point",
        "coordinates": [
          5.0542394,
          52.6451002
        ]
      },
      "id": "node/5097608851"
    },
    {
      "type": "Feature",
      "properties": {
        "@id": "node/5097608852",
        "name": "Hoorn",
        "operator": "Nederlandse Spoorwegen",
        "public_transport": "stop_position",
        "railway": "stop",
        "ref": "1",
        "train": "yes"
      },
      "geometry": {
        "type": "Point",
        "coordinates": [
          5.0542286,
          52.6450652
        ]
      },
      "id": "node/5097608852"
    },
    {
      "type": "Feature",
      "properties": {
        "@id": "node/5113672373",
        "name": "Castricum",
        "public_transport": "stop_position",
        "railway": "stop",
        "ref": "2",
        "train": "yes"
      },
      "geometry": {
        "type": "Point",
        "coordinates": [
          4.6591055,
          52.5452114
        ]
      },
      "id": "node/5113672373"
    },
    {
      "type": "Feature",
      "properties": {
        "@id": "node/5113672500",
        "name": "Castricum",
        "public_transport": "stop_position",
        "railway": "stop",
        "ref": "1",
        "train": "yes"
      },
      "geometry": {
        "type": "Point",
        "coordinates": [
          4.6593135,
          52.5452494
        ]
      },
      "id": "node/5113672500"
    },
    {
      "type": "Feature",
      "properties": {
        "@id": "node/5113672910",
        "name": "Wormerveer",
        "public_transport": "stop_position",
        "railway": "stop",
        "ref": "1",
        "train": "yes"
      },
      "geometry": {
        "type": "Point",
        "coordinates": [
          4.7930438,
          52.489275
        ]
      },
      "id": "node/5113672910"
    },
    {
      "type": "Feature",
      "properties": {
        "@id": "node/5113673045",
        "name": "Wormerveer",
        "public_transport": "stop_position",
        "railway": "stop",
        "ref": "4",
        "train": "yes"
      },
      "geometry": {
        "type": "Point",
        "coordinates": [
          4.7929422,
          52.4890911
        ]
      },
      "id": "node/5113673045"
    },
    {
      "type": "Feature",
      "properties": {
        "@id": "node/5119830180",
        "name": "Enkhuizen",
        "public_transport": "stop_position",
        "railway": "buffer_stop",
        "ref": "1",
        "train": "yes"
      },
      "geometry": {
        "type": "Point",
        "coordinates": [
          5.2885137,
          52.6995683
        ]
      },
      "id": "node/5119830180"
    },
    {
      "type": "Feature",
      "properties": {
        "@id": "node/5119830182",
        "name": "Enkhuizen",
        "public_transport": "stop_position",
        "railway": "buffer_stop",
        "ref": "2",
        "train": "yes"
      },
      "geometry": {
        "type": "Point",
        "coordinates": [
          5.2884832,
          52.6996696
        ]
      },
      "id": "node/5119830182"
    },
    {
      "type": "Feature",
      "properties": {
        "@id": "node/5140037182",
        "name": "Den Helder Zuid",
        "public_transport": "stop_position",
        "railway": "stop",
        "ref": "1",
        "train": "yes"
      },
      "geometry": {
        "type": "Point",
        "coordinates": [
          4.7641809,
          52.9326229
        ]
      },
      "id": "node/5140037182"
    },
    {
      "type": "Feature",
      "properties": {
        "@id": "node/5140037183",
        "name": "Den Helder Zuid",
        "public_transport": "stop_position",
        "railway": "stop",
        "ref": "2",
        "train": "yes"
      },
      "geometry": {
        "type": "Point",
        "coordinates": [
          4.7641236,
          52.9326117
        ]
      },
      "id": "node/5140037183"
    },
    {
      "type": "Feature",
      "properties": {
        "@id": "node/5140037867",
        "name": "Den Helder",
        "public_transport": "stop_position",
        "railway": "buffer_stop",
        "ref": "3",
        "train": "yes"
      },
      "geometry": {
        "type": "Point",
        "coordinates": [
          4.7607534,
          52.9567022
        ]
      },
      "id": "node/5140037867"
    },
    {
      "type": "Feature",
      "properties": {
        "@id": "node/5140037885",
        "name": "Den Helder",
        "public_transport": "stop_position",
        "railway": "buffer_stop",
        "ref": "2",
        "train": "yes"
      },
      "geometry": {
        "type": "Point",
        "coordinates": [
          4.7605826,
          52.9566937
        ]
      },
      "id": "node/5140037885"
    },
    {
      "type": "Feature",
      "properties": {
        "@id": "node/5157629618",
        "name": "Eemshaven",
        "public_transport": "stop_position",
        "railway": "stop",
        "ref": "1",
        "train": "yes"
      },
      "geometry": {
        "type": "Point",
        "coordinates": [
          6.8308323,
          53.4585738
        ]
      },
      "id": "node/5157629618"
    },
    {
      "type": "Feature",
      "properties": {
        "@id": "node/5167840387",
        "name": "Bergen op Zoom",
        "public_transport": "stop_position",
        "railway": "stop",
        "railway:ref": "Bgn",
        "ref": "2",
        "train": "yes",
        "zone": "7290"
      },
      "geometry": {
        "type": "Point",
        "coordinates": [
          4.2962407,
          51.4946462
        ]
      },
      "id": "node/5167840387"
    },
    {
      "type": "Feature",
      "properties": {
        "@id": "node/5171497755",
        "name": "Bergen op Zoom",
        "public_transport": "stop_position",
        "railway": "stop",
        "railway:ref": "Bgn",
        "ref": "1",
        "train": "yes"
      },
      "geometry": {
        "type": "Point",
        "coordinates": [
          4.2960754,
          51.4946567
        ]
      },
      "id": "node/5171497755"
    },
    {
      "type": "Feature",
      "properties": {
        "@id": "node/5223970003",
        "name": "Tilburg Universiteit",
        "public_transport": "stop_position",
        "railway": "stop",
        "railway:ref": "Tbu",
        "ref": "3",
        "train": "yes"
      },
      "geometry": {
        "type": "Point",
        "coordinates": [
          5.0486762,
          51.5653143
        ]
      },
      "id": "node/5223970003"
    },
    {
      "type": "Feature",
      "properties": {
        "@id": "node/5238035697",
        "name": "Den Haag Centraal",
        "public_transport": "stop_position",
        "railway": "stop",
        "railway:ref": "Gvc",
        "ref": "10",
        "train": "yes"
      },
      "geometry": {
        "type": "Point",
        "coordinates": [
          4.3247604,
          52.0810564
        ]
      },
      "id": "node/5238035697"
    },
    {
      "type": "Feature",
      "properties": {
        "@id": "node/5238035698",
        "name": "Den Haag Centraal",
        "public_transport": "stop_position",
        "railway": "stop",
        "railway:ref": "Gvc",
        "ref": "9",
        "train": "yes"
      },
      "geometry": {
        "type": "Point",
        "coordinates": [
          4.3247163,
          52.0810343
        ]
      },
      "id": "node/5238035698"
    },
    {
      "type": "Feature",
      "properties": {
        "@id": "node/5238035699",
        "name": "Den Haag Centraal",
        "public_transport": "stop_position",
        "railway": "stop",
        "railway:ref": "Gvc",
        "ref": "8",
        "train": "yes"
      },
      "geometry": {
        "type": "Point",
        "coordinates": [
          4.324569,
          52.0809694
        ]
      },
      "id": "node/5238035699"
    },
    {
      "type": "Feature",
      "properties": {
        "@id": "node/5238035700",
        "name": "Den Haag Centraal",
        "public_transport": "stop_position",
        "railway": "stop",
        "railway:ref": "Gvc",
        "ref": "7",
        "train": "yes"
      },
      "geometry": {
        "type": "Point",
        "coordinates": [
          4.3245213,
          52.0809471
        ]
      },
      "id": "node/5238035700"
    },
    {
      "type": "Feature",
      "properties": {
        "@id": "node/5238035701",
        "name": "Den Haag Centraal",
        "public_transport": "stop_position",
        "railway": "stop",
        "railway:ref": "Gvc",
        "ref": "6",
        "train": "yes"
      },
      "geometry": {
        "type": "Point",
        "coordinates": [
          4.3243782,
          52.0808788
        ]
      },
      "id": "node/5238035701"
    },
    {
      "type": "Feature",
      "properties": {
        "@id": "node/5238035702",
        "name": "Den Haag Centraal",
        "public_transport": "stop_position",
        "railway": "stop",
        "railway:ref": "Gvc",
        "ref": "5",
        "train": "yes"
      },
      "geometry": {
        "type": "Point",
        "coordinates": [
          4.3243307,
          52.0808573
        ]
      },
      "id": "node/5238035702"
    },
    {
      "type": "Feature",
      "properties": {
        "@id": "node/5238035703",
        "name": "Den Haag Centraal",
        "public_transport": "stop_position",
        "railway": "stop",
        "railway:ref": "Gvc",
        "ref": "4",
        "train": "yes"
      },
      "geometry": {
        "type": "Point",
        "coordinates": [
          4.3241867,
          52.0807893
        ]
      },
      "id": "node/5238035703"
    },
    {
      "type": "Feature",
      "properties": {
        "@id": "node/5238035704",
        "name": "Den Haag Centraal",
        "public_transport": "stop_position",
        "railway": "stop",
        "railway:ref": "Gvc",
        "ref": "3",
        "train": "yes"
      },
      "geometry": {
        "type": "Point",
        "coordinates": [
          4.3241402,
          52.0807692
        ]
      },
      "id": "node/5238035704"
    },
    {
      "type": "Feature",
      "properties": {
        "@id": "node/5238035705",
        "name": "Den Haag Centraal",
        "public_transport": "stop_position",
        "railway": "stop",
        "railway:ref": "Gvc",
        "ref": "2",
        "train": "yes"
      },
      "geometry": {
        "type": "Point",
        "coordinates": [
          4.3244843,
          52.0803196
        ]
      },
      "id": "node/5238035705"
    },
    {
      "type": "Feature",
      "properties": {
        "@id": "node/5238035706",
        "name": "Den Haag Centraal",
        "public_transport": "stop_position",
        "railway": "stop",
        "railway:ref": "Gvc",
        "ref": "1",
        "train": "yes"
      },
      "geometry": {
        "type": "Point",
        "coordinates": [
          4.3244411,
          52.0802951
        ]
      },
      "id": "node/5238035706"
    },
    {
      "type": "Feature",
      "properties": {
        "@id": "node/5238671761",
        "name": "'s-Hertogenbosch Oost",
        "public_transport": "stop_position",
        "railway": "stop",
        "railway:ref": "Hto",
        "ref": "1",
        "train": "yes"
      },
      "geometry": {
        "type": "Point",
        "coordinates": [
          5.3191148,
          51.7005709
        ]
      },
      "id": "node/5238671761"
    },
    {
      "type": "Feature",
      "properties": {
        "@id": "node/5238671967",
        "name": "Oss",
        "public_transport": "stop_position",
        "railway": "stop",
        "railway:ref": "O",
        "ref": "2",
        "train": "yes"
      },
      "geometry": {
        "type": "Point",
        "coordinates": [
          5.5326434,
          51.7656056
        ]
      },
      "id": "node/5238671967"
    },
    {
      "type": "Feature",
      "properties": {
        "@id": "node/5238672220",
        "name": "'s-Hertogenbosch",
        "public_transport": "stop_position",
        "railway": "stop",
        "railway:ref": "Ht",
        "ref": "4a",
        "train": "yes"
      },
      "geometry": {
        "type": "Point",
        "coordinates": [
          5.2937356,
          51.6909485
        ]
      },
      "id": "node/5238672220"
    },
    {
      "type": "Feature",
      "properties": {
        "@id": "node/5238672284",
        "name": "'s-Hertogenbosch",
        "public_transport": "stop_position",
        "railway": "stop",
        "railway:ref": "Ht",
        "ref": "3a",
        "train": "yes"
      },
      "geometry": {
        "type": "Point",
        "coordinates": [
          5.2940111,
          51.6909141
        ]
      },
      "id": "node/5238672284"
    },
    {
      "type": "Feature",
      "properties": {
        "@id": "node/5252617525",
        "name": "Groningen Europapark",
        "public_transport": "station",
        "railway": "station",
        "railway:ref": "Gerp",
        "train": "yes",
        "wheelchair": "yes",
        "wikidata": "Q17939",
        "wikipedia": "nl:Station Groningen Europapark",
        "zone": "1000"
      },
      "geometry": {
        "type": "Point",
        "coordinates": [
          6.585821,
          53.2047056
        ]
      },
      "id": "node/5252617525"
    },
    {
      "type": "Feature",
      "properties": {
        "@id": "node/5252617526",
        "name": "Mantgum",
        "public_transport": "station",
        "railway": "station",
        "railway:ref": "Mg",
        "train": "yes",
        "wheelchair": "yes",
        "wikidata": "Q2914974",
        "wikipedia": "nl:Station Mantgum",
        "zone": "2233"
      },
      "geometry": {
        "type": "Point",
        "coordinates": [
          5.7132668,
          53.1297366
        ]
      },
      "id": "node/5252617526"
    },
    {
      "type": "Feature",
      "properties": {
        "@id": "node/5252716645",
        "addr:city": "Haarlem",
        "addr:housenumber": "1",
        "addr:postcode": "2011LR",
        "addr:street": "Stationsplein",
        "alt_name": "Haarlem NS",
        "building": "train_station",
        "image": "https://www.prorail.nl/siteassets/homepage/nieuws/haarlem-bouwdoek.jpg?width=1200&height=700&mode=crop",
        "internet_access": "wlan",
        "name": "Haarlem",
        "operator": "NS / ProRail",
        "operator:website": "https://www.ns.nl/stationsinformatie/hlm/haarlem",
        "public_transport": "station",
        "railway": "station",
        "railway:ref": "Hlm",
        "train": "yes",
        "wheelchair": "yes",
        "wikidata": "Q800863",
        "wikimedia_commons": "Category:Station Haarlem",
        "wikipedia": "nl:Station Haarlem",
        "zone": "5500"
      },
      "geometry": {
        "type": "Point",
        "coordinates": [
          4.6385788,
          52.3880778
        ]
      },
      "id": "node/5252716645"
    },
    {
      "type": "Feature",
      "properties": {
        "@id": "node/5252944882",
        "addr:city": "Amsterdam",
        "addr:country": "NL",
        "addr:housenumber": "10",
        "addr:street": "Zuidplein",
        "name": "Amsterdam Zuid",
        "network": "Hoofdrailnet Nederland",
        "network:short": "HRN",
        "network:wikidata": "Q2337464",
        "network:wikipedia": "nl:Hoofdrailnet",
        "old_name:1985-2006": "Amsterdam Zuid-WTC",
        "operator": "Nederlandse Spoorwegen",
        "public_transport": "station",
        "railway": "station",
        "railway:ref": "Asdz",
        "source": "BAG",
        "source:date": "2014-03-24",
        "start_date": "1978-12-21",
        "train": "yes",
        "website": "https://www.ns.nl/stationsinformatie/asdz/amsterdam-zuid",
        "wheelchair": "yes",
        "wikidata": "Q49872",
        "wikimedia_commons": "Category:Station Amsterdam Zuid",
        "wikipedia": "nl:Station Amsterdam Zuid"
      },
      "geometry": {
        "type": "Point",
        "coordinates": [
          4.873191,
          52.3388074
        ]
      },
      "id": "node/5252944882"
    },
    {
      "type": "Feature",
      "properties": {
        "@id": "node/5260996738",
        "level": "-1",
        "name": "Best",
        "public_transport": "station",
        "railway": "station",
        "railway:ref": "Bet",
        "train": "yes",
        "website": "https://www.ns.nl/stationsinformatie/bet/best",
        "wheelchair": "yes",
        "wikidata": "Q2670554",
        "wikipedia": "nl:Station Best"
      },
      "geometry": {
        "type": "Point",
        "coordinates": [
          5.3892206,
          51.5098165
        ]
      },
      "id": "node/5260996738"
    },
    {
      "type": "Feature",
      "properties": {
        "@id": "node/5260996778",
        "layer": "-1",
        "level": "-1",
        "name": "Best",
        "public_transport": "stop_position",
        "railway": "stop",
        "railway:ref": "Bet",
        "ref": "1",
        "train": "yes"
      },
      "geometry": {
        "type": "Point",
        "coordinates": [
          5.3893517,
          51.509871
        ]
      },
      "id": "node/5260996778"
    },
    {
      "type": "Feature",
      "properties": {
        "@id": "node/5260996779",
        "layer": "-1",
        "level": "-1",
        "name": "Best",
        "public_transport": "stop_position",
        "railway": "stop",
        "railway:ref": "Bet",
        "ref": "2",
        "train": "yes"
      },
      "geometry": {
        "type": "Point",
        "coordinates": [
          5.3892985,
          51.509852
        ]
      },
      "id": "node/5260996779"
    },
    {
      "type": "Feature",
      "properties": {
        "@id": "node/5260996780",
        "layer": "-1",
        "level": "-1",
        "name": "Best",
        "public_transport": "stop_position",
        "railway": "stop",
        "railway:ref": "Bet",
        "ref": "3",
        "train": "yes"
      },
      "geometry": {
        "type": "Point",
        "coordinates": [
          5.3891304,
          51.5097922
        ]
      },
      "id": "node/5260996780"
    },
    {
      "type": "Feature",
      "properties": {
        "@id": "node/5260996781",
        "layer": "-1",
        "level": "-1",
        "name": "Best",
        "public_transport": "stop_position",
        "railway": "stop",
        "railway:ref": "Bet",
        "ref": "4",
        "train": "yes"
      },
      "geometry": {
        "type": "Point",
        "coordinates": [
          5.3890772,
          51.5097733
        ]
      },
      "id": "node/5260996781"
    },
    {
      "type": "Feature",
      "properties": {
        "@id": "node/5262709801",
        "name": "Eindhoven Stadion",
        "public_transport": "stop_position",
        "railway": "stop",
        "railway:ref": "Ehst",
        "train": "yes"
      },
      "geometry": {
        "type": "Point",
        "coordinates": [
          5.4673992,
          51.4430049
        ]
      },
      "id": "node/5262709801"
    },
    {
      "type": "Feature",
      "properties": {
        "@id": "node/5262709929",
        "name": "Eindhoven Centraal",
        "name:de": "Eindhoven Hauptbahnhof",
        "public_transport": "stop_position",
        "railway": "stop",
        "railway:ref": "Ehv",
        "ref": "1",
        "train": "yes"
      },
      "geometry": {
        "type": "Point",
        "coordinates": [
          5.4804058,
          51.4428145
        ]
      },
      "id": "node/5262709929"
    },
    {
      "type": "Feature",
      "properties": {
        "@id": "node/5262709930",
        "name": "Eindhoven Centraal",
        "name:de": "Eindhoven Hauptbahnhof",
        "public_transport": "stop_position",
        "railway": "stop",
        "railway:ref": "Ehv",
        "ref": "2",
        "train": "yes"
      },
      "geometry": {
        "type": "Point",
        "coordinates": [
          5.4803474,
          51.4429804
        ]
      },
      "id": "node/5262709930"
    },
    {
      "type": "Feature",
      "properties": {
        "@id": "node/5262709931",
        "name": "Eindhoven Centraal",
        "name:de": "Eindhoven Hauptbahnhof",
        "public_transport": "stop_position",
        "railway": "stop",
        "railway:ref": "Ehv",
        "ref": "3",
        "train": "yes"
      },
      "geometry": {
        "type": "Point",
        "coordinates": [
          5.4803333,
          51.4430205
        ]
      },
      "id": "node/5262709931"
    },
    {
      "type": "Feature",
      "properties": {
        "@id": "node/5262709932",
        "name": "Eindhoven Centraal",
        "name:de": "Eindhoven Hauptbahnhof",
        "public_transport": "stop_position",
        "railway": "stop",
        "railway:ref": "Ehv",
        "ref": "4",
        "train": "yes"
      },
      "geometry": {
        "type": "Point",
        "coordinates": [
          5.4802849,
          51.4431578
        ]
      },
      "id": "node/5262709932"
    },
    {
      "type": "Feature",
      "properties": {
        "@id": "node/5262709933",
        "name": "Eindhoven Centraal",
        "name:de": "Eindhoven Hauptbahnhof",
        "public_transport": "stop_position",
        "railway": "stop",
        "railway:ref": "Ehv",
        "ref": "5",
        "train": "yes"
      },
      "geometry": {
        "type": "Point",
        "coordinates": [
          5.480271,
          51.4431972
        ]
      },
      "id": "node/5262709933"
    },
    {
      "type": "Feature",
      "properties": {
        "@id": "node/5262709934",
        "name": "Eindhoven Centraal",
        "name:de": "Eindhoven Hauptbahnhof",
        "public_transport": "stop_position",
        "railway": "stop",
        "railway:ref": "Ehv",
        "ref": "6",
        "train": "yes"
      },
      "geometry": {
        "type": "Point",
        "coordinates": [
          5.4802112,
          51.4433669
        ]
      },
      "id": "node/5262709934"
    },
    {
      "type": "Feature",
      "properties": {
        "@id": "node/5274236726",
        "name": "Venray",
        "public_transport": "stop_position",
        "railway": "stop",
        "railway:ref": "Vry",
        "ref": "3",
        "train": "yes"
      },
      "geometry": {
        "type": "Point",
        "coordinates": [
          6.0145519,
          51.5265795
        ]
      },
      "id": "node/5274236726"
    },
    {
      "type": "Feature",
      "properties": {
        "@id": "node/5286453584",
        "name": "Weert",
        "public_transport": "stop_position",
        "railway": "stop",
        "railway:ref": "Wt",
        "ref": "3b",
        "train": "yes"
      },
      "geometry": {
        "type": "Point",
        "coordinates": [
          5.7049854,
          51.2485766
        ]
      },
      "id": "node/5286453584"
    },
    {
      "type": "Feature",
      "properties": {
        "@id": "node/5286453703",
        "name": "Weert",
        "public_transport": "stop_position",
        "railway": "stop",
        "railway:ref": "Wt",
        "ref": "3a",
        "train": "yes"
      },
      "geometry": {
        "type": "Point",
        "coordinates": [
          5.7012032,
          51.2487427
        ]
      },
      "id": "node/5286453703"
    },
    {
      "type": "Feature",
      "properties": {
        "@id": "node/5295787400",
        "name": "Venlo",
        "name:ar": "فينلو",
        "name:nl": "Venlo",
        "operator": "ProRail",
        "public_transport": "stop_position",
        "railway": "stop",
        "railway:ref": "Vl",
        "railway:ref:DB": "XNVL",
        "ref": "4a",
        "train": "yes"
      },
      "geometry": {
        "type": "Point",
        "coordinates": [
          6.1728513,
          51.3633567
        ]
      },
      "id": "node/5295787400"
    },
    {
      "type": "Feature",
      "properties": {
        "@id": "node/5295787468",
        "name": "Venlo",
        "name:ar": "فينلو",
        "name:nl": "Venlo",
        "operator": "ProRail",
        "public_transport": "stop_position",
        "railway": "stop",
        "railway:ref": "Vl",
        "railway:ref:DB": "XNVL",
        "ref": "4b",
        "train": "yes"
      },
      "geometry": {
        "type": "Point",
        "coordinates": [
          6.1714784,
          51.3644277
        ]
      },
      "id": "node/5295787468"
    },
    {
      "type": "Feature",
      "properties": {
        "@id": "node/5295788375",
        "name": "Venlo",
        "name:ar": "فينلو",
        "name:nl": "Venlo",
        "operator": "ProRail",
        "public_transport": "stop_position",
        "railway": "stop",
        "railway:ref": "Vl",
        "railway:ref:DB": "XNVL",
        "ref": "6",
        "train": "yes"
      },
      "geometry": {
        "type": "Point",
        "coordinates": [
          6.1705645,
          51.3655717
        ]
      },
      "id": "node/5295788375"
    },
    {
      "type": "Feature",
      "properties": {
        "@id": "node/5295788539",
        "layer": "1",
        "name": "Blerick",
        "public_transport": "stop_position",
        "railway": "stop",
        "railway:ref": "Br",
        "ref": "4",
        "train": "yes"
      },
      "geometry": {
        "type": "Point",
        "coordinates": [
          6.1554376,
          51.3725135
        ]
      },
      "id": "node/5295788539"
    },
    {
      "type": "Feature",
      "properties": {
        "@id": "node/5307364123",
        "name": "Sittard",
        "public_transport": "stop_position",
        "railway": "buffer_stop",
        "ref": "20",
        "train": "yes"
      },
      "geometry": {
        "type": "Point",
        "coordinates": [
          5.8587976,
          51.001155
        ]
      },
      "id": "node/5307364123"
    },
    {
      "type": "Feature",
      "properties": {
        "@id": "node/5307364503",
        "name": "Sittard",
        "public_transport": "stop_position",
        "railway": "stop",
        "railway:ref": "Std",
        "ref": "3b",
        "train": "yes"
      },
      "geometry": {
        "type": "Point",
        "coordinates": [
          5.8590018,
          51.0024086
        ]
      },
      "id": "node/5307364503"
    },
    {
      "type": "Feature",
      "properties": {
        "@id": "node/5311118144",
        "name": "Maastricht",
        "public_transport": "stop_position",
        "railway": "stop",
        "railway:ref": "Mt",
        "railway:ref:NMBS/SNCB": "XNMT",
        "ref": "6",
        "train": "yes",
        "uic_ref": "8400424"
      },
      "geometry": {
        "type": "Point",
        "coordinates": [
          5.7060743,
          50.8497947
        ]
      },
      "id": "node/5311118144"
    },
    {
      "type": "Feature",
      "properties": {
        "@id": "node/5311118145",
        "addr:city": "Maastricht",
        "addr:housenumber": "27",
        "addr:postcode": "6221BT",
        "addr:street": "Stationsplein",
        "name": "Maastricht",
        "operator": "ProRail;Nederlandse Spoorwegen;Arriva Personenvervoer Nederland",
        "operator:wikidata": "Q2316882;Q23076;Q2581356",
        "public_transport": "station",
        "railway": "station",
        "railway:ref": "Mt",
        "railway:ref:NMBS/SNCB": "XNMT",
        "station": "train",
        "train": "yes",
        "uic_ref": "8400424",
        "website": "https://www.ns.nl/en/station-information/mt/maastricht",
        "wheelchair": "yes",
        "wikidata": "Q689931",
        "wikimedia_commons": "Category:Station Maastricht",
        "wikipedia": "nl:Station Maastricht",
        "zone": "6650"
      },
      "geometry": {
        "type": "Point",
        "coordinates": [
          5.7052501,
          50.8501783
        ]
      },
      "id": "node/5311118145"
    },
    {
      "type": "Feature",
      "properties": {
        "@id": "node/5312627353",
        "name": "Nuth",
        "public_transport": "stop_position",
        "railway": "stop",
        "railway:ref": "Nh",
        "ref": "2",
        "train": "yes"
      },
      "geometry": {
        "type": "Point",
        "coordinates": [
          5.8929152,
          50.91964
        ]
      },
      "id": "node/5312627353"
    },
    {
      "type": "Feature",
      "properties": {
        "@id": "node/5315193381",
        "name": "Valkenburg",
        "name:de": "Falkenburg",
        "operator": "ProRail",
        "public_transport": "stop_position",
        "railway": "stop",
        "railway:ref": "Vk",
        "ref": "3",
        "train": "yes",
        "zone": "6632"
      },
      "geometry": {
        "type": "Point",
        "coordinates": [
          5.8330237,
          50.8693709
        ]
      },
      "id": "node/5315193381"
    },
    {
      "type": "Feature",
      "properties": {
        "@id": "node/5315193382",
        "name": "Valkenburg",
        "name:de": "Falkenburg",
        "name:nl": "Valkenburg",
        "operator": "ProRail",
        "public_transport": "stop_position",
        "railway": "stop",
        "railway:ref": "Vk",
        "ref": "2",
        "train": "yes",
        "zone": "6632"
      },
      "geometry": {
        "type": "Point",
        "coordinates": [
          5.8329137,
          50.8692999
        ]
      },
      "id": "node/5315193382"
    },
    {
      "type": "Feature",
      "properties": {
        "@id": "node/5315193383",
        "name": "Valkenburg",
        "name:de": "Falkenburg",
        "name:nl": "Valkenburg",
        "operator": "ProRail",
        "public_transport": "stop_position",
        "railway": "stop",
        "railway:ref": "Vk",
        "ref": "1",
        "train": "yes",
        "wheelchair": "yes",
        "zone": "6632"
      },
      "geometry": {
        "type": "Point",
        "coordinates": [
          5.8328721,
          50.8692728
        ]
      },
      "id": "node/5315193383"
    },
    {
      "type": "Feature",
      "properties": {
        "@id": "node/5316997823",
        "name": "Kerkrade Centrum",
        "name:de": "Kirchrath Zentrum",
        "public_transport": "station",
        "railway": "station",
        "railway:ref": "Krd",
        "train": "yes",
        "wheelchair": "yes",
        "wikidata": "Q2462184",
        "wikimedia_commons": "Category:Station Kerkrade Centrum",
        "wikipedia": "nl:Station Kerkrade Centrum",
        "zone": "6627"
      },
      "geometry": {
        "type": "Point",
        "coordinates": [
          6.0572213,
          50.8613851
        ]
      },
      "id": "node/5316997823"
    },
    {
      "type": "Feature",
      "properties": {
        "@id": "node/5316997824",
        "name": "Kerkrade Centrum",
        "name:de": "Kirchrath Zentrum",
        "public_transport": "stop_position",
        "railway": "stop",
        "railway:ref": "Krd",
        "ref": "1",
        "train": "yes"
      },
      "geometry": {
        "type": "Point",
        "coordinates": [
          6.0571097,
          50.8608542
        ]
      },
      "id": "node/5316997824"
    },
    {
      "type": "Feature",
      "properties": {
        "@id": "node/5316997912",
        "name": "Landgraaf",
        "operator": "Arriva",
        "public_transport": "station",
        "railway": "station",
        "railway:ref": "Lg",
        "source": "AND",
        "train": "yes",
        "uic_ref": "8400548",
        "website": "https://9292.nl/en/locations/station-landgraaf/departures",
        "wheelchair": "yes",
        "wikidata": "Q2522892",
        "wikimedia_commons": "Category:Station Landgraaf",
        "wikipedia": "nl:Station Landgraaf",
        "zone": "6617"
      },
      "geometry": {
        "type": "Point",
        "coordinates": [
          6.0196861,
          50.896491
        ]
      },
      "id": "node/5316997912"
    },
    {
      "type": "Feature",
      "properties": {
        "@id": "node/5316997913",
        "name": "Landgraaf",
        "public_transport": "stop_position",
        "railway": "stop",
        "railway:ref": "Lg",
        "ref": "2",
        "train": "yes"
      },
      "geometry": {
        "type": "Point",
        "coordinates": [
          6.0202225,
          50.8966432
        ]
      },
      "id": "node/5316997913"
    },
    {
      "type": "Feature",
      "properties": {
        "@id": "node/5318782323",
        "name": "Schin op Geul",
        "operator": "Zuid-Limburgse Stoomtrein Maatschappij",
        "public_transport": "stop_position",
        "railway": "stop",
        "railway:ref": "Sog",
        "train": "yes"
      },
      "geometry": {
        "type": "Point",
        "coordinates": [
          5.8714103,
          50.8560087
        ]
      },
      "id": "node/5318782323"
    },
    {
      "type": "Feature",
      "properties": {
        "@id": "node/5318782381",
        "name": "Wijlre",
        "operator": "Zuid-Limburgse Stoomtrein Maatschappij",
        "public_transport": "stop_position",
        "railway": "stop",
        "railway:ref": "Wij",
        "train": "yes"
      },
      "geometry": {
        "type": "Point",
        "coordinates": [
          5.8982429,
          50.832941
        ]
      },
      "id": "node/5318782381"
    },
    {
      "type": "Feature",
      "properties": {
        "@id": "node/5318782394",
        "name": "Wijlre",
        "operator": "Zuid-Limburgse Stoomtrein Maatschappij",
        "public_transport": "stop_position",
        "railway": "stop",
        "railway:ref": "Wij",
        "train": "yes"
      },
      "geometry": {
        "type": "Point",
        "coordinates": [
          5.8981544,
          50.8329101
        ]
      },
      "id": "node/5318782394"
    },
    {
      "type": "Feature",
      "properties": {
        "@id": "node/5318782432",
        "name": "Simpelveld",
        "operator": "Zuid-Limburgse Stoomtrein Maatschappij",
        "public_transport": "stop_position",
        "railway": "stop",
        "railway:ref": "Spv",
        "train": "yes"
      },
      "geometry": {
        "type": "Point",
        "coordinates": [
          5.9784607,
          50.831568
        ]
      },
      "id": "node/5318782432"
    },
    {
      "type": "Feature",
      "properties": {
        "@id": "node/5318782553",
        "name": "Kerkrade ZLSM",
        "name:de": "Kirchrath ZLSM",
        "operator": "Zuid-Limburgse Stoomtrein Maatschappij",
        "public_transport": "stop_position",
        "railway": "stop",
        "railway:ref": "Krd",
        "train": "yes"
      },
      "geometry": {
        "type": "Point",
        "coordinates": [
          6.0568203,
          50.8592953
        ]
      },
      "id": "node/5318782553"
    },
    {
      "type": "Feature",
      "properties": {
        "@id": "node/5318782629",
        "name": "Bocholtz",
        "operator": "Miljoenenlijn",
        "public_transport": "stop_position",
        "railway": "stop",
        "railway:ref": "Bch",
        "train": "yes"
      },
      "geometry": {
        "type": "Point",
        "coordinates": [
          6.0057704,
          50.816919
        ]
      },
      "id": "node/5318782629"
    },
    {
      "type": "Feature",
      "properties": {
        "@id": "node/5318782790",
        "name": "Simpelveld",
        "operator": "Zuid-Limburgse Stoomtrein Maatschappij",
        "public_transport": "stop_position",
        "railway": "stop",
        "railway:ref": "Spv",
        "train": "yes"
      },
      "geometry": {
        "type": "Point",
        "coordinates": [
          5.9784687,
          50.8315288
        ]
      },
      "id": "node/5318782790"
    },
    {
      "type": "Feature",
      "properties": {
        "@id": "node/5320076565",
        "name": "Delft",
        "network": "ProRail",
        "operator": "Nederlandse Spoorwegen",
        "public_transport": "stop_position",
        "railway": "stop",
        "railway:ref": "Dt",
        "ref": "3",
        "train": "yes",
        "wheelchair": "yes"
      },
      "geometry": {
        "type": "Point",
        "coordinates": [
          4.3566678,
          52.00726
        ]
      },
      "id": "node/5320076565"
    },
    {
      "type": "Feature",
      "properties": {
        "@id": "node/5333790816",
        "name": "Roosendaal",
        "public_transport": "stop_position",
        "railway": "stop",
        "railway:ref": "Rsd",
        "railway:ref:NMBS/SNCB": "XNRSD",
        "ref": "3b",
        "train": "yes"
      },
      "geometry": {
        "type": "Point",
        "coordinates": [
          4.4592893,
          51.5408729
        ]
      },
      "id": "node/5333790816"
    },
    {
      "type": "Feature",
      "properties": {
        "@id": "node/5353865266",
        "name": "Oldenzaal",
        "public_transport": "stop_position",
        "railway": "stop",
        "ref": "2",
        "train": "yes"
      },
      "geometry": {
        "type": "Point",
        "coordinates": [
          6.9338109,
          52.3062446
        ]
      },
      "id": "node/5353865266"
    },
    {
      "type": "Feature",
      "properties": {
        "@id": "node/5410560059",
        "alt_name": "BleiZo",
        "name": "Lansingerland-Zoetermeer",
        "public_transport": "station",
        "railway": "station",
        "railway:ref": "Llzm",
        "train": "yes",
        "website": "https://www.ns.nl/stationsinformatie/llzm/lansingerland-zoetermeer",
        "wheelchair": "yes",
        "wikidata": "Q2740322",
        "wikimedia_commons": "Category:Lansingerland-Zoetermeer train station",
        "wikipedia": "nl:Station Lansingerland-Zoetermeer"
      },
      "geometry": {
        "type": "Point",
        "coordinates": [
          4.5189245,
          52.040963
        ]
      },
      "id": "node/5410560059"
    },
    {
      "type": "Feature",
      "properties": {
        "@id": "node/5410733860",
        "name": "Waddinxveen Triangel",
        "public_transport": "stop_position",
        "railway": "stop",
        "railway:ref": "Wadt",
        "ref": "1",
        "train": "yes",
        "wikidata": "Q2797593",
        "wikipedia": "nl:Station Waddinxveen Triangel"
      },
      "geometry": {
        "type": "Point",
        "coordinates": [
          4.6490996,
          52.0272605
        ]
      },
      "id": "node/5410733860"
    },
    {
      "type": "Feature",
      "properties": {
        "@id": "node/5484688267",
        "name": "Zwolle Stadshagen",
        "network": "Zwolle - Kampen",
        "operator": "ProRail",
        "public_transport": "stop_position",
        "railway": "stop",
        "railway:ref": "Zlsh",
        "ref": "1",
        "train": "yes"
      },
      "geometry": {
        "type": "Point",
        "coordinates": [
          6.0512522,
          52.5277703
        ]
      },
      "id": "node/5484688267"
    },
    {
      "type": "Feature",
      "properties": {
        "@id": "node/5553032172",
        "name": "Rotterdam Centraal",
        "public_transport": "stop_position",
        "railway": "stop",
        "railway:ref": "Rtd",
        "railway:ref:NMBS/SNCB": "XNRTD",
        "ref": "2",
        "train": "yes",
        "wikidata": "Q801388",
        "wikipedia": "nl:Station Rotterdam Centraal"
      },
      "geometry": {
        "type": "Point",
        "coordinates": [
          4.4691533,
          51.9246006
        ]
      },
      "id": "node/5553032172"
    },
    {
      "type": "Feature",
      "properties": {
        "@id": "node/5610532031",
        "name": "Hengelo Oost",
        "public_transport": "stop_position",
        "railway": "stop",
        "ref": "2",
        "train": "yes"
      },
      "geometry": {
        "type": "Point",
        "coordinates": [
          6.8205264,
          52.2692813
        ]
      },
      "id": "node/5610532031"
    },
    {
      "type": "Feature",
      "properties": {
        "@id": "node/5610535909",
        "name": "Duiven",
        "public_transport": "stop_position",
        "railway": "stop",
        "railway:ref": "Dvn",
        "ref": "1",
        "train": "yes"
      },
      "geometry": {
        "type": "Point",
        "coordinates": [
          6.014298,
          51.9435286
        ]
      },
      "id": "node/5610535909"
    },
    {
      "type": "Feature",
      "properties": {
        "@id": "node/5661145776",
        "name": "Kampen Zuid",
        "public_transport": "station",
        "railway": "station",
        "railway:ref": "Kpnz",
        "train": "yes",
        "wheelchair": "yes",
        "wikidata": "Q5085816",
        "wikipedia": "nl:Station Kampen Zuid"
      },
      "geometry": {
        "type": "Point",
        "coordinates": [
          5.9132744,
          52.5329839
        ]
      },
      "id": "node/5661145776"
    },
    {
      "type": "Feature",
      "properties": {
        "@id": "node/5669443996",
        "name": "Doetinchem De Huet",
        "public_transport": "station",
        "railway": "station",
        "railway:ref": "Dtch",
        "ref": "1",
        "train": "yes",
        "wheelchair": "limited",
        "wikidata": "Q2597197",
        "wikipedia": "nl:Station Doetinchem De Huet",
        "zone": "4172"
      },
      "geometry": {
        "type": "Point",
        "coordinates": [
          6.2600315,
          51.9591802
        ]
      },
      "id": "node/5669443996"
    },
    {
      "type": "Feature",
      "properties": {
        "@id": "node/5687009081",
        "name": "Eygelshoven",
        "public_transport": "station",
        "railway": "station",
        "railway:ref": "Egh",
        "train": "yes",
        "website": "https://9292.nl/en/locations/station-eygelshoven/departures",
        "wikidata": "Q2533036",
        "wikimedia_commons": "Category:Station Eygelshoven",
        "wikipedia": "nl:Station Eygelshoven",
        "zone": "6627"
      },
      "geometry": {
        "type": "Point",
        "coordinates": [
          6.0456023,
          50.8901122
        ]
      },
      "id": "node/5687009081"
    },
    {
      "type": "Feature",
      "properties": {
        "@id": "node/5687009082",
        "name": "Chevremont",
        "name:de": "Kaffenberg",
        "public_transport": "station",
        "railway": "station",
        "railway:ref": "Cvm",
        "train": "yes",
        "wikidata": "Q2993513",
        "wikimedia_commons": "Category:Station Chevremont",
        "wikipedia": "nl:Station Chevremont",
        "zone": "6627"
      },
      "geometry": {
        "type": "Point",
        "coordinates": [
          6.0595563,
          50.8762291
        ]
      },
      "id": "node/5687009082"
    },
    {
      "type": "Feature",
      "properties": {
        "@id": "node/5787651376",
        "name": "Schagen",
        "public_transport": "stop_position",
        "railway": "stop",
        "ref": "3",
        "train": "yes"
      },
      "geometry": {
        "type": "Point",
        "coordinates": [
          4.8054701,
          52.7852726
        ]
      },
      "id": "node/5787651376"
    },
    {
      "type": "Feature",
      "properties": {
        "@id": "node/5803134461",
        "name": "Zwolle",
        "public_transport": "stop_position",
        "railway": "stop",
        "ref": "8",
        "train": "yes"
      },
      "geometry": {
        "type": "Point",
        "coordinates": [
          6.0897807,
          52.5052351
        ]
      },
      "id": "node/5803134461"
    },
    {
      "type": "Feature",
      "properties": {
        "@id": "node/5937700682",
        "name": "Zuidhorn",
        "public_transport": "stop_position",
        "railway": "buffer_stop",
        "ref": "3",
        "train": "yes"
      },
      "geometry": {
        "type": "Point",
        "coordinates": [
          6.4079744,
          53.2478906
        ]
      },
      "id": "node/5937700682"
    },
    {
      "type": "Feature",
      "properties": {
        "@id": "node/5977673549",
        "name": "Zwolle Stadshagen",
        "operator": "NS",
        "public_transport": "station",
        "railway": "station",
        "railway:ref": "Zlsh",
        "toilets:wheelchair": "yes",
        "train": "yes",
        "wheelchair": "yes",
        "wikidata": "Q16547929",
        "wikipedia": "nl:Station Zwolle Stadshagen"
      },
      "geometry": {
        "type": "Point",
        "coordinates": [
          6.0512888,
          52.5278636
        ]
      },
      "id": "node/5977673549"
    },
    {
      "type": "Feature",
      "properties": {
        "@id": "node/6030462808",
        "name": "Roermond",
        "public_transport": "stop_position",
        "railway": "stop",
        "railway:ref": "Rm",
        "railway:ref:DB": "XNRM",
        "ref": "3b",
        "train": "yes"
      },
      "geometry": {
        "type": "Point",
        "coordinates": [
          5.9947813,
          51.1935944
        ]
      },
      "id": "node/6030462808"
    },
    {
      "type": "Feature",
      "properties": {
        "@id": "node/6030462911",
        "name": "Roermond",
        "public_transport": "stop_position",
        "railway": "stop",
        "railway:ref": "Rm",
        "railway:ref:DB": "XNRM",
        "ref": "3a",
        "train": "yes"
      },
      "geometry": {
        "type": "Point",
        "coordinates": [
          5.9944869,
          51.1929334
        ]
      },
      "id": "node/6030462911"
    },
    {
      "type": "Feature",
      "properties": {
        "@id": "node/6030863122",
        "name": "Immenbergweg",
        "operator": "Veluwsche Stoomtrein Maatschappij",
        "public_transport": "stop_position",
        "railway": "stop",
        "train": "yes"
      },
      "geometry": {
        "type": "Point",
        "coordinates": [
          6.0039097,
          52.1482297
        ]
      },
      "id": "node/6030863122"
    },
    {
      "type": "Feature",
      "properties": {
        "@id": "node/6043938061",
        "name": "Maastricht",
        "public_transport": "stop_position",
        "railway": "stop",
        "railway:ref": "Mt",
        "railway:ref:NMBS/SNCB": "XNMT",
        "ref": "4a",
        "train": "yes",
        "uic_ref": "8400424"
      },
      "geometry": {
        "type": "Point",
        "coordinates": [
          5.7059816,
          50.8494462
        ]
      },
      "id": "node/6043938061"
    },
    {
      "type": "Feature",
      "properties": {
        "@id": "node/6043939450",
        "name": "Maastricht",
        "public_transport": "stop_position",
        "railway": "stop",
        "railway:ref": "Mt",
        "railway:ref:NMBS/SNCB": "XNMT",
        "ref": "4b",
        "train": "yes",
        "uic_ref": "8400424"
      },
      "geometry": {
        "type": "Point",
        "coordinates": [
          5.7056887,
          50.850054
        ]
      },
      "id": "node/6043939450"
    },
    {
      "type": "Feature",
      "properties": {
        "@id": "node/6043939451",
        "name": "Maastricht",
        "public_transport": "stop_position",
        "railway": "stop",
        "railway:ref": "Mt",
        "railway:ref:NMBS/SNCB": "XNMT",
        "ref": "5a",
        "train": "yes",
        "uic_ref": "8400424"
      },
      "geometry": {
        "type": "Point",
        "coordinates": [
          5.7060432,
          50.849457
        ]
      },
      "id": "node/6043939451"
    },
    {
      "type": "Feature",
      "properties": {
        "@id": "node/6043939653",
        "name": "Maastricht",
        "public_transport": "stop_position",
        "railway": "stop",
        "railway:ref": "Mt",
        "railway:ref:NMBS/SNCB": "XNMT",
        "ref": "5b",
        "train": "yes",
        "uic_ref": "8400424"
      },
      "geometry": {
        "type": "Point",
        "coordinates": [
          5.7057509,
          50.8500667
        ]
      },
      "id": "node/6043939653"
    },
    {
      "type": "Feature",
      "properties": {
        "@id": "node/6067375418",
        "name": "Venlo",
        "name:ar": "فينلو",
        "name:nl": "Venlo",
        "operator": "ProRail",
        "public_transport": "stop_position",
        "railway": "stop",
        "railway:ref": "Vl",
        "railway:ref:DB": "XNVL",
        "ref": "1a",
        "train": "yes"
      },
      "geometry": {
        "type": "Point",
        "coordinates": [
          6.172153,
          51.364249
        ]
      },
      "id": "node/6067375418"
    },
    {
      "type": "Feature",
      "properties": {
        "@id": "node/6067375804",
        "name": "Venlo",
        "name:ar": "فينلو",
        "name:nl": "Venlo",
        "operator": "ProRail",
        "public_transport": "stop_position",
        "railway": "stop",
        "railway:ref": "Vl",
        "railway:ref:DB": "XNVL",
        "ref": "1b",
        "source": "ProRail",
        "train": "yes"
      },
      "geometry": {
        "type": "Point",
        "coordinates": [
          6.1706373,
          51.3653714
        ]
      },
      "id": "node/6067375804"
    },
    {
      "type": "Feature",
      "properties": {
        "@id": "node/6067378668",
        "name": "Venlo",
        "name:ar": "فينلو",
        "name:nl": "Venlo",
        "operator": "ProRail",
        "public_transport": "stop_position",
        "railway": "stop",
        "railway:ref": "Vl",
        "railway:ref:DB": "XNVL",
        "ref": "3",
        "train": "yes"
      },
      "geometry": {
        "type": "Point",
        "coordinates": [
          6.1714059,
          51.3647015
        ]
      },
      "id": "node/6067378668"
    },
    {
      "type": "Feature",
      "properties": {
        "@id": "node/6127067338",
        "name": "Lansingerland-Zoetermeer",
        "public_transport": "stop_position",
        "railway": "stop",
        "railway:ref": "Llzm",
        "ref": "1",
        "train": "yes"
      },
      "geometry": {
        "type": "Point",
        "coordinates": [
          4.5191489,
          52.0409249
        ]
      },
      "id": "node/6127067338"
    },
    {
      "type": "Feature",
      "properties": {
        "@id": "node/6227573535",
        "name": "Zutphen",
        "public_transport": "stop_position",
        "railway": "stop",
        "ref": "2a",
        "train": "yes"
      },
      "geometry": {
        "type": "Point",
        "coordinates": [
          6.1934916,
          52.1445581
        ]
      },
      "id": "node/6227573535"
    },
    {
      "type": "Feature",
      "properties": {
        "@id": "node/6227573536",
        "name": "Zutphen",
        "public_transport": "stop_position",
        "railway": "stop",
        "ref": "1a",
        "train": "yes"
      },
      "geometry": {
        "type": "Point",
        "coordinates": [
          6.1935187,
          52.1445201
        ]
      },
      "id": "node/6227573536"
    },
    {
      "type": "Feature",
      "properties": {
        "@id": "node/6268324166",
        "description": "Leeuwarden",
        "name": "Leeuwarden",
        "public_transport": "stop_position",
        "railway": "stop",
        "ref": "5a",
        "train": "yes"
      },
      "geometry": {
        "type": "Point",
        "coordinates": [
          5.7924461,
          53.1959905
        ]
      },
      "id": "node/6268324166"
    },
    {
      "type": "Feature",
      "properties": {
        "@id": "node/6269422377",
        "name": "Groningen",
        "public_transport": "stop_position",
        "railway": "stop",
        "ref": "3",
        "train": "yes"
      },
      "geometry": {
        "type": "Point",
        "coordinates": [
          6.5641556,
          53.2103872
        ]
      },
      "id": "node/6269422377"
    },
    {
      "type": "Feature",
      "properties": {
        "@id": "node/6943869507",
        "name": "Delft Campus",
        "public_transport": "stop_position",
        "railway": "stop",
        "railway:ref": "Dtcp",
        "ref": "1",
        "train": "yes",
        "wheelchair": "yes"
      },
      "geometry": {
        "type": "Point",
        "coordinates": [
          4.3648678,
          51.9911373
        ]
      },
      "id": "node/6943869507"
    },
    {
      "type": "Feature",
      "properties": {
        "@id": "node/6943869508",
        "name": "Delft Campus",
        "public_transport": "stop_position",
        "railway": "stop",
        "railway:ref": "Dtcp",
        "ref": "4",
        "train": "yes",
        "wheelchair": "yes"
      },
      "geometry": {
        "type": "Point",
        "coordinates": [
          4.3645047,
          51.9910639
        ]
      },
      "id": "node/6943869508"
    },
    {
      "type": "Feature",
      "properties": {
        "@id": "node/6943877176",
        "name": "Delft Campus",
        "old_name:-2019-12-15": "Delft Zuid",
        "public_transport": "station",
        "railway": "station",
        "railway:ref": "Dtcp",
        "start_date": "1970-05-31",
        "train": "yes",
        "website": "https://www.ns.nl/stationsinformatie/dtcp/delft-campus",
        "wheelchair": "yes",
        "wikidata": "Q2096609",
        "wikipedia": "nl:Station Delft Campus",
        "zone": "5426"
      },
      "geometry": {
        "type": "Point",
        "coordinates": [
          4.3646868,
          51.9911036
        ]
      },
      "id": "node/6943877176"
    },
    {
      "type": "Feature",
      "properties": {
        "@id": "node/7042618356",
        "name": "Bergen op Zoom",
        "public_transport": "station",
        "railway": "station",
        "railway:ref": "Bgn",
        "start_date": "1863-12-23",
        "train": "yes",
        "website": "https://www.ns.nl/stationsinformatie/bgn/bergen-op-zoom",
        "wheelchair": "yes",
        "wikidata": "Q800468",
        "wikipedia": "nl:Station Bergen op Zoom",
        "zone": "7290"
      },
      "geometry": {
        "type": "Point",
        "coordinates": [
          4.2961899,
          51.4947862
        ]
      },
      "id": "node/7042618356"
    },
    {
      "type": "Feature",
      "properties": {
        "@id": "node/7045108268",
        "name": "Naarden-Bussum",
        "public_transport": "station",
        "railway": "station",
        "railway:ref": "Ndb",
        "train": "yes",
        "wheelchair": "yes",
        "wikidata": "Q575616",
        "wikipedia": "nl:Station Naarden-Bussum",
        "zone": "5851"
      },
      "geometry": {
        "type": "Point",
        "coordinates": [
          5.1571557,
          52.280646
        ]
      },
      "id": "node/7045108268"
    },
    {
      "type": "Feature",
      "properties": {
        "@id": "node/7045125861",
        "name": "Soestdijk",
        "public_transport": "station",
        "railway": "station",
        "railway:ref": "Sd",
        "train": "yes",
        "wheelchair": "limited",
        "wikidata": "Q2184799",
        "wikipedia": "nl:Station Soestdijk",
        "zone": "5952"
      },
      "geometry": {
        "type": "Point",
        "coordinates": [
          5.2999111,
          52.1838566
        ]
      },
      "id": "node/7045125861"
    },
    {
      "type": "Feature",
      "properties": {
        "@id": "node/7046777542",
        "name": "Martenshoek",
        "public_transport": "station",
        "railway": "station",
        "railway:ref": "Mth",
        "train": "yes",
        "wheelchair": "yes",
        "wikidata": "Q47247",
        "wikipedia": "nl:Station Martenshoek",
        "zone": "1255"
      },
      "geometry": {
        "type": "Point",
        "coordinates": [
          6.7405089,
          53.1608102
        ]
      },
      "id": "node/7046777542"
    },
    {
      "type": "Feature",
      "properties": {
        "@id": "node/7046777543",
        "name": "Kropswolde",
        "public_transport": "station",
        "railway": "station",
        "railway:ref": "Kw",
        "train": "yes",
        "wikidata": "Q47242",
        "wikimedia_commons": "Category:Station Kropswolde",
        "wikipedia": "nl:Station Kropswolde",
        "zone": "1255"
      },
      "geometry": {
        "type": "Point",
        "coordinates": [
          6.7229343,
          53.1615882
        ]
      },
      "id": "node/7046777543"
    },
    {
      "type": "Feature",
      "properties": {
        "@id": "node/7046796326",
        "name": "Wierden",
        "public_transport": "station",
        "railway": "station",
        "railway:ref": "Wdn",
        "train": "yes",
        "wheelchair": "yes",
        "wikidata": "Q801610",
        "wikipedia": "nl:Station Wierden",
        "zone": "4560"
      },
      "geometry": {
        "type": "Point",
        "coordinates": [
          6.5921524,
          52.36154
        ]
      },
      "id": "node/7046796326"
    },
    {
      "type": "Feature",
      "properties": {
        "@id": "node/7046802197",
        "name": "Vroomshoop",
        "public_transport": "station",
        "railway": "station",
        "railway:ref": "Vhp",
        "train": "yes",
        "wikidata": "Q2124986",
        "wikipedia": "nl:Station Vroomshoop",
        "zone": "4582"
      },
      "geometry": {
        "type": "Point",
        "coordinates": [
          6.5696271,
          52.457312
        ]
      },
      "id": "node/7046802197"
    },
    {
      "type": "Feature",
      "properties": {
        "@id": "node/7046834617",
        "name": "Rijssen",
        "public_transport": "station",
        "railway": "station",
        "railway:ref": "Rsn",
        "toilets:wheelchair": "no",
        "train": "yes",
        "wheelchair": "yes",
        "wikidata": "Q3019791",
        "wikipedia": "nl:Station Rijssen",
        "zone": "4530"
      },
      "geometry": {
        "type": "Point",
        "coordinates": [
          6.5192167,
          52.3117493
        ]
      },
      "id": "node/7046834617"
    },
    {
      "type": "Feature",
      "properties": {
        "@id": "node/7047016903",
        "name": "Beek-Elsloo",
        "public_transport": "station",
        "railway": "station",
        "railway:ref": "Bk",
        "train": "yes",
        "wikidata": "Q2162451",
        "wikimedia_commons": "Category:Station Beek-Elsloo",
        "wikipedia": "nl:Station Beek-Elsloo",
        "zone": "6720"
      },
      "geometry": {
        "type": "Point",
        "coordinates": [
          5.7864878,
          50.9473903
        ]
      },
      "id": "node/7047016903"
    },
    {
      "type": "Feature",
      "properties": {
        "@id": "node/7047043027",
        "alt_name": "Maastricht Randwijck",
        "name": "Maastricht Randwyck",
        "operator": "ProRail;Arriva Personenvervoer Nederland",
        "operator:wikidata": "Q2316882;Q2581356",
        "public_transport": "station",
        "railway": "station",
        "railway:ref": "Mtr",
        "station": "train",
        "train": "yes",
        "uic_ref": "8400426",
        "wheelchair": "yes",
        "wikidata": "Q1935405",
        "wikimedia_commons": "Category:Station Maastricht Randwyck",
        "wikipedia": "nl:Station Maastricht Randwyck",
        "zone": "6649"
      },
      "geometry": {
        "type": "Point",
        "coordinates": [
          5.7176213,
          50.8376341
        ]
      },
      "id": "node/7047043027"
    },
    {
      "type": "Feature",
      "properties": {
        "@id": "node/7047065519",
        "name": "Hoensbroek",
        "public_transport": "station",
        "railway": "station",
        "railway:ref": "Hb",
        "train": "yes",
        "wikidata": "Q5876484",
        "wikimedia_commons": "Category:Station Hoensbroek",
        "wikipedia": "nl:Station Hoensbroek",
        "zone": "6621"
      },
      "geometry": {
        "type": "Point",
        "coordinates": [
          5.9302573,
          50.9055737
        ]
      },
      "id": "node/7047065519"
    },
    {
      "type": "Feature",
      "properties": {
        "@id": "node/7072277768",
        "name": "Eijsden",
        "operator": "ProRail",
        "operator:wikidata": "Q2316882",
        "platforms": "2",
        "public_transport": "station",
        "railway": "station",
        "railway:ref": "Edn",
        "station": "train",
        "train": "yes",
        "uic_ref": "8400219",
        "wikidata": "Q2508625",
        "wikimedia_commons": "Category:Station Eijsden",
        "wikipedia": "nl:Station Eijsden"
      },
      "geometry": {
        "type": "Point",
        "coordinates": [
          5.7100788,
          50.7720454
        ]
      },
      "id": "node/7072277768"
    },
    {
      "type": "Feature",
      "properties": {
        "@id": "node/7236606017",
        "name": "Driebergen-Zeist",
        "public_transport": "stop_position",
        "railway": "stop",
        "railway:ref": "Db",
        "ref": "1",
        "train": "yes"
      },
      "geometry": {
        "type": "Point",
        "coordinates": [
          5.2601996,
          52.0653177
        ]
      },
      "id": "node/7236606017"
    },
    {
      "type": "Feature",
      "properties": {
        "@id": "node/7264269286",
        "name": "Driebergen-Zeist",
        "public_transport": "stop_position",
        "railway": "stop",
        "railway:ref": "Db",
        "ref": "2",
        "train": "yes"
      },
      "geometry": {
        "type": "Point",
        "coordinates": [
          5.2602036,
          52.0651824
        ]
      },
      "id": "node/7264269286"
    },
    {
      "type": "Feature",
      "properties": {
        "@id": "node/7264686568",
        "name": "Driebergen-Zeist",
        "public_transport": "station",
        "railway": "station",
        "railway:ref": "Db",
        "train": "yes",
        "wheelchair": "yes",
        "wikidata": "Q800688",
        "wikipedia": "nl:Station Driebergen-Zeist",
        "zone": "5020"
      },
      "geometry": {
        "type": "Point",
        "coordinates": [
          5.2602392,
          52.0652455
        ]
      },
      "id": "node/7264686568"
    },
    {
      "type": "Feature",
      "properties": {
        "@id": "node/7279230075",
        "name": "Hoevelaken",
        "public_transport": "station",
        "railway": "station",
        "railway:ref": "Hvl",
        "train": "yes",
        "wheelchair": "yes",
        "wikidata": "Q2302483",
        "wikipedia": "nl:Station Hoevelaken"
      },
      "geometry": {
        "type": "Point",
        "coordinates": [
          5.4579565,
          52.1664319
        ]
      },
      "id": "node/7279230075"
    },
    {
      "type": "Feature",
      "properties": {
        "@id": "node/7413715348",
        "name": "Sauwerd",
        "public_transport": "station",
        "railway": "station",
        "railway:ref": "Swd",
        "train": "yes",
        "wheelchair": "yes",
        "wikidata": "Q2409365",
        "wikipedia": "nl:Station Sauwerd",
        "zone": "1025"
      },
      "geometry": {
        "type": "Point",
        "coordinates": [
          6.540409,
          53.2915652
        ]
      },
      "id": "node/7413715348"
    },
    {
      "type": "Feature",
      "properties": {
        "@id": "node/7414160465",
        "name": "Bedum",
        "public_transport": "station",
        "railway": "station",
        "railway:ref": "Bdm",
        "train": "yes",
        "wheelchair": "yes",
        "wikidata": "Q2640247",
        "wikipedia": "nl:Station Bedum",
        "zone": "1074"
      },
      "geometry": {
        "type": "Point",
        "coordinates": [
          6.5927288,
          53.3069316
        ]
      },
      "id": "node/7414160465"
    },
    {
      "type": "Feature",
      "properties": {
        "@id": "node/7414168868",
        "name": "Warffum",
        "public_transport": "station",
        "railway": "station",
        "railway:ref": "Wfm",
        "train": "yes",
        "wikidata": "Q1960407",
        "wikipedia": "nl:Station Warffum",
        "zone": "1071"
      },
      "geometry": {
        "type": "Point",
        "coordinates": [
          6.5668637,
          53.3901502
        ]
      },
      "id": "node/7414168868"
    },
    {
      "type": "Feature",
      "properties": {
        "@id": "node/7414169084",
        "name": "Winsum",
        "public_transport": "station",
        "railway": "station",
        "railway:ref": "Wsm",
        "train": "yes",
        "wheelchair": "yes",
        "wikidata": "Q17961",
        "wikipedia": "nl:Station Winsum",
        "zone": "1027"
      },
      "geometry": {
        "type": "Point",
        "coordinates": [
          6.5203056,
          53.330093
        ]
      },
      "id": "node/7414169084"
    },
    {
      "type": "Feature",
      "properties": {
        "@id": "node/7414170256",
        "name": "Usquert",
        "public_transport": "station",
        "railway": "station",
        "railway:ref": "Ust",
        "train": "yes",
        "wikidata": "Q685978",
        "wikipedia": "nl:Station Usquert",
        "zone": "1071"
      },
      "geometry": {
        "type": "Point",
        "coordinates": [
          6.6095178,
          53.4009642
        ]
      },
      "id": "node/7414170256"
    },
    {
      "type": "Feature",
      "properties": {
        "@id": "node/7414170368",
        "name": "Stedum",
        "public_transport": "station",
        "railway": "station",
        "railway:ref": "Stm",
        "train": "yes",
        "wikidata": "Q2554779",
        "wikipedia": "nl:Station Stedum",
        "zone": "1075"
      },
      "geometry": {
        "type": "Point",
        "coordinates": [
          6.6873925,
          53.3263606
        ]
      },
      "id": "node/7414170368"
    },
    {
      "type": "Feature",
      "properties": {
        "@id": "node/7414177097",
        "name": "Loppersum",
        "public_transport": "station",
        "railway": "station",
        "railway:ref": "Lp",
        "train": "yes",
        "wikidata": "Q2214133",
        "wikimedia_commons": "Category:Station Loppersum",
        "wikipedia": "nl:Station Loppersum",
        "zone": "1065"
      },
      "geometry": {
        "type": "Point",
        "coordinates": [
          6.7474514,
          53.3347918
        ]
      },
      "id": "node/7414177097"
    },
    {
      "type": "Feature",
      "properties": {
        "@id": "node/7414187411",
        "name": "Delfzijl West",
        "old_name": "Delfzijl Noord",
        "public_transport": "station",
        "railway": "station",
        "railway:ref": "Dzw",
        "train": "yes",
        "wheelchair": "yes",
        "wikidata": "Q3148264",
        "wikipedia": "nl:Station Delfzijl West",
        "zone": "1060"
      },
      "geometry": {
        "type": "Point",
        "coordinates": [
          6.9070228,
          53.3320112
        ]
      },
      "id": "node/7414187411"
    },
    {
      "type": "Feature",
      "properties": {
        "@id": "node/7414196774",
        "name": "Delfzijl",
        "public_transport": "station",
        "railway": "station",
        "railway:ref": "Dz",
        "train": "yes",
        "wheelchair": "yes",
        "wikidata": "Q47229",
        "wikimedia_commons": "Category:Station Delfzijl",
        "wikipedia": "nl:Station Delfzijl",
        "zone": "1060"
      },
      "geometry": {
        "type": "Point",
        "coordinates": [
          6.9237352,
          53.3337339
        ]
      },
      "id": "node/7414196774"
    },
    {
      "type": "Feature",
      "properties": {
        "@id": "node/7414205076",
        "name": "Roodeschool",
        "name:fy": "Readeskoalle",
        "public_transport": "station",
        "railway": "station",
        "railway:ref": "Rd",
        "train": "yes",
        "wheelchair": "yes",
        "wikidata": "Q47219",
        "wikipedia": "nl:Station Roodeschool",
        "zone": "1067"
      },
      "geometry": {
        "type": "Point",
        "coordinates": [
          6.7583767,
          53.4210157
        ]
      },
      "id": "node/7414205076"
    },
    {
      "type": "Feature",
      "properties": {
        "@id": "node/7414217648",
        "name": "Baflo",
        "public_transport": "station",
        "railway": "station",
        "railway:ref": "Bf",
        "train": "yes",
        "wikidata": "Q17960",
        "wikipedia": "nl:Station Baflo",
        "zone": "1047"
      },
      "geometry": {
        "type": "Point",
        "coordinates": [
          6.5188465,
          53.361054
        ]
      },
      "id": "node/7414217648"
    },
    {
      "type": "Feature",
      "properties": {
        "@id": "node/7414249859",
        "check_date:wheelchair": "2024-12-19",
        "name": "Uithuizen",
        "public_transport": "station",
        "railway": "station",
        "railway:ref": "Uhz",
        "train": "yes",
        "wheelchair": "yes",
        "wikidata": "Q1922139",
        "wikipedia": "nl:Station Uithuizen",
        "zone": "1070"
      },
      "geometry": {
        "type": "Point",
        "coordinates": [
          6.6746834,
          53.4096293
        ]
      },
      "id": "node/7414249859"
    },
    {
      "type": "Feature",
      "properties": {
        "@id": "node/7414263308",
        "name": "Uithuizermeeden",
        "public_transport": "station",
        "railway": "station",
        "railway:ref": "Uhm",
        "train": "yes",
        "wikidata": "Q2149192",
        "wikipedia": "nl:Station Uithuizermeeden",
        "zone": "1068"
      },
      "geometry": {
        "type": "Point",
        "coordinates": [
          6.7202534,
          53.4139462
        ]
      },
      "id": "node/7414263308"
    },
    {
      "type": "Feature",
      "properties": {
        "@id": "node/7414299354",
        "name": "Eemshaven",
        "public_transport": "station",
        "railway": "station",
        "railway:ref": "Eem",
        "train": "yes",
        "wheelchair": "yes",
        "wikidata": "Q2438647",
        "wikipedia": "nl:Station Eemshaven",
        "zone": "1080"
      },
      "geometry": {
        "type": "Point",
        "coordinates": [
          6.8308031,
          53.4586109
        ]
      },
      "id": "node/7414299354"
    },
    {
      "type": "Feature",
      "properties": {
        "@id": "node/7414300382",
        "name": "Hoogezand-Sappemeer",
        "public_transport": "station",
        "railway": "station",
        "railway:ref": "Hgz",
        "train": "yes",
        "wikidata": "Q47260",
        "wikipedia": "nl:Station Hoogezand-Sappemeer",
        "zone": "1260"
      },
      "geometry": {
        "type": "Point",
        "coordinates": [
          6.7709176,
          53.1597953
        ]
      },
      "id": "node/7414300382"
    },
    {
      "type": "Feature",
      "properties": {
        "@id": "node/7414323306",
        "name": "Scheemda",
        "public_transport": "station",
        "railway": "station",
        "railway:ref": "Sda",
        "train": "yes",
        "wheelchair": "yes",
        "wikidata": "Q47288",
        "wikipedia": "nl:Station Scheemda",
        "zone": "1302"
      },
      "geometry": {
        "type": "Point",
        "coordinates": [
          6.977959,
          53.1654348
        ]
      },
      "id": "node/7414323306"
    },
    {
      "type": "Feature",
      "properties": {
        "@id": "node/7414329623",
        "name": "Zuidbroek",
        "public_transport": "station",
        "railway": "station",
        "railway:ref": "Zb",
        "train": "yes",
        "wheelchair": "yes",
        "wikidata": "Q47283",
        "wikimedia_commons": "Category:Station Zuidbroek",
        "wikipedia": "nl:Station Zuidbroek",
        "zone": "1265"
      },
      "geometry": {
        "type": "Point",
        "coordinates": [
          6.8667625,
          53.1593423
        ]
      },
      "id": "node/7414329623"
    },
    {
      "type": "Feature",
      "properties": {
        "@id": "node/7414352883",
        "name": "Veendam",
        "network": "Regionaal spoorvervoer Fryslân en Groningen",
        "network:wikidata": "Q108742239",
        "not:network:wikidata": "Q108713758",
        "operator": "Arriva",
        "operator:wikidata": "Q2581356",
        "public_transport": "station",
        "railway": "station",
        "railway:ref": "Vdm",
        "train": "yes",
        "wheelchair": "yes",
        "wikidata": "Q801555",
        "wikipedia": "nl:Station Veendam"
      },
      "geometry": {
        "type": "Point",
        "coordinates": [
          6.8862686,
          53.1049958
        ]
      },
      "id": "node/7414352883"
    },
    {
      "type": "Feature",
      "properties": {
        "@id": "node/7414363760",
        "name": "Bad Nieuweschans",
        "name:de": "Bad Neuschanz",
        "public_transport": "stop_position",
        "ref": "2",
        "train": "yes"
      },
      "geometry": {
        "type": "Point",
        "coordinates": [
          7.1999536,
          53.1845263
        ]
      },
      "id": "node/7414363760"
    },
    {
      "type": "Feature",
      "properties": {
        "@id": "node/7414363761",
        "name": "Bad Nieuweschans",
        "name:de": "Bad Neuschanz",
        "public_transport": "station",
        "railway": "station",
        "railway:ref": "Nsch",
        "ref": "005",
        "train": "yes",
        "wheelchair": "yes",
        "wikidata": "Q47303",
        "wikipedia": "nl:Station Bad Nieuweschans",
        "zone": "1315"
      },
      "geometry": {
        "type": "Point",
        "coordinates": [
          7.2005246,
          53.1847702
        ]
      },
      "id": "node/7414363761"
    },
    {
      "type": "Feature",
      "properties": {
        "@id": "node/7510315998",
        "addr:city": "Eindhoven",
        "addr:housenumber": "202",
        "addr:postcode": "5611ZT",
        "addr:street": "Kennedyplein",
        "alt_name": "Station Eindhoven;Station Eindhoven Centraal",
        "name": "Eindhoven Centraal",
        "name:de": "Eindhoven Hauptbahnhof",
        "old_name:-2019-12-15": "Eindhoven",
        "public_transport": "station",
        "railway": "station",
        "railway:ref": "Ehv",
        "source": "BAG",
        "source:date": "2014-03-24",
        "start_date": "1866-07-01",
        "train": "yes",
        "website": "https://www.ns.nl/stationsinformatie/ehv/eindhoven-centraal",
        "wheelchair": "yes",
        "wikidata": "Q689942",
        "wikimedia_commons": "Category:Eindhoven Central station",
        "wikipedia": "nl:Station Eindhoven Centraal",
        "zone": "6400"
      },
      "geometry": {
        "type": "Point",
        "coordinates": [
          5.4795265,
          51.4429623
        ]
      },
      "id": "node/7510315998"
    },
    {
      "type": "Feature",
      "properties": {
        "@id": "node/7515219712",
        "name": "Oudenbosch",
        "platforms": "2",
        "public_transport": "station",
        "railway": "station",
        "railway:ref": "Odb",
        "train": "yes",
        "website": "https://www.ns.nl/stationsinformatie/odb/oudenbosch",
        "wheelchair": "yes",
        "wikidata": "Q2076385",
        "wikipedia": "nl:Station Oudenbosch",
        "zone": "7221"
      },
      "geometry": {
        "type": "Point",
        "coordinates": [
          4.5334608,
          51.5878989
        ]
      },
      "id": "node/7515219712"
    },
    {
      "type": "Feature",
      "properties": {
        "@id": "node/7515219713",
        "name": "Zevenbergen",
        "public_transport": "station",
        "railway": "station",
        "railway:ref": "Zvb",
        "train": "yes",
        "website": "https://www.ns.nl/stationsinformatie/zvb/zevenbergen",
        "wikidata": "Q1975582",
        "wikipedia": "nl:Station Zevenbergen"
      },
      "geometry": {
        "type": "Point",
        "coordinates": [
          4.6100851,
          51.6413438
        ]
      },
      "id": "node/7515219713"
    },
    {
      "type": "Feature",
      "properties": {
        "@id": "node/7515219803",
        "name": "Maarheeze",
        "public_transport": "station",
        "railway": "station",
        "railway:ref": "Mz",
        "train": "yes",
        "website": "https://www.ns.nl/stationsinformatie/mz/maarheeze",
        "wikidata": "Q2599924",
        "wikipedia": "nl:Station Maarheeze"
      },
      "geometry": {
        "type": "Point",
        "coordinates": [
          5.6303829,
          51.3042309
        ]
      },
      "id": "node/7515219803"
    },
    {
      "type": "Feature",
      "properties": {
        "@id": "node/7515219804",
        "name": "Heeze",
        "public_transport": "station",
        "railway": "station",
        "railway:ref": "Hze",
        "train": "yes",
        "website": "https://www.ns.nl/stationsinformatie/hze/heeze",
        "wheelchair": "yes",
        "wikidata": "Q1922272",
        "wikipedia": "nl:Station Heeze"
      },
      "geometry": {
        "type": "Point",
        "coordinates": [
          5.5694204,
          51.3853329
        ]
      },
      "id": "node/7515219804"
    },
    {
      "type": "Feature",
      "properties": {
        "@id": "node/7515222632",
        "name": "Vlissingen",
        "name:ar": "فلسنقن",
        "name:nl": "Vlissingen",
        "public_transport": "stop_position",
        "railway": "stop",
        "railway:ref": "Vs",
        "ref": "1",
        "train": "yes"
      },
      "geometry": {
        "type": "Point",
        "coordinates": [
          3.5957974,
          51.4444668
        ]
      },
      "id": "node/7515222632"
    },
    {
      "type": "Feature",
      "properties": {
        "@id": "node/7515222633",
        "name": "Vlissingen",
        "name:ar": "فلسنقن",
        "name:nl": "Vlissingen",
        "public_transport": "stop_position",
        "railway": "stop",
        "railway:ref": "Vs",
        "ref": "2",
        "train": "yes"
      },
      "geometry": {
        "type": "Point",
        "coordinates": [
          3.5957332,
          51.4444603
        ]
      },
      "id": "node/7515222633"
    },
    {
      "type": "Feature",
      "properties": {
        "@id": "node/7515222634",
        "name": "Vlissingen",
        "name:ar": "فلسنقن",
        "name:nl": "Vlissingen",
        "public_transport": "stop_position",
        "railway": "stop",
        "railway:ref": "Vs",
        "ref": "3",
        "train": "yes"
      },
      "geometry": {
        "type": "Point",
        "coordinates": [
          3.5955734,
          51.4444475
        ]
      },
      "id": "node/7515222634"
    },
    {
      "type": "Feature",
      "properties": {
        "@id": "node/7515233169",
        "name": "Lage Zwaluwe",
        "public_transport": "station",
        "railway": "station",
        "railway:ref": "Zlw",
        "train": "yes",
        "website": "https://www.ns.nl/stationsinformatie/zlw/lage-zwaluwe",
        "wikidata": "Q2689623",
        "wikipedia": "nl:Station Lage Zwaluwe"
      },
      "geometry": {
        "type": "Point",
        "coordinates": [
          4.6637116,
          51.6901564
        ]
      },
      "id": "node/7515233169"
    },
    {
      "type": "Feature",
      "properties": {
        "@id": "node/7515233170",
        "addr:city": "Breda",
        "addr:housenumber": "15",
        "addr:street": "Westerhagelaan",
        "name": "Breda-Prinsenbeek",
        "public_transport": "station",
        "railway": "station",
        "railway:ref": "Bdpb",
        "train": "yes",
        "website": "https://www.ns.nl/stationsinformatie/bdpb/breda-prinsenbeek",
        "wheelchair": "yes",
        "wikidata": "Q3084420",
        "wikipedia": "nl:Station Breda-Prinsenbeek"
      },
      "geometry": {
        "type": "Point",
        "coordinates": [
          4.7214222,
          51.6057193
        ]
      },
      "id": "node/7515233170"
    },
    {
      "type": "Feature",
      "properties": {
        "@id": "node/7515240586",
        "name": "Oisterwijk",
        "public_transport": "station",
        "railway": "station",
        "railway:ref": "Ot",
        "train": "yes",
        "website": "https://www.ns.nl/stationsinformatie/ot/oisterwijk",
        "wikidata": "Q2491009",
        "wikipedia": "nl:Station Oisterwijk"
      },
      "geometry": {
        "type": "Point",
        "coordinates": [
          5.193898,
          51.5821442
        ]
      },
      "id": "node/7515240586"
    },
    {
      "type": "Feature",
      "properties": {
        "@id": "node/7515242512",
        "name": "Dordrecht Zuid",
        "public_transport": "station",
        "railway": "station",
        "railway:ref": "Ddzd",
        "train": "yes",
        "website": "https://www.ns.nl/stationsinformatie/ddzd/dordrecht-zuid",
        "wikidata": "Q2229711",
        "wikipedia": "nl:Station Dordrecht Zuid",
        "zone": "5360"
      },
      "geometry": {
        "type": "Point",
        "coordinates": [
          4.6715744,
          51.79017
        ]
      },
      "id": "node/7515242512"
    },
    {
      "type": "Feature",
      "properties": {
        "@id": "node/7515245054",
        "name": "Vlissingen Souburg",
        "public_transport": "station",
        "railway": "station",
        "railway:ref": "Vss",
        "start_date": "1986-05-31",
        "train": "yes",
        "wheelchair": "yes",
        "wikidata": "Q801569",
        "wikipedia": "nl:Station Vlissingen Souburg",
        "zone": "7660"
      },
      "geometry": {
        "type": "Point",
        "coordinates": [
          3.5950865,
          51.4647139
        ]
      },
      "id": "node/7515245054"
    },
    {
      "type": "Feature",
      "properties": {
        "@id": "node/7515245055",
        "name": "Middelburg",
        "public_transport": "station",
        "railway": "station",
        "railway:ref": "Mdb",
        "start_date": "1872-03",
        "train": "yes",
        "wikidata": "Q801182",
        "wikipedia": "nl:Station Middelburg",
        "zone": "7650"
      },
      "geometry": {
        "type": "Point",
        "coordinates": [
          3.6181236,
          51.4952465
        ]
      },
      "id": "node/7515245055"
    },
    {
      "type": "Feature",
      "properties": {
        "@id": "node/7515245056",
        "name": "Arnemuiden",
        "public_transport": "station",
        "railway": "station",
        "railway:ref": "Arn",
        "start_date": "1872-03",
        "train": "yes",
        "wikidata": "Q800400",
        "wikipedia": "nl:Station Arnemuiden",
        "zone": "7640"
      },
      "geometry": {
        "type": "Point",
        "coordinates": [
          3.6695432,
          51.5015317
        ]
      },
      "id": "node/7515245056"
    },
    {
      "type": "Feature",
      "properties": {
        "@id": "node/7515245057",
        "name": "Goes",
        "name:ar": "خوس",
        "name:fa": "خوس",
        "public_transport": "station",
        "railway": "station",
        "railway:ref": "Gs",
        "start_date": "1868-07-01",
        "train": "yes",
        "wheelchair": "yes",
        "wikidata": "Q615222",
        "wikipedia": "nl:Station Goes",
        "zone": "7600"
      },
      "geometry": {
        "type": "Point",
        "coordinates": [
          3.8893972,
          51.498193
        ]
      },
      "id": "node/7515245057"
    },
    {
      "type": "Feature",
      "properties": {
        "@id": "node/7515245058",
        "name": "Kapelle-Biezelinge",
        "public_transport": "station",
        "railway": "station",
        "railway:ref": "Bzl",
        "start_date": "1868-07",
        "train": "yes",
        "wikidata": "Q800985",
        "wikipedia": "nl:Station Kapelle-Biezelinge",
        "zone": "7712"
      },
      "geometry": {
        "type": "Point",
        "coordinates": [
          3.9566104,
          51.4805125
        ]
      },
      "id": "node/7515245058"
    },
    {
      "type": "Feature",
      "properties": {
        "@id": "node/7515262034",
        "name": "Kruiningen-Yerseke",
        "public_transport": "station",
        "railway": "station",
        "railway:ref": "Krg",
        "start_date": "1868-07",
        "train": "yes",
        "wikidata": "Q801039",
        "wikipedia": "nl:Station Kruiningen-Yerseke",
        "zone": "7737"
      },
      "geometry": {
        "type": "Point",
        "coordinates": [
          4.037626,
          51.4650521
        ]
      },
      "id": "node/7515262034"
    },
    {
      "type": "Feature",
      "properties": {
        "@id": "node/7515262035",
        "name": "Krabbendijke",
        "public_transport": "station",
        "railway": "station",
        "railway:ref": "Kbd",
        "start_date": "1868-07",
        "train": "yes",
        "wikidata": "Q801036",
        "wikipedia": "nl:Station Krabbendijke",
        "zone": "7757"
      },
      "geometry": {
        "type": "Point",
        "coordinates": [
          4.1171144,
          51.4333216
        ]
      },
      "id": "node/7515262035"
    },
    {
      "type": "Feature",
      "properties": {
        "@id": "node/7515262036",
        "name": "Rilland-Bath",
        "public_transport": "station",
        "railway": "station",
        "railway:ref": "Rb",
        "start_date": "1872",
        "train": "yes",
        "wikidata": "Q3097420",
        "wikipedia": "nl:Station Rilland-Bath"
      },
      "geometry": {
        "type": "Point",
        "coordinates": [
          4.1607921,
          51.4226196
        ]
      },
      "id": "node/7515262036"
    },
    {
      "type": "Feature",
      "properties": {
        "@id": "node/7537808626",
        "name": "Nijmegen Heyendaal",
        "public_transport": "station",
        "railway": "station",
        "railway:ref": "Nmh",
        "train": "yes",
        "wheelchair": "limited",
        "wikidata": "Q1960492",
        "wikimedia_commons": "Category:Station Nijmegen Heyendaal",
        "wikipedia": "nl:Station Nijmegen Heyendaal",
        "zone": "6000"
      },
      "geometry": {
        "type": "Point",
        "coordinates": [
          5.8679526,
          51.8267778
        ]
      },
      "id": "node/7537808626"
    },
    {
      "type": "Feature",
      "properties": {
        "@id": "node/7537808627",
        "name": "Mook-Molenhoek",
        "public_transport": "station",
        "railway": "station",
        "railway:ref": "Mmlh",
        "train": "yes",
        "wheelchair": "yes",
        "wikidata": "Q2702631",
        "wikipedia": "nl:Station Mook-Molenhoek",
        "zone": "6020"
      },
      "geometry": {
        "type": "Point",
        "coordinates": [
          5.8789752,
          51.7665425
        ]
      },
      "id": "node/7537808627"
    },
    {
      "type": "Feature",
      "properties": {
        "@id": "node/7537810675",
        "name": "Oss",
        "public_transport": "station",
        "railway": "station",
        "railway:ref": "O",
        "train": "yes",
        "wheelchair": "yes",
        "wikidata": "Q801301",
        "wikipedia": "nl:Station Oss"
      },
      "geometry": {
        "type": "Point",
        "coordinates": [
          5.531271,
          51.7652868
        ]
      },
      "id": "node/7537810675"
    },
    {
      "type": "Feature",
      "properties": {
        "@id": "node/7537818602",
        "name": "Cuijk",
        "public_transport": "station",
        "railway": "station",
        "railway:ref": "Ck",
        "train": "yes",
        "website": "https://www.ns.nl/stationsinformatie/ck/cuijk",
        "wheelchair": "yes",
        "wikidata": "Q2478972",
        "wikimedia_commons": "File:Station Cuijk (2023)-3.jpg",
        "wikipedia": "nl:Station Cuijk",
        "zone": "6034"
      },
      "geometry": {
        "type": "Point",
        "coordinates": [
          5.8741958,
          51.7266248
        ]
      },
      "id": "node/7537818602"
    },
    {
      "type": "Feature",
      "properties": {
        "@id": "node/7537872516",
        "name": "Tegelen",
        "public_transport": "station",
        "railway": "station",
        "railway:ref": "Tg",
        "train": "yes",
        "wikidata": "Q3512428",
        "wikipedia": "nl:Station Tegelen",
        "zone": "6915"
      },
      "geometry": {
        "type": "Point",
        "coordinates": [
          6.1433761,
          51.3392858
        ]
      },
      "id": "node/7537872516"
    },
    {
      "type": "Feature",
      "properties": {
        "@id": "node/7537872517",
        "name": "Reuver",
        "public_transport": "station",
        "railway": "station",
        "railway:ref": "Rv",
        "train": "yes",
        "wheelchair": "yes",
        "wikidata": "Q7317659",
        "wikipedia": "nl:Station Reuver",
        "zone": "6935"
      },
      "geometry": {
        "type": "Point",
        "coordinates": [
          6.0794073,
          51.2829798
        ]
      },
      "id": "node/7537872517"
    },
    {
      "type": "Feature",
      "properties": {
        "@id": "node/7537872518",
        "name": "Swalmen",
        "public_transport": "station",
        "railway": "station",
        "railway:ref": "Sm",
        "train": "yes",
        "wikidata": "Q1847461",
        "wikimedia_commons": "Category:Station Swalmen",
        "wikipedia": "nl:Station Swalmen",
        "zone": "6815"
      },
      "geometry": {
        "type": "Point",
        "coordinates": [
          6.0315749,
          51.2354149
        ]
      },
      "id": "node/7537872518"
    },
    {
      "type": "Feature",
      "properties": {
        "@id": "node/7537874944",
        "name": "Geleen Oost",
        "operator": "NS",
        "platforms": "2",
        "public_transport": "station",
        "railway": "station",
        "railway:ref": "Gln",
        "train": "yes",
        "wheelchair": "yes",
        "wikidata": "Q2677839",
        "wikimedia_commons": "Category:Station Geleen Oost",
        "wikipedia": "nl:Station Geleen Oost",
        "zone": "6710"
      },
      "geometry": {
        "type": "Point",
        "coordinates": [
          5.8431636,
          50.9670581
        ]
      },
      "id": "node/7537874944"
    },
    {
      "type": "Feature",
      "properties": {
        "@id": "node/7537874945",
        "addr:city": "Geleen",
        "addr:housenumber": "8",
        "addr:postcode": "6162XK",
        "addr:street": "Minister Ruysstraat",
        "name": "Geleen-Lutterade",
        "platforms": "2",
        "public_transport": "station",
        "railway": "station",
        "railway:ref": "Lut",
        "train": "yes",
        "wheelchair": "yes",
        "wikidata": "Q4488585",
        "wikimedia_commons": "Category:Station Geleen-Lutterade",
        "wikipedia": "nl:Station Geleen-Lutterade",
        "zone": "6710"
      },
      "geometry": {
        "type": "Point",
        "coordinates": [
          5.8244583,
          50.9753479
        ]
      },
      "id": "node/7537874945"
    },
    {
      "type": "Feature",
      "properties": {
        "@id": "node/7537874946",
        "name": "Echt",
        "public_transport": "station",
        "railway": "station",
        "railway:ref": "Ec",
        "train": "yes",
        "wheelchair": "yes",
        "wikidata": "Q745480",
        "wikipedia": "nl:Station Echt",
        "zone": "6835"
      },
      "geometry": {
        "type": "Point",
        "coordinates": [
          5.8788214,
          51.1001607
        ]
      },
      "id": "node/7537874946"
    },
    {
      "type": "Feature",
      "properties": {
        "@id": "node/7537897481",
        "addr:city": "Maastricht",
        "addr:housenumber": "20",
        "addr:postcode": "6222ND",
        "addr:street": "Kanjelpad",
        "name": "Maastricht Noord",
        "operator": "ProRail;Arriva Personenvervoer Nederland",
        "operator:wikidata": "Q2316882;Q2581356",
        "public_transport": "station",
        "railway": "station",
        "railway:ref": "Mtn",
        "station": "train",
        "train": "yes",
        "uic_ref": "8400449",
        "wikidata": "Q2024081",
        "wikimedia_commons": "Category:Station Maastricht Noord",
        "wikipedia": "nl:Station Maastricht Noord"
      },
      "geometry": {
        "type": "Point",
        "coordinates": [
          5.7175501,
          50.8705194
        ]
      },
      "id": "node/7537897481"
    },
    {
      "type": "Feature",
      "properties": {
        "@id": "node/7537897482",
        "name": "Bunde",
        "public_transport": "station",
        "railway": "station",
        "railway:ref": "Bde",
        "train": "yes",
        "wikidata": "Q1947123",
        "wikimedia_commons": "Category:Station Bunde",
        "wikipedia": "nl:Station Bunde (Nederland)",
        "zone": "6740"
      },
      "geometry": {
        "type": "Point",
        "coordinates": [
          5.7366435,
          50.8967761
        ]
      },
      "id": "node/7537897482"
    },
    {
      "type": "Feature",
      "properties": {
        "@id": "node/7537897483",
        "name": "Houthem-Sint Gerlach",
        "operator": "ProRail;Arriva Personenvervoer Nederland",
        "operator:wikidata": "Q2316882;Q2581356",
        "public_transport": "station",
        "railway": "station",
        "railway:ref": "Sgl",
        "station": "train",
        "train": "yes",
        "uic_ref": "8400341",
        "wheelchair": "yes",
        "wikidata": "Q511637",
        "wikimedia_commons": "Category:Station Houthem-Sint Gerlach",
        "wikipedia": "nl:Station Houthem-Sint Gerlach",
        "zone": "6632"
      },
      "geometry": {
        "type": "Point",
        "coordinates": [
          5.7966263,
          50.8733866
        ]
      },
      "id": "node/7537897483"
    },
    {
      "type": "Feature",
      "properties": {
        "@id": "node/7537897484",
        "name": "Voerendaal",
        "public_transport": "station",
        "railway": "station",
        "railway:ref": "Vdl",
        "train": "yes",
        "wheelchair": "yes",
        "wikidata": "Q2090962",
        "wikimedia_commons": "Category:Station Voerendaal",
        "wikipedia": "nl:Station Voerendaal",
        "zone": "6610"
      },
      "geometry": {
        "type": "Point",
        "coordinates": [
          5.9294168,
          50.8868406
        ]
      },
      "id": "node/7537897484"
    },
    {
      "type": "Feature",
      "properties": {
        "@id": "node/7537918485",
        "name": "Klimmen-Ransdaal",
        "public_transport": "station",
        "railway": "station",
        "railway:ref": "Kmr",
        "train": "yes",
        "wheelchair": "yes",
        "wikidata": "Q2329991",
        "wikimedia_commons": "Category:Station Klimmen-Ransdaal",
        "wikipedia": "nl:Station Klimmen-Ransdaal",
        "zone": "6620"
      },
      "geometry": {
        "type": "Point",
        "coordinates": [
          5.8901666,
          50.8662625
        ]
      },
      "id": "node/7537918485"
    },
    {
      "type": "Feature",
      "properties": {
        "@id": "node/7537918486",
        "name": "Schin op Geul",
        "public_transport": "station",
        "railway": "station",
        "railway:ref": "Sog",
        "train": "yes",
        "wheelchair": "yes",
        "wikidata": "Q2684360",
        "wikimedia_commons": "Category:Station Schin op Geul",
        "wikipedia": "nl:Station Schin op Geul",
        "zone": "6620"
      },
      "geometry": {
        "type": "Point",
        "coordinates": [
          5.8720575,
          50.8562824
        ]
      },
      "id": "node/7537918486"
    },
    {
      "type": "Feature",
      "properties": {
        "@id": "node/7566326655",
        "name": "Groningen Europapark",
        "public_transport": "stop_position",
        "railway": "stop",
        "ref": "4",
        "train": "yes"
      },
      "geometry": {
        "type": "Point",
        "coordinates": [
          6.5856218,
          53.2045716
        ]
      },
      "id": "node/7566326655"
    },
    {
      "type": "Feature",
      "properties": {
        "@id": "node/7606436203",
        "name": "Beesd",
        "public_transport": "station",
        "railway": "station",
        "railway:ref": "Bsd",
        "train": "yes",
        "website": "https://www.merwedelingelijn.nl/stations/beesd/",
        "wikidata": "Q2530736",
        "wikipedia": "nl:Station Beesd",
        "zone": "6166"
      },
      "geometry": {
        "type": "Point",
        "coordinates": [
          5.1958729,
          51.8994088
        ]
      },
      "id": "node/7606436203"
    },
    {
      "type": "Feature",
      "properties": {
        "@id": "node/7606436204",
        "name": "Leerdam",
        "public_transport": "station",
        "railway": "station",
        "railway:ref": "Ldm",
        "train": "yes",
        "website": "https://www.merwedelingelijn.nl/stations/leerdam/",
        "wikidata": "Q3062624",
        "wikipedia": "nl:Station Leerdam"
      },
      "geometry": {
        "type": "Point",
        "coordinates": [
          5.0927911,
          51.8946156
        ]
      },
      "id": "node/7606436204"
    },
    {
      "type": "Feature",
      "properties": {
        "@id": "node/7606436205",
        "name": "Boven Hardinxveld",
        "public_transport": "station",
        "railway": "station",
        "railway:ref": "Bhdv",
        "train": "yes",
        "website": "https://www.merwedelingelijn.nl/stations/boven-hardinxveld/",
        "wikidata": "Q641454",
        "wikipedia": "nl:Station Boven Hardinxveld"
      },
      "geometry": {
        "type": "Point",
        "coordinates": [
          4.8785268,
          51.8323509
        ]
      },
      "id": "node/7606436205"
    },
    {
      "type": "Feature",
      "properties": {
        "@id": "node/7606436206",
        "name": "Hardinxveld Blauwe Zoom",
        "public_transport": "station",
        "railway": "station",
        "railway:ref": "Hbzm",
        "train": "yes",
        "website": "https://www.merwedelingelijn.nl/stations/hardinxveld-blauwe-zoom/",
        "wikidata": "Q2173319",
        "wikipedia": "nl:Station Hardinxveld Blauwe Zoom"
      },
      "geometry": {
        "type": "Point",
        "coordinates": [
          4.8157538,
          51.8295797
        ]
      },
      "id": "node/7606436206"
    },
    {
      "type": "Feature",
      "properties": {
        "@id": "node/7606436207",
        "internet_access": "no",
        "name": "Sliedrecht",
        "operator": "Qbuzz",
        "public_transport": "station",
        "railway": "station",
        "railway:ref": "Sdt",
        "train": "yes",
        "website": "https://www.merwedelingelijn.nl/stations/sliedrecht/",
        "wheelchair": "yes",
        "wikidata": "Q2518670",
        "wikipedia": "nl:Station Sliedrecht",
        "zone": "5365"
      },
      "geometry": {
        "type": "Point",
        "coordinates": [
          4.7782401,
          51.8296105
        ]
      },
      "id": "node/7606436207"
    },
    {
      "type": "Feature",
      "properties": {
        "@id": "node/7606436208",
        "internet_access": "no",
        "name": "Sliedrecht Baanhoek",
        "public_transport": "station",
        "railway": "station",
        "railway:ref": "Sdtb",
        "train": "yes",
        "website": "https://www.merwedelingelijn.nl/stations/sliedrecht-baanhoek/",
        "wheelchair": "yes",
        "wikidata": "Q2751367",
        "wikipedia": "nl:Station Sliedrecht Baanhoek"
      },
      "geometry": {
        "type": "Point",
        "coordinates": [
          4.7429954,
          51.8293478
        ]
      },
      "id": "node/7606436208"
    },
    {
      "type": "Feature",
      "properties": {
        "@id": "node/7606436209",
        "name": "Dordrecht Stadspolders",
        "public_transport": "station",
        "railway": "station",
        "railway:ref": "Ddrs",
        "train": "yes",
        "website": "https://www.merwedelingelijn.nl/stations/dordrecht-stadspolders/",
        "wheelchair": "yes",
        "wikidata": "Q2231426",
        "wikipedia": "nl:Station Dordrecht Stadspolders"
      },
      "geometry": {
        "type": "Point",
        "coordinates": [
          4.7162093,
          51.8019721
        ]
      },
      "id": "node/7606436209"
    },
    {
      "type": "Feature",
      "properties": {
        "@id": "node/7606470021",
        "name": "Ruurlo",
        "public_transport": "station",
        "railway": "station",
        "railway:ref": "Rl",
        "train": "yes",
        "wheelchair": "yes",
        "wikidata": "Q2770993",
        "wikipedia": "nl:Station Ruurlo",
        "zone": "4481"
      },
      "geometry": {
        "type": "Point",
        "coordinates": [
          6.4499208,
          52.0807573
        ]
      },
      "id": "node/7606470021"
    },
    {
      "type": "Feature",
      "properties": {
        "@id": "node/7606470022",
        "name": "Winterswijk West",
        "name:de": "Winterswick West",
        "name:nl": "Winterswijk West",
        "public_transport": "station",
        "railway": "station",
        "railway:ref": "Www",
        "train": "yes",
        "wheelchair": "yes",
        "wikidata": "Q2107527",
        "wikipedia": "nl:Station Winterswijk West"
      },
      "geometry": {
        "type": "Point",
        "coordinates": [
          6.7040281,
          51.9745937
        ]
      },
      "id": "node/7606470022"
    },
    {
      "type": "Feature",
      "properties": {
        "@id": "node/7606470023",
        "name": "Winterswijk",
        "name:de": "Winterswick",
        "name:nl": "Winterswijk",
        "public_transport": "station",
        "railway": "station",
        "railway:ref": "Ww",
        "train": "yes",
        "wheelchair": "yes",
        "wikidata": "Q173829",
        "wikipedia": "nl:Station Winterswijk",
        "zone": "4240"
      },
      "geometry": {
        "type": "Point",
        "coordinates": [
          6.7147769,
          51.968013
        ]
      },
      "id": "node/7606470023"
    },
    {
      "type": "Feature",
      "properties": {
        "@id": "node/7606470024",
        "name": "Aalten",
        "public_transport": "station",
        "railway": "station",
        "railway:ref": "Atn",
        "toilets:wheelchair": "no",
        "train": "yes",
        "wheelchair": "limited",
        "wheelchair:description": "Oprit naar spoor vrij stijl. Spoor niet aan beide zijden toegankelijk voor rolstoel. Er zit een te grote afstand tussen perron en trein. Wel voor electrische rolstoel. Aalten - Arnhem niet toegankelijk Arnhem- Aalten wel toegankelijk.",
        "wikidata": "Q2351304",
        "wikipedia": "nl:Station Aalten",
        "zone": "4222"
      },
      "geometry": {
        "type": "Point",
        "coordinates": [
          6.5787107,
          51.9213392
        ]
      },
      "id": "node/7606470024"
    },
    {
      "type": "Feature",
      "properties": {
        "@id": "node/7606470025",
        "name": "Varsseveld",
        "public_transport": "station",
        "railway": "station",
        "railway:ref": "Vsv",
        "train": "yes",
        "wikidata": "Q4866021",
        "wikimedia_commons": "Category:Varsseveld railway station",
        "wikipedia": "nl:Station Varsseveld",
        "zone": "4402"
      },
      "geometry": {
        "type": "Point",
        "coordinates": [
          6.4584952,
          51.9372071
        ]
      },
      "id": "node/7606470025"
    },
    {
      "type": "Feature",
      "properties": {
        "@id": "node/7606487747",
        "name": "Terborg",
        "public_transport": "station",
        "railway": "station",
        "railway:ref": "Tbg",
        "train": "yes",
        "wikidata": "Q1982563",
        "wikipedia": "nl:Station Terborg",
        "zone": "4192"
      },
      "geometry": {
        "type": "Point",
        "coordinates": [
          6.3642821,
          51.9226255
        ]
      },
      "id": "node/7606487747"
    },
    {
      "type": "Feature",
      "properties": {
        "@id": "node/7606487748",
        "name": "Doetinchem",
        "public_transport": "station",
        "railway": "station",
        "railway:ref": "Dtc",
        "train": "yes",
        "wheelchair": "yes",
        "wikidata": "Q2332128",
        "wikipedia": "nl:Station Doetinchem",
        "zone": "4172"
      },
      "geometry": {
        "type": "Point",
        "coordinates": [
          6.295763,
          51.9584492
        ]
      },
      "id": "node/7606487748"
    },
    {
      "type": "Feature",
      "properties": {
        "@id": "node/7606487749",
        "name": "Wehl",
        "public_transport": "station",
        "railway": "station",
        "railway:ref": "Wl",
        "train": "yes",
        "wheelchair": "yes",
        "wikidata": "Q2535239",
        "wikipedia": "nl:Station Wehl",
        "zone": "4149"
      },
      "geometry": {
        "type": "Point",
        "coordinates": [
          6.2137189,
          51.9571754
        ]
      },
      "id": "node/7606487749"
    },
    {
      "type": "Feature",
      "properties": {
        "@id": "node/7606487750",
        "name": "Didam",
        "public_transport": "station",
        "railway": "station",
        "railway:ref": "Did",
        "train": "yes",
        "wikidata": "Q2778847",
        "wikipedia": "nl:Station Didam",
        "zone": "4147"
      },
      "geometry": {
        "type": "Point",
        "coordinates": [
          6.1330715,
          51.9334887
        ]
      },
      "id": "node/7606487750"
    },
    {
      "type": "Feature",
      "properties": {
        "@id": "node/7606516674",
        "name": "Oosterbeek",
        "public_transport": "station",
        "railway": "station",
        "railway:ref": "Otb",
        "train": "yes",
        "wheelchair": "yes",
        "wikidata": "Q1831078",
        "wikipedia": "nl:Station Oosterbeek",
        "zone": "4010"
      },
      "geometry": {
        "type": "Point",
        "coordinates": [
          5.8404874,
          51.9947831
        ]
      },
      "id": "node/7606516674"
    },
    {
      "type": "Feature",
      "properties": {
        "@id": "node/7606517378",
        "name": "Twello",
        "public_transport": "station",
        "railway": "station",
        "railway:ref": "Twl",
        "train": "yes",
        "wheelchair": "yes",
        "wikidata": "Q3922575",
        "wikipedia": "nl:Station Twello",
        "zone": "4170"
      },
      "geometry": {
        "type": "Point",
        "coordinates": [
          6.1007009,
          52.2383228
        ]
      },
      "id": "node/7606517378"
    },
    {
      "type": "Feature",
      "properties": {
        "@id": "node/7606517379",
        "name": "Apeldoorn Osseveld",
        "public_transport": "station",
        "railway": "station",
        "railway:ref": "Apdo",
        "train": "yes",
        "wheelchair": "yes",
        "wikidata": "Q2442194",
        "wikipedia": "nl:Station Apeldoorn Osseveld",
        "zone": "4055"
      },
      "geometry": {
        "type": "Point",
        "coordinates": [
          6.0061053,
          52.2157325
        ]
      },
      "id": "node/7606517379"
    },
    {
      "type": "Feature",
      "properties": {
        "@id": "node/7606517380",
        "covered": "yes",
        "name": "Apeldoorn De Maten",
        "public_transport": "station",
        "railway": "station",
        "railway:ref": "Apdm",
        "train": "yes",
        "wheelchair": "yes",
        "wikidata": "Q4779328",
        "wikipedia": "nl:Station Apeldoorn De Maten",
        "zone": "4045"
      },
      "geometry": {
        "type": "Point",
        "coordinates": [
          6.0006634,
          52.2052214
        ]
      },
      "id": "node/7606517380"
    },
    {
      "type": "Feature",
      "properties": {
        "@id": "node/7606517381",
        "name": "Klarenbeek",
        "public_transport": "station",
        "railway": "station",
        "railway:ref": "Kbk",
        "train": "yes",
        "wheelchair": "yes",
        "wikidata": "Q2397286",
        "wikipedia": "nl:Station Klarenbeek",
        "zone": "4166"
      },
      "geometry": {
        "type": "Point",
        "coordinates": [
          6.0842046,
          52.1780369
        ]
      },
      "id": "node/7606517381"
    },
    {
      "type": "Feature",
      "properties": {
        "@id": "node/7606517382",
        "ele": "4.93",
        "name": "Voorst-Empe",
        "public_transport": "station",
        "railway": "station",
        "railway:ref": "Vem",
        "train": "yes",
        "wikidata": "Q2796813",
        "wikipedia": "nl:Station Voorst-Empe",
        "zone": "4176"
      },
      "geometry": {
        "type": "Point",
        "coordinates": [
          6.1439192,
          52.1575224
        ]
      },
      "id": "node/7606517382"
    },
    {
      "type": "Feature",
      "properties": {
        "@id": "node/7606517383",
        "name": "Arnhem Presikhaaf",
        "public_transport": "station",
        "railway": "station",
        "railway:ref": "Ahpr",
        "train": "yes",
        "wheelchair": "no",
        "wikidata": "Q2356392",
        "wikipedia": "nl:Station Arnhem Presikhaaf",
        "zone": "4000"
      },
      "geometry": {
        "type": "Point",
        "coordinates": [
          5.9429188,
          51.9876005
        ]
      },
      "id": "node/7606517383"
    },
    {
      "type": "Feature",
      "properties": {
        "@id": "node/7606517384",
        "name": "Velp",
        "operator": "Nederlandse Sporwegen",
        "public_transport": "station",
        "railway": "station",
        "railway:ref": "Vp",
        "train": "yes",
        "wheelchair": "yes",
        "wikidata": "Q2451811",
        "wikipedia": "nl:Station Velp",
        "zone": "4012"
      },
      "geometry": {
        "type": "Point",
        "coordinates": [
          5.9809858,
          51.9950101
        ]
      },
      "id": "node/7606517384"
    },
    {
      "type": "Feature",
      "properties": {
        "@id": "node/7606543785",
        "name": "Rheden",
        "public_transport": "station",
        "railway": "station",
        "railway:ref": "Rh",
        "train": "yes",
        "wikidata": "Q2663390",
        "wikimedia_commons": "File:Station Rheden stationsgebouw (2).jpg",
        "wikipedia": "nl:Station Rheden",
        "zone": "4122"
      },
      "geometry": {
        "type": "Point",
        "coordinates": [
          6.0307364,
          52.0099982
        ]
      },
      "id": "node/7606543785"
    },
    {
      "type": "Feature",
      "properties": {
        "@id": "node/7606543786",
        "name": "Dieren",
        "operator": "Nederlandse Spoorwegen",
        "public_transport": "station",
        "railway": "station",
        "railway:ref": "Dr",
        "train": "yes",
        "wheelchair": "yes",
        "wikidata": "Q2043036",
        "wikipedia": "nl:Station Dieren",
        "zone": "4132"
      },
      "geometry": {
        "type": "Point",
        "coordinates": [
          6.1029162,
          52.0446667
        ]
      },
      "id": "node/7606543786"
    },
    {
      "type": "Feature",
      "properties": {
        "@id": "node/7606543787",
        "name": "Zutphen",
        "public_transport": "station",
        "railway": "station",
        "railway:ref": "Zp",
        "train": "yes",
        "wheelchair": "yes",
        "wikidata": "Q801671",
        "wikipedia": "nl:Station Zutphen"
      },
      "geometry": {
        "type": "Point",
        "coordinates": [
          6.1942652,
          52.1446293
        ]
      },
      "id": "node/7606543787"
    },
    {
      "type": "Feature",
      "properties": {
        "@id": "node/7606543794",
        "name": "Gaanderen",
        "public_transport": "station",
        "railway": "station",
        "railway:ref": "Gdr",
        "train": "yes",
        "wikidata": "Q4977551",
        "wikipedia": "nl:Station Gaanderen"
      },
      "geometry": {
        "type": "Point",
        "coordinates": [
          6.3483665,
          51.9308536
        ]
      },
      "id": "node/7606543794"
    },
    {
      "type": "Feature",
      "properties": {
        "@id": "node/7606549516",
        "name": "Goor",
        "public_transport": "station",
        "railway": "station",
        "railway:ref": "Go",
        "train": "yes",
        "wikidata": "Q2590367",
        "wikipedia": "nl:Station Goor",
        "zone": "4425"
      },
      "geometry": {
        "type": "Point",
        "coordinates": [
          6.5850946,
          52.2302772
        ]
      },
      "id": "node/7606549516"
    },
    {
      "type": "Feature",
      "properties": {
        "@id": "node/7606549517",
        "addr:city": "Lochem",
        "addr:country": "NL",
        "addr:housenumber": "1",
        "addr:postcode": "7241CV",
        "addr:street": "Stationsplein",
        "name": "Lochem",
        "public_transport": "station",
        "railway": "station",
        "railway:ref": "Lc",
        "train": "yes",
        "wikidata": "Q2462171",
        "wikipedia": "nl:Station Lochem",
        "zone": "4495"
      },
      "geometry": {
        "type": "Point",
        "coordinates": [
          6.4263786,
          52.1668016
        ]
      },
      "id": "node/7606549517"
    },
    {
      "type": "Feature",
      "properties": {
        "@id": "node/7606549518",
        "name": "Holten",
        "public_transport": "station",
        "railway": "station",
        "railway:ref": "Hon",
        "train": "yes",
        "wikidata": "Q1809377",
        "wikipedia": "nl:Station Holten",
        "zone": "4392"
      },
      "geometry": {
        "type": "Point",
        "coordinates": [
          6.4211684,
          52.2840788
        ]
      },
      "id": "node/7606549518"
    },
    {
      "type": "Feature",
      "properties": {
        "@id": "node/7606549519",
        "name": "Deventer Colmschate",
        "operator": "Nederlandse Spoorwegen",
        "public_transport": "station",
        "railway": "station",
        "railway:ref": "Dvc",
        "train": "yes",
        "wikidata": "Q5266879",
        "wikipedia": "nl:Station Deventer Colmschate",
        "zone": "4790"
      },
      "geometry": {
        "type": "Point",
        "coordinates": [
          6.2156789,
          52.25035
        ]
      },
      "id": "node/7606549519"
    },
    {
      "type": "Feature",
      "properties": {
        "@id": "node/7606551859",
        "name": "Rijswijk",
        "public_transport": "station",
        "railway": "station",
        "railway:ref": "Rsw",
        "train": "yes",
        "website": "https://www.ns.nl/stationsinformatie/rsw/rijswijk",
        "wikidata": "Q7333973",
        "wikipedia": "nl:Station Rijswijk",
        "zone": "5416"
      },
      "geometry": {
        "type": "Point",
        "coordinates": [
          4.3220394,
          52.03755
        ]
      },
      "id": "node/7606551859"
    },
    {
      "type": "Feature",
      "properties": {
        "@id": "node/7606551860",
        "name": "Voorschoten",
        "public_transport": "station",
        "railway": "station",
        "railway:ref": "Vst",
        "train": "yes",
        "website": "https://www.ns.nl/stationsinformatie/vst/voorschoten",
        "wikidata": "Q2734929",
        "wikipedia": "nl:Station Voorschoten",
        "zone": "5433"
      },
      "geometry": {
        "type": "Point",
        "coordinates": [
          4.4336799,
          52.1262326
        ]
      },
      "id": "node/7606551860"
    },
    {
      "type": "Feature",
      "properties": {
        "@id": "node/7606551861",
        "name": "De Vink",
        "public_transport": "station",
        "railway": "station",
        "railway:ref": "Dvnk",
        "train": "yes",
        "website": "https://www.ns.nl/stationsinformatie/dvnk/de-vink",
        "wheelchair": "yes",
        "wikidata": "Q5244819",
        "wikipedia": "nl:Station De Vink",
        "zone": "5444"
      },
      "geometry": {
        "type": "Point",
        "coordinates": [
          4.4563018,
          52.1471818
        ]
      },
      "id": "node/7606551861"
    },
    {
      "type": "Feature",
      "properties": {
        "@id": "node/7606551862",
        "name": "Leiden Lammenschans",
        "name:etymology:wikidata": "Q2034411",
        "public_transport": "station",
        "railway": "station",
        "railway:ref": "Ldl",
        "train": "yes",
        "website": "https://www.ns.nl/stationsinformatie/ldl/leiden-lammenschans",
        "wheelchair": "yes",
        "wikidata": "Q801072",
        "wikipedia": "nl:Station Leiden Lammenschans",
        "zone": "5444"
      },
      "geometry": {
        "type": "Point",
        "coordinates": [
          4.4929317,
          52.1467516
        ]
      },
      "id": "node/7606551862"
    },
    {
      "type": "Feature",
      "properties": {
        "@id": "node/7606551863",
        "name": "Bodegraven",
        "public_transport": "station",
        "railway": "station",
        "railway:ref": "Bdg",
        "train": "yes",
        "wikidata": "Q2755644",
        "wikipedia": "nl:Station Bodegraven",
        "zone": "5170"
      },
      "geometry": {
        "type": "Point",
        "coordinates": [
          4.7462503,
          52.0814538
        ]
      },
      "id": "node/7606551863"
    },
    {
      "type": "Feature",
      "properties": {
        "@id": "node/7606551877",
        "name": "Voorhout",
        "public_transport": "station",
        "railway": "station",
        "railway:ref": "Vh",
        "train": "yes",
        "website": "https://www.ns.nl/stationsinformatie/vh/voorhout",
        "wikidata": "Q4989687",
        "wikipedia": "nl:Station Voorhout",
        "zone": "5465"
      },
      "geometry": {
        "type": "Point",
        "coordinates": [
          4.484053,
          52.2253573
        ]
      },
      "id": "node/7606551877"
    },
    {
      "type": "Feature",
      "properties": {
        "@id": "node/7606551878",
        "name": "Hillegom",
        "public_transport": "station",
        "railway": "station",
        "railway:ref": "Hil",
        "train": "yes",
        "website": "https://www.ns.nl/stationsinformatie/hil/hillegom",
        "wheelchair": "yes",
        "wikidata": "Q2257741",
        "wikimedia_commons": "Category:Station Hillegom",
        "wikipedia": "nl:Station Hillegom",
        "zone": "5536"
      },
      "geometry": {
        "type": "Point",
        "coordinates": [
          4.5660754,
          52.30314
        ]
      },
      "id": "node/7606551878"
    },
    {
      "type": "Feature",
      "properties": {
        "@id": "node/7606551879",
        "name": "Heemstede-Aerdenhout",
        "operator:website": "https://9292.nl/station-heemstede-aerdenhout",
        "public_transport": "station",
        "railway": "station",
        "railway:ref": "Had",
        "train": "yes",
        "website": "https://www.ns.nl/stationsinformatie/had/heemstede-aerdenhout",
        "wheelchair": "yes",
        "wikidata": "Q800897",
        "wikipedia": "nl:Station Heemstede-Aerdenhout",
        "zone": "5514"
      },
      "geometry": {
        "type": "Point",
        "coordinates": [
          4.6067862,
          52.3595052
        ]
      },
      "id": "node/7606551879"
    },
    {
      "type": "Feature",
      "properties": {
        "@id": "node/7606551880",
        "departures_board": "realtime",
        "name": "Zandvoort aan Zee",
        "old_name:1881-1921": "Zandvoort",
        "old_name:1921-1955": "Zandvoort Bad",
        "public_transport": "station",
        "railway": "station",
        "railway:ref": "Zvt",
        "train": "yes",
        "website": "https://www.ns.nl/stationsinformatie/zvt/zandvoort-aan-zee",
        "wheelchair": "yes",
        "wikidata": "Q2029408",
        "wikimedia_commons": "Category:Zandvoort aan Zee railway station",
        "wikipedia": "nl:Station Zandvoort aan Zee",
        "zone": "5521"
      },
      "geometry": {
        "type": "Point",
        "coordinates": [
          4.5314622,
          52.3757259
        ]
      },
      "id": "node/7606551880"
    },
    {
      "type": "Feature",
      "properties": {
        "@id": "node/7606551881",
        "name": "Overveen",
        "public_transport": "station",
        "railway": "station",
        "railway:ref": "Ovn",
        "train": "yes",
        "website": "https://www.ns.nl/stationsinformatie/ovn/overveen",
        "wheelchair": "yes",
        "wikidata": "Q1880957",
        "wikipedia": "nl:Station Overveen",
        "zone": "5510"
      },
      "geometry": {
        "type": "Point",
        "coordinates": [
          4.6068322,
          52.3910774
        ]
      },
      "id": "node/7606551881"
    },
    {
      "type": "Feature",
      "properties": {
        "@id": "node/7606551882",
        "image": "https://kdbv.nl/wp-content/uploads/2020/07/9-stations-Haarlem-Spaarnwoude-2.jpg https://www.prorail.nl/contentassets/d4e44bfa42704a36bd4f5f77a354a524/spaarnwoude_header.jpg?width=600&height=315&mode=crop&scale=down&v=1822167904",
        "name": "Haarlem Spaarnwoude",
        "operator:website": "https://9292.nl/station-haarlem-spaarnwoude",
        "public_transport": "station",
        "railway": "station",
        "railway:ref": "Hlms",
        "train": "yes",
        "website": "https://www.ns.nl/stationsinformatie/hlms/haarlem-spaarnwoude",
        "wikidata": "Q2780339",
        "wikipedia": "nl:Station Haarlem Spaarnwoude",
        "zone": "5500"
      },
      "geometry": {
        "type": "Point",
        "coordinates": [
          4.6713542,
          52.3828478
        ]
      },
      "id": "node/7606551882"
    },
    {
      "type": "Feature",
      "properties": {
        "@id": "node/7606555863",
        "name": "'s-Hertogenbosch Oost",
        "public_transport": "station",
        "railway": "station",
        "railway:ref": "Hto",
        "train": "yes",
        "website": "https://www.ns.nl/stationsinformatie/hto/s-hertogenbosch-oost",
        "wikidata": "Q4540583",
        "wikipedia": "nl:Station 's-Hertogenbosch Oost",
        "zone": "6300"
      },
      "geometry": {
        "type": "Point",
        "coordinates": [
          5.3191158,
          51.7005543
        ]
      },
      "id": "node/7606555863"
    },
    {
      "type": "Feature",
      "properties": {
        "@id": "node/7606555867",
        "description": "Sittard - Heerlen",
        "name": "Spaubeek",
        "platforms": "2",
        "public_transport": "station",
        "railway": "station",
        "railway:ref": "Sbk",
        "ref": "064",
        "train": "yes",
        "wikidata": "Q2795496",
        "wikimedia_commons": "Category:Station Spaubeek",
        "wikipedia": "nl:Station Spaubeek",
        "zone": "6722"
      },
      "geometry": {
        "type": "Point",
        "coordinates": [
          5.8495905,
          50.9434247
        ]
      },
      "id": "node/7606555867"
    },
    {
      "type": "Feature",
      "properties": {
        "@id": "node/7606556446",
        "name": "Nieuwerkerk aan den IJssel",
        "public_transport": "station",
        "railway": "station",
        "railway:ref": "Nwk",
        "train": "yes",
        "website": "https://www.ns.nl/stationsinformatie/nwk/nieuwerkerk-a-d-ijssel",
        "wheelchair": "limited",
        "wikidata": "Q1966697",
        "wikipedia": "nl:Station Nieuwerkerk a/d IJssel",
        "zone": "5331"
      },
      "geometry": {
        "type": "Point",
        "coordinates": [
          4.6168787,
          51.9653044
        ]
      },
      "id": "node/7606556446"
    },
    {
      "type": "Feature",
      "properties": {
        "@id": "node/7606556447",
        "name": "Capelle Schollevaar",
        "public_transport": "station",
        "railway": "station",
        "railway:ref": "Cps",
        "train": "yes",
        "website": "https://www.ns.nl/stationsinformatie/cps/capelle-schollevaar",
        "wheelchair": "yes",
        "wikidata": "Q2650222",
        "wikipedia": "nl:Station Capelle Schollevaar",
        "zone": "5321"
      },
      "geometry": {
        "type": "Point",
        "coordinates": [
          4.5840957,
          51.9541176
        ]
      },
      "id": "node/7606556447"
    },
    {
      "type": "Feature",
      "properties": {
        "@id": "node/7606556448",
        "name": "Rotterdam Noord",
        "public_transport": "station",
        "railway": "station",
        "railway:ref": "Rtn",
        "train": "yes",
        "website": "https://www.ns.nl/stationsinformatie/rtn/rotterdam-noord",
        "wikidata": "Q7370665",
        "wikipedia": "nl:Station Rotterdam Noord"
      },
      "geometry": {
        "type": "Point",
        "coordinates": [
          4.4815812,
          51.9422622
        ]
      },
      "id": "node/7606556448"
    },
    {
      "type": "Feature",
      "properties": {
        "@id": "node/7606556449",
        "name": "Rotterdam Zuid",
        "public_transport": "station",
        "railway": "station",
        "railway:ref": "Rtz",
        "train": "yes",
        "website": "https://www.ns.nl/stationsinformatie/rtz/rotterdam-zuid",
        "wikidata": "Q2390116",
        "wikipedia": "nl:Station Rotterdam Zuid",
        "zone": "5314"
      },
      "geometry": {
        "type": "Point",
        "coordinates": [
          4.5098521,
          51.9049018
        ]
      },
      "id": "node/7606556449"
    },
    {
      "type": "Feature",
      "properties": {
        "@id": "node/7606556450",
        "name": "Rotterdam Lombardijen",
        "public_transport": "station",
        "railway": "station",
        "railway:ref": "Rlb",
        "train": "yes",
        "website": "https://www.ns.nl/stationsinformatie/rlb/rotterdam-lombardijen",
        "wheelchair": "yes",
        "wikidata": "Q7370662",
        "wikipedia": "nl:Station Rotterdam Lombardijen"
      },
      "geometry": {
        "type": "Point",
        "coordinates": [
          4.5310527,
          51.8803596
        ]
      },
      "id": "node/7606556450"
    },
    {
      "type": "Feature",
      "properties": {
        "@id": "node/7606567286",
        "name": "Gouda Goverwelle",
        "public_transport": "station",
        "railway": "station",
        "railway:ref": "Gdg",
        "train": "yes",
        "wheelchair": "yes",
        "wikidata": "Q2230635",
        "wikipedia": "nl:Station Gouda Goverwelle",
        "zone": "5351"
      },
      "geometry": {
        "type": "Point",
        "coordinates": [
          4.7420993,
          52.0150128
        ]
      },
      "id": "node/7606567286"
    },
    {
      "type": "Feature",
      "properties": {
        "@id": "node/7606581797",
        "image": "https://www.giant.nl/cms/wp-content/uploads/2020/11/Station-Driehuis-1030x515.jpg",
        "name": "Driehuis",
        "public_transport": "station",
        "railway": "station",
        "railway:ref": "Drh",
        "train": "yes",
        "website": "https://www.ns.nl/stationsinformatie/drh/driehuis",
        "wheelchair": "yes",
        "wikidata": "Q2412932",
        "wikimedia_commons": "Category:Station Driehuis",
        "wikipedia": "nl:Station Driehuis",
        "zone": "5632"
      },
      "geometry": {
        "type": "Point",
        "coordinates": [
          4.6387141,
          52.4427409
        ]
      },
      "id": "node/7606581797"
    },
    {
      "type": "Feature",
      "properties": {
        "@id": "node/7606581798",
        "name": "Santpoort Noord",
        "public_transport": "station",
        "railway": "station",
        "railway:ref": "Sptn",
        "train": "yes",
        "website": "https://www.ns.nl/stationsinformatie/sptn/santpoort-noord",
        "wikidata": "Q2064790",
        "wikipedia": "nl:Station Santpoort Noord",
        "zone": "5632"
      },
      "geometry": {
        "type": "Point",
        "coordinates": [
          4.6328181,
          52.4338437
        ]
      },
      "id": "node/7606581798"
    },
    {
      "type": "Feature",
      "properties": {
        "@id": "node/7606581799",
        "name": "Santpoort Zuid",
        "public_transport": "station",
        "railway": "station",
        "railway:ref": "Sptz",
        "train": "yes",
        "website": "https://www.ns.nl/stationsinformatie/sptz/santpoort-zuid",
        "wikidata": "Q2644166",
        "wikipedia": "nl:Station Santpoort Zuid",
        "zone": "5510"
      },
      "geometry": {
        "type": "Point",
        "coordinates": [
          4.6314176,
          52.4193488
        ]
      },
      "id": "node/7606581799"
    },
    {
      "type": "Feature",
      "properties": {
        "@id": "node/7606581800",
        "name": "Bloemendaal",
        "public_transport": "station",
        "railway": "station",
        "railway:ref": "Bll",
        "train": "yes",
        "website": "https://www.ns.nl/stationsinformatie/bll/bloemendaal",
        "wheelchair": "no",
        "wikidata": "Q2260872",
        "wikimedia_commons": "Category:Station Bloemendaal",
        "wikipedia": "nl:Station Bloemendaal",
        "zone": "5510"
      },
      "geometry": {
        "type": "Point",
        "coordinates": [
          4.6276629,
          52.4043478
        ]
      },
      "id": "node/7606581800"
    },
    {
      "type": "Feature",
      "properties": {
        "@id": "node/7606596763",
        "name": "Uitgeest",
        "public_transport": "station",
        "railway": "station",
        "railway:ref": "Utg",
        "train": "yes",
        "wikidata": "Q801541",
        "wikipedia": "nl:Station Uitgeest",
        "zone": "3631"
      },
      "geometry": {
        "type": "Point",
        "coordinates": [
          4.70259,
          52.5214311
        ]
      },
      "id": "node/7606596763"
    },
    {
      "type": "Feature",
      "properties": {
        "@id": "node/7606596764",
        "name": "Heemskerk",
        "public_transport": "station",
        "railway": "station",
        "railway:ref": "Hk",
        "train": "yes",
        "wheelchair": "yes",
        "wikidata": "Q3148455",
        "wikipedia": "nl:Station Heemskerk",
        "zone": "5630"
      },
      "geometry": {
        "type": "Point",
        "coordinates": [
          4.6861262,
          52.4946348
        ]
      },
      "id": "node/7606596764"
    },
    {
      "type": "Feature",
      "properties": {
        "@id": "node/7606596765",
        "name": "Beverwijk",
        "public_transport": "station",
        "railway": "station",
        "railway:ref": "Bv",
        "train": "yes",
        "wheelchair": "yes",
        "wikidata": "Q4899645",
        "wikipedia": "nl:Station Beverwijk"
      },
      "geometry": {
        "type": "Point",
        "coordinates": [
          4.6566186,
          52.4785365
        ]
      },
      "id": "node/7606596765"
    },
    {
      "type": "Feature",
      "properties": {
        "@id": "node/7606606101",
        "name": "Schagen",
        "public_transport": "station",
        "railway": "station",
        "railway:ref": "Sgn",
        "train": "yes",
        "wheelchair": "yes",
        "wikidata": "Q2180215",
        "wikipedia": "nl:Station Schagen",
        "zone": "3460"
      },
      "geometry": {
        "type": "Point",
        "coordinates": [
          4.8053789,
          52.7852715
        ]
      },
      "id": "node/7606606101"
    },
    {
      "type": "Feature",
      "properties": {
        "@id": "node/7606606102",
        "name": "Alkmaar Noord",
        "public_transport": "station",
        "railway": "station",
        "railway:ref": "Amrn",
        "train": "yes",
        "wheelchair": "limited",
        "wikidata": "Q690717",
        "wikipedia": "nl:Station Alkmaar Noord",
        "zone": "3600"
      },
      "geometry": {
        "type": "Point",
        "coordinates": [
          4.7639556,
          52.6437653
        ]
      },
      "id": "node/7606606102"
    },
    {
      "type": "Feature",
      "properties": {
        "@id": "node/7606607358",
        "name": "Bovenkarspel Flora",
        "public_transport": "station",
        "railway": "station",
        "railway:ref": "Bkf",
        "railway:ref:DB": "XNBF",
        "train": "yes",
        "wikidata": "Q2206086",
        "wikipedia": "nl:Station Bovenkarspel Flora",
        "zone": "3840"
      },
      "geometry": {
        "type": "Point",
        "coordinates": [
          5.2533431,
          52.6961115
        ]
      },
      "id": "node/7606607358"
    },
    {
      "type": "Feature",
      "properties": {
        "@id": "node/7606617874",
        "name": "Amersfoort Schothorst",
        "public_transport": "station",
        "railway": "station",
        "railway:ref": "Amfs",
        "train": "yes",
        "wheelchair": "yes",
        "wikidata": "Q49866",
        "wikipedia": "nl:Station Amersfoort Schothorst",
        "zone": "5052"
      },
      "geometry": {
        "type": "Point",
        "coordinates": [
          5.4038593,
          52.1748604
        ]
      },
      "id": "node/7606617874"
    },
    {
      "type": "Feature",
      "properties": {
        "@id": "node/7606617875",
        "name": "Amersfoort Vathorst",
        "public_transport": "station",
        "railway": "station",
        "railway:ref": "Avat",
        "train": "yes",
        "wikidata": "Q49856",
        "wikipedia": "nl:Station Amersfoort Vathorst",
        "zone": "5052"
      },
      "geometry": {
        "type": "Point",
        "coordinates": [
          5.4336126,
          52.1925513
        ]
      },
      "id": "node/7606617875"
    },
    {
      "type": "Feature",
      "properties": {
        "@id": "node/7606617876",
        "name": "Nijkerk",
        "public_transport": "station",
        "railway": "station",
        "railway:ref": "Nkk",
        "train": "yes",
        "wikidata": "Q7034561",
        "wikipedia": "nl:Station Nijkerk",
        "zone": "5063"
      },
      "geometry": {
        "type": "Point",
        "coordinates": [
          5.4935229,
          52.2220274
        ]
      },
      "id": "node/7606617876"
    },
    {
      "type": "Feature",
      "properties": {
        "@id": "node/7606617877",
        "name": "Putten",
        "public_transport": "station",
        "railway": "station",
        "railway:ref": "Pt",
        "train": "yes",
        "wheelchair": "yes",
        "wikidata": "Q1990436",
        "wikipedia": "nl:Station Putten",
        "zone": "4982"
      },
      "geometry": {
        "type": "Point",
        "coordinates": [
          5.5758773,
          52.2654979
        ]
      },
      "id": "node/7606617877"
    },
    {
      "type": "Feature",
      "properties": {
        "@id": "node/7606617878",
        "addr:city": "Nunspeet",
        "addr:housenumber": "10",
        "addr:postcode": "8071CH",
        "addr:street": "Stationsplein",
        "name": "Nunspeet",
        "operator": "Nederlandse Spoorwegen",
        "public_transport": "station",
        "railway": "station",
        "railway:ref": "Ns",
        "train": "yes",
        "wikidata": "Q2034731",
        "wikipedia": "nl:Station Nunspeet",
        "zone": "4761"
      },
      "geometry": {
        "type": "Point",
        "coordinates": [
          5.7844187,
          52.3708164
        ]
      },
      "id": "node/7606617878"
    },
    {
      "type": "Feature",
      "properties": {
        "@id": "node/7606617879",
        "name": "'t Harde",
        "public_transport": "station",
        "railway": "station",
        "railway:ref": "Hde",
        "train": "yes",
        "wheelchair": "yes",
        "wikidata": "Q4540597",
        "wikipedia": "nl:Station 't Harde",
        "zone": "4756"
      },
      "geometry": {
        "type": "Point",
        "coordinates": [
          5.8930152,
          52.4091474
        ]
      },
      "id": "node/7606617879"
    },
    {
      "type": "Feature",
      "properties": {
        "@id": "node/7606617880",
        "name": "Wezep",
        "public_transport": "station",
        "railway": "station",
        "railway:ref": "Wz",
        "train": "yes",
        "wikidata": "Q2105540",
        "wikipedia": "nl:Station Wezep",
        "zone": "4721"
      },
      "geometry": {
        "type": "Point",
        "coordinates": [
          6.0027572,
          52.4541575
        ]
      },
      "id": "node/7606617880"
    },
    {
      "type": "Feature",
      "properties": {
        "@id": "node/7606645163",
        "name": "Utrecht Overvecht",
        "public_transport": "station",
        "railway": "station",
        "railway:ref": "Uto",
        "train": "yes",
        "website": "https://www.ns.nl/stationsinformatie/uto/utrecht-overvecht",
        "wheelchair": "yes",
        "wikidata": "Q2542171",
        "wikimedia_commons": "Category:Station Utrecht Overvecht",
        "wikipedia": "nl:Station Utrecht Overvecht",
        "zone": "5000"
      },
      "geometry": {
        "type": "Point",
        "coordinates": [
          5.1257618,
          52.1101212
        ]
      },
      "id": "node/7606645163"
    },
    {
      "type": "Feature",
      "properties": {
        "@id": "node/7606645164",
        "name": "Bilthoven",
        "public_transport": "station",
        "railway": "station",
        "railway:ref": "Bhv",
        "train": "yes",
        "website": "https://www.ns.nl/stationsinformatie/bhv/bilthoven",
        "wheelchair": "yes",
        "wikidata": "Q3057588",
        "wikipedia": "nl:Station Bilthoven",
        "zone": "5022"
      },
      "geometry": {
        "type": "Point",
        "coordinates": [
          5.2046838,
          52.1301876
        ]
      },
      "id": "node/7606645164"
    },
    {
      "type": "Feature",
      "properties": {
        "@id": "node/7606645165",
        "name": "Den Dolder",
        "public_transport": "station",
        "railway": "station",
        "railway:ref": "Dld",
        "train": "yes",
        "wheelchair": "yes",
        "wikidata": "Q2554652",
        "wikipedia": "nl:Station Den Dolder",
        "zone": "5939"
      },
      "geometry": {
        "type": "Point",
        "coordinates": [
          5.2420971,
          52.1402279
        ]
      },
      "id": "node/7606645165"
    },
    {
      "type": "Feature",
      "properties": {
        "@id": "node/7606648989",
        "name": "Kampen",
        "public_transport": "station",
        "railway": "station",
        "railway:ref": "Kpn",
        "start_date": "1865-05-10",
        "train": "yes",
        "wheelchair": "yes",
        "wikidata": "Q428512",
        "wikipedia": "nl:Station Kampen",
        "zone": "2583"
      },
      "geometry": {
        "type": "Point",
        "coordinates": [
          5.92163,
          52.5597878
        ]
      },
      "id": "node/7606648989"
    },
    {
      "type": "Feature",
      "properties": {
        "@id": "node/7606648990",
        "name": "Almere Muziekwijk",
        "public_transport": "station",
        "railway": "station",
        "railway:ref": "Almm",
        "train": "yes",
        "wikidata": "Q568207",
        "wikipedia": "nl:Station Almere Muziekwijk",
        "zone": "5865"
      },
      "geometry": {
        "type": "Point",
        "coordinates": [
          5.190341,
          52.367558
        ]
      },
      "id": "node/7606648990"
    },
    {
      "type": "Feature",
      "properties": {
        "@id": "node/7606648991",
        "name": "Weesp",
        "public_transport": "station",
        "railway": "station",
        "railway:ref": "Wp",
        "train": "yes",
        "website": "https://www.ns.nl/stationsinformatie/wp/weesp",
        "wheelchair": "limited",
        "wikidata": "Q801585",
        "wikimedia_commons": "Category:Station Weesp",
        "wikipedia": "nl:Station Weesp",
        "zone": "5820"
      },
      "geometry": {
        "type": "Point",
        "coordinates": [
          5.0440484,
          52.3122067
        ]
      },
      "id": "node/7606648991"
    },
    {
      "type": "Feature",
      "properties": {
        "@id": "node/7606648992",
        "name": "Amsterdam Science Park",
        "public_transport": "station",
        "railway": "station",
        "railway:ref": "Assp",
        "train": "yes",
        "website": "https://www.ns.nl/stationsinformatie/assp/amsterdam-science-park",
        "wheelchair": "yes",
        "wikidata": "Q2102286",
        "wikimedia_commons": "Category:Station Amsterdam Science Park",
        "wikipedia": "nl:Station Amsterdam Science Park"
      },
      "geometry": {
        "type": "Point",
        "coordinates": [
          4.948315,
          52.352926
        ]
      },
      "id": "node/7606648992"
    },
    {
      "type": "Feature",
      "properties": {
        "@id": "node/7606656809",
        "name": "Bussum Zuid",
        "public_transport": "station",
        "railway": "station",
        "railway:ref": "Bsmz",
        "train": "yes",
        "wheelchair": "limited",
        "wikidata": "Q2309541",
        "wikipedia": "nl:Station Bussum Zuid",
        "zone": "5851"
      },
      "geometry": {
        "type": "Point",
        "coordinates": [
          5.1628737,
          52.2658951
        ]
      },
      "id": "node/7606656809"
    },
    {
      "type": "Feature",
      "properties": {
        "@id": "node/7606656810",
        "name": "Hilversum Media Park",
        "old_name": "Hilversum Noord",
        "public_transport": "station",
        "railway": "station",
        "railway:ref": "Hvsm",
        "ref": "1",
        "train": "yes",
        "wikidata": "Q2079829",
        "wikimedia_commons": "Category:Station Hilversum Media Park",
        "wikipedia": "nl:Station Hilversum Media Park",
        "zone": "5940"
      },
      "geometry": {
        "type": "Point",
        "coordinates": [
          5.1740114,
          52.2378723
        ]
      },
      "id": "node/7606656810"
    },
    {
      "type": "Feature",
      "properties": {
        "@id": "node/7606656811",
        "name": "Hilversum",
        "public_transport": "station",
        "railway": "station",
        "railway:ref": "Hvs",
        "train": "yes",
        "uic_ref": "8400322",
        "wheelchair": "yes",
        "wikidata": "Q49868",
        "wikimedia_commons": "Category:Station Hilversum",
        "wikipedia": "nl:Station Hilversum",
        "zone": "5940"
      },
      "geometry": {
        "type": "Point",
        "coordinates": [
          5.1812974,
          52.2265342
        ]
      },
      "id": "node/7606656811"
    },
    {
      "type": "Feature",
      "properties": {
        "@id": "node/7606656812",
        "name": "Hilversum Sportpark",
        "public_transport": "station",
        "railway": "station",
        "railway:ref": "Hvsp",
        "train": "yes",
        "wheelchair": "yes",
        "wikidata": "Q2078715",
        "wikimedia_commons": "Category:Station Hilversum Sportpark",
        "wikipedia": "nl:Station Hilversum Sportpark",
        "zone": "5940"
      },
      "geometry": {
        "type": "Point",
        "coordinates": [
          5.1873161,
          52.2164296
        ]
      },
      "id": "node/7606656812"
    },
    {
      "type": "Feature",
      "properties": {
        "@id": "node/7606656813",
        "name": "Hollandsche Rading",
        "public_transport": "station",
        "railway": "station",
        "railway:ref": "Hor",
        "train": "yes",
        "website": "https://www.ns.nl/stationsinformatie/hor/hollandsche-rading",
        "wikidata": "Q5881185",
        "wikimedia_commons": "Category:Station Hollandsche Rading",
        "wikipedia": "nl:Station Hollandsche Rading",
        "zone": "5930"
      },
      "geometry": {
        "type": "Point",
        "coordinates": [
          5.1793156,
          52.1780793
        ]
      },
      "id": "node/7606656813"
    },
    {
      "type": "Feature",
      "properties": {
        "@id": "node/7606656814",
        "name": "Baarn",
        "public_transport": "station",
        "railway": "station",
        "railway:ref": "Brn",
        "train": "yes",
        "wikidata": "Q2045233",
        "wikipedia": "nl:Station Baarn",
        "zone": "5962"
      },
      "geometry": {
        "type": "Point",
        "coordinates": [
          5.2817232,
          52.2080875
        ]
      },
      "id": "node/7606656814"
    },
    {
      "type": "Feature",
      "properties": {
        "@id": "node/7606656815",
        "name": "Soest Zuid",
        "public_transport": "station",
        "railway": "station",
        "railway:ref": "Stz",
        "train": "yes",
        "wheelchair": "yes",
        "wikidata": "Q2329914",
        "wikipedia": "nl:Station Soest Zuid",
        "zone": "5952"
      },
      "geometry": {
        "type": "Point",
        "coordinates": [
          5.3028921,
          52.1651988
        ]
      },
      "id": "node/7606656815"
    },
    {
      "type": "Feature",
      "properties": {
        "@id": "node/7606657354",
        "name": "Waddinxveen Triangel",
        "public_transport": "station",
        "railway": "station",
        "railway:ref": "Wadt",
        "train": "yes",
        "wheelchair": "yes",
        "wikidata": "Q2797593",
        "wikipedia": "nl:Station Waddinxveen Triangel"
      },
      "geometry": {
        "type": "Point",
        "coordinates": [
          4.6490359,
          52.0272134
        ]
      },
      "id": "node/7606657354"
    },
    {
      "type": "Feature",
      "properties": {
        "@id": "node/7606657355",
        "name": "Waddinxveen",
        "public_transport": "station",
        "railway": "station",
        "railway:ref": "Wad",
        "train": "yes",
        "wheelchair": "yes",
        "wikidata": "Q2473387",
        "wikipedia": "nl:Station Waddinxveen",
        "zone": "5470"
      },
      "geometry": {
        "type": "Point",
        "coordinates": [
          4.6499035,
          52.0440583
        ]
      },
      "id": "node/7606657355"
    },
    {
      "type": "Feature",
      "properties": {
        "@id": "node/7606657356",
        "name": "Waddinxveen Noord",
        "public_transport": "station",
        "railway": "station",
        "railway:ref": "Wadn",
        "train": "yes",
        "wheelchair": "yes",
        "wikidata": "Q2459829",
        "wikipedia": "nl:Station Waddinxveen Noord",
        "zone": "5470"
      },
      "geometry": {
        "type": "Point",
        "coordinates": [
          4.648369,
          52.0552626
        ]
      },
      "id": "node/7606657356"
    },
    {
      "type": "Feature",
      "properties": {
        "@id": "node/7606657357",
        "name": "Boskoop Snijdelwijk",
        "public_transport": "station",
        "railway": "station",
        "railway:ref": "Bsks",
        "train": "yes",
        "wheelchair": "yes",
        "wikidata": "Q2467629",
        "wikipedia": "nl:Station Boskoop Snijdelwijk"
      },
      "geometry": {
        "type": "Point",
        "coordinates": [
          4.6462703,
          52.067341
        ]
      },
      "id": "node/7606657357"
    },
    {
      "type": "Feature",
      "properties": {
        "@id": "node/7606657358",
        "name": "Boskoop",
        "public_transport": "station",
        "railway": "station",
        "railway:ref": "Bsk",
        "train": "yes",
        "wheelchair": "yes",
        "wikidata": "Q2595470",
        "wikipedia": "nl:Station Boskoop",
        "zone": "5471"
      },
      "geometry": {
        "type": "Point",
        "coordinates": [
          4.6466297,
          52.0770639
        ]
      },
      "id": "node/7606657358"
    },
    {
      "type": "Feature",
      "properties": {
        "@id": "node/7606663918",
        "name": "Purmerend Overwhere",
        "public_transport": "station",
        "railway": "station",
        "railway:ref": "Pmo",
        "train": "yes",
        "wikidata": "Q2477996",
        "wikipedia": "nl:Station Purmerend Overwhere",
        "zone": "3740"
      },
      "geometry": {
        "type": "Point",
        "coordinates": [
          4.9670882,
          52.5112223
        ]
      },
      "id": "node/7606663918"
    },
    {
      "type": "Feature",
      "properties": {
        "@id": "node/7606663919",
        "name": "Purmerend",
        "public_transport": "station",
        "railway": "station",
        "railway:ref": "Pmr",
        "train": "yes",
        "wikidata": "Q2566695",
        "wikipedia": "nl:Station Purmerend",
        "zone": "3740"
      },
      "geometry": {
        "type": "Point",
        "coordinates": [
          4.9544121,
          52.5039525
        ]
      },
      "id": "node/7606663919"
    },
    {
      "type": "Feature",
      "properties": {
        "@id": "node/7606663920",
        "name": "Purmerend Weidevenne",
        "public_transport": "station",
        "railway": "station",
        "railway:ref": "Pmw",
        "train": "yes",
        "wheelchair": "yes",
        "wikidata": "Q2186104",
        "wikipedia": "nl:Station Purmerend Weidevenne",
        "zone": "3740"
      },
      "geometry": {
        "type": "Point",
        "coordinates": [
          4.9350292,
          52.4963796
        ]
      },
      "id": "node/7606663920"
    },
    {
      "type": "Feature",
      "properties": {
        "@id": "node/7606663921",
        "name": "Zaandam Kogerveld",
        "public_transport": "station",
        "railway": "station",
        "railway:ref": "Zdk",
        "train": "yes",
        "wheelchair": "yes",
        "wikidata": "Q2113315",
        "wikimedia_commons": "Category:Station Zaandam Kogerveld",
        "wikipedia": "nl:Station Zaandam Kogerveld",
        "zone": "3722"
      },
      "geometry": {
        "type": "Point",
        "coordinates": [
          4.8191929,
          52.4567546
        ]
      },
      "id": "node/7606663921"
    },
    {
      "type": "Feature",
      "properties": {
        "@id": "node/7606663922",
        "name": "Koog aan de Zaan",
        "public_transport": "station",
        "railway": "station",
        "railway:ref": "Kz",
        "train": "yes",
        "wikidata": "Q783692",
        "wikipedia": "nl:Station Koog aan de Zaan",
        "zone": "3722"
      },
      "geometry": {
        "type": "Point",
        "coordinates": [
          4.8056834,
          52.4578263
        ]
      },
      "id": "node/7606663922"
    },
    {
      "type": "Feature",
      "properties": {
        "@id": "node/7606672546",
        "name": "Bunnik",
        "operator": "NS",
        "public_transport": "station",
        "railway": "station",
        "railway:ref": "Bnk",
        "train": "yes",
        "website": "https://www.ns.nl/stationsinformatie/bnk/bunnik",
        "wheelchair": "yes",
        "wikidata": "Q2400048",
        "wikipedia": "nl:Station Bunnik",
        "zone": "5029"
      },
      "geometry": {
        "type": "Point",
        "coordinates": [
          5.1957958,
          52.0632104
        ]
      },
      "id": "node/7606672546"
    },
    {
      "type": "Feature",
      "properties": {
        "@id": "node/7606672547",
        "name": "Maarn",
        "public_transport": "station",
        "railway": "station",
        "railway:ref": "Mrn",
        "train": "yes",
        "wheelchair": "yes",
        "wikidata": "Q2332233",
        "wikipedia": "nl:Station Maarn",
        "zone": "5055"
      },
      "geometry": {
        "type": "Point",
        "coordinates": [
          5.3706605,
          52.0640966
        ]
      },
      "id": "node/7606672547"
    },
    {
      "type": "Feature",
      "properties": {
        "@id": "node/7606698742",
        "name": "Diemen",
        "public_transport": "station",
        "railway": "station",
        "railway:ref": "Dmn",
        "train": "yes",
        "website": "https://www.ns.nl/stationsinformatie/dmn/diemen",
        "wheelchair": "yes",
        "wikidata": "Q2692686",
        "wikimedia_commons": "Category:Station Diemen",
        "wikipedia": "nl:Station Diemen",
        "zone": "5715"
      },
      "geometry": {
        "type": "Point",
        "coordinates": [
          4.967465,
          52.3452067
        ]
      },
      "id": "node/7606698742"
    },
    {
      "type": "Feature",
      "properties": {
        "@id": "node/7606712031",
        "name": "Barneveld Noord",
        "public_transport": "station",
        "railway": "station",
        "railway:ref": "Bnn",
        "train": "yes",
        "wheelchair": "yes",
        "wikidata": "Q3907891",
        "wikipedia": "nl:Station Barneveld Noord"
      },
      "geometry": {
        "type": "Point",
        "coordinates": [
          5.598379,
          52.1611568
        ]
      },
      "id": "node/7606712031"
    },
    {
      "type": "Feature",
      "properties": {
        "@id": "node/7606712032",
        "name": "Lunteren",
        "public_transport": "station",
        "railway": "station",
        "railway:ref": "Ltn",
        "train": "yes",
        "wheelchair": "yes",
        "wikidata": "Q2159566",
        "wikipedia": "nl:Station Lunteren",
        "zone": "4075"
      },
      "geometry": {
        "type": "Point",
        "coordinates": [
          5.6243005,
          52.0851185
        ]
      },
      "id": "node/7606712032"
    },
    {
      "type": "Feature",
      "properties": {
        "@id": "node/7606712033",
        "name": "Ede Centrum",
        "public_transport": "station",
        "railway": "station",
        "railway:ref": "Edc",
        "train": "yes",
        "wheelchair": "yes",
        "wikidata": "Q2792729",
        "wikipedia": "nl:Station Ede Centrum",
        "zone": "4061"
      },
      "geometry": {
        "type": "Point",
        "coordinates": [
          5.6681895,
          52.0432539
        ]
      },
      "id": "node/7606712033"
    },
    {
      "type": "Feature",
      "properties": {
        "@id": "node/7606735798",
        "name": "Rhenen",
        "public_transport": "station",
        "railway": "station",
        "railway:ref": "Rhn",
        "train": "yes",
        "wheelchair": "yes",
        "wikidata": "Q2128695",
        "wikipedia": "nl:Station Rhenen",
        "zone": "4060"
      },
      "geometry": {
        "type": "Point",
        "coordinates": [
          5.5783079,
          51.9579068
        ]
      },
      "id": "node/7606735798"
    },
    {
      "type": "Feature",
      "properties": {
        "@id": "node/7606758007",
        "addr:city": "Hengelo",
        "addr:country": "NL",
        "addr:postcode": "7555JP",
        "addr:street": "Florence Nightingaleweg",
        "name": "Hengelo Gezondheidspark",
        "operator": "Syntus",
        "public_transport": "station",
        "railway": "station",
        "railway:ref": "Hglg",
        "train": "yes",
        "wheelchair": "yes",
        "wikidata": "Q4705208",
        "wikipedia": "nl:Station Hengelo Gezondheidspark"
      },
      "geometry": {
        "type": "Point",
        "coordinates": [
          6.7679488,
          52.2616919
        ]
      },
      "id": "node/7606758007"
    },
    {
      "type": "Feature",
      "properties": {
        "@id": "node/7606761910",
        "name": "Delden",
        "operator": "NS;DBR",
        "public_transport": "station",
        "railway": "station",
        "railway:ref": "Ddn",
        "train": "yes",
        "wheelchair": "yes",
        "wikidata": "Q2226484",
        "wikipedia": "nl:Station Delden"
      },
      "geometry": {
        "type": "Point",
        "coordinates": [
          6.7151462,
          52.2600838
        ]
      },
      "id": "node/7606761910"
    },
    {
      "type": "Feature",
      "properties": {
        "@id": "node/7606761911",
        "name": "Borne",
        "public_transport": "station",
        "railway": "station",
        "railway:ref": "Bn",
        "train": "yes",
        "wikidata": "Q2678539",
        "wikipedia": "nl:Station Borne",
        "zone": "4521"
      },
      "geometry": {
        "type": "Point",
        "coordinates": [
          6.7484512,
          52.2986128
        ]
      },
      "id": "node/7606761911"
    },
    {
      "type": "Feature",
      "properties": {
        "@id": "node/7606761912",
        "name": "Almelo de Riet",
        "public_transport": "station",
        "railway": "station",
        "railway:ref": "Amri",
        "train": "yes",
        "wheelchair": "yes",
        "wikidata": "Q3363550",
        "wikipedia": "nl:Station Almelo de Riet",
        "zone": "4551"
      },
      "geometry": {
        "type": "Point",
        "coordinates": [
          6.6666467,
          52.3420988
        ]
      },
      "id": "node/7606761912"
    },
    {
      "type": "Feature",
      "properties": {
        "@id": "node/7606761913",
        "name": "Nijverdal",
        "operator": "NS",
        "platforms": "2",
        "public_transport": "station",
        "railway": "station",
        "railway:ref": "Nvd",
        "train": "yes",
        "wheelchair": "yes",
        "wikidata": "Q2152454",
        "wikipedia": "nl:Station Nijverdal"
      },
      "geometry": {
        "type": "Point",
        "coordinates": [
          6.4624207,
          52.366378
        ]
      },
      "id": "node/7606761913"
    },
    {
      "type": "Feature",
      "properties": {
        "@id": "node/7606761914",
        "name": "Heino",
        "public_transport": "station",
        "railway": "station",
        "railway:ref": "Hno",
        "train": "yes",
        "wheelchair": "yes",
        "wikidata": "Q1948428",
        "wikipedia": "nl:Station Heino",
        "zone": "4683"
      },
      "geometry": {
        "type": "Point",
        "coordinates": [
          6.222031,
          52.4269576
        ]
      },
      "id": "node/7606761914"
    },
    {
      "type": "Feature",
      "properties": {
        "@id": "node/7606761915",
        "name": "Raalte",
        "public_transport": "station",
        "railway": "station",
        "railway:ref": "Rat",
        "train": "yes",
        "wikidata": "Q2268215",
        "wikipedia": "nl:Station Raalte",
        "zone": "4684"
      },
      "geometry": {
        "type": "Point",
        "coordinates": [
          6.2776238,
          52.3917781
        ]
      },
      "id": "node/7606761915"
    },
    {
      "type": "Feature",
      "properties": {
        "@id": "node/7606763156",
        "name": "Grijpskerk",
        "public_transport": "station",
        "railway": "station",
        "railway:ref": "Gk",
        "train": "yes",
        "wheelchair": "yes",
        "wikidata": "Q2331363",
        "wikipedia": "nl:Station Grijpskerk",
        "zone": "1145"
      },
      "geometry": {
        "type": "Point",
        "coordinates": [
          6.3098856,
          53.2557864
        ]
      },
      "id": "node/7606763156"
    },
    {
      "type": "Feature",
      "properties": {
        "@id": "node/7606786655",
        "name": "Dalfsen",
        "public_transport": "station",
        "railway": "station",
        "railway:ref": "Dl",
        "train": "yes",
        "wheelchair": "yes",
        "wikidata": "Q4572982",
        "wikipedia": "nl:Station Dalfsen",
        "zone": "4603"
      },
      "geometry": {
        "type": "Point",
        "coordinates": [
          6.2594892,
          52.4982281
        ]
      },
      "id": "node/7606786655"
    },
    {
      "type": "Feature",
      "properties": {
        "@id": "node/7606786656",
        "name": "Ommen",
        "public_transport": "station",
        "railway": "station",
        "railway:ref": "Omn",
        "train": "yes",
        "wheelchair": "yes",
        "wikidata": "Q2066308",
        "wikipedia": "nl:Station Ommen",
        "zone": "4616"
      },
      "geometry": {
        "type": "Point",
        "coordinates": [
          6.4172206,
          52.5097013
        ]
      },
      "id": "node/7606786656"
    },
    {
      "type": "Feature",
      "properties": {
        "@id": "node/7606786657",
        "name": "Vriezenveen",
        "public_transport": "station",
        "railway": "station",
        "railway:ref": "Vz",
        "train": "yes",
        "wikidata": "Q2256575",
        "wikipedia": "nl:Station Vriezenveen",
        "zone": "4561"
      },
      "geometry": {
        "type": "Point",
        "coordinates": [
          6.6004536,
          52.4020925
        ]
      },
      "id": "node/7606786657"
    },
    {
      "type": "Feature",
      "properties": {
        "@id": "node/7606786768",
        "name": "Assen",
        "public_transport": "station",
        "railway": "station",
        "railway:ref": "Asn",
        "train": "yes",
        "wheelchair": "yes",
        "wikidata": "Q47326",
        "wikipedia": "nl:Station Assen",
        "zone": "1500"
      },
      "geometry": {
        "type": "Point",
        "coordinates": [
          6.5712455,
          52.992265
        ]
      },
      "id": "node/7606786768"
    },
    {
      "type": "Feature",
      "properties": {
        "@id": "node/7606791156",
        "internet_access": "wlan",
        "internet_access:fee": "no",
        "name": "Emmen",
        "name:ar": "إمن",
        "name:fa": "امن",
        "operator": "Arriva",
        "platforms": "2",
        "public_transport": "station",
        "railway": "station",
        "railway:ref": "Emn",
        "spotpass": "yes",
        "train": "yes",
        "wifi:operator": "KPN",
        "wikidata": "Q800729",
        "wikipedia": "nl:Station Emmen",
        "zone": "1800"
      },
      "geometry": {
        "type": "Point",
        "coordinates": [
          6.8997205,
          52.7906288
        ]
      },
      "id": "node/7606791156"
    },
    {
      "type": "Feature",
      "properties": {
        "@id": "node/7606791157",
        "name": "Emmen Zuid",
        "network": "Vechtdallijnen",
        "network:wikidata": "Q108742711",
        "operator": "Arriva",
        "public_transport": "station",
        "railway": "station",
        "railway:ref": "Emnz",
        "train": "yes",
        "wikidata": "Q2152781",
        "wikipedia": "nl:Station Emmen Zuid"
      },
      "geometry": {
        "type": "Point",
        "coordinates": [
          6.8743301,
          52.7487147
        ]
      },
      "id": "node/7606791157"
    },
    {
      "type": "Feature",
      "properties": {
        "@id": "node/7606791158",
        "name": "Dalen",
        "public_transport": "station",
        "railway": "station",
        "railway:ref": "Dln",
        "train": "yes",
        "wikidata": "Q2303336",
        "wikipedia": "nl:Station Dalen",
        "zone": "1821"
      },
      "geometry": {
        "type": "Point",
        "coordinates": [
          6.7585202,
          52.6946895
        ]
      },
      "id": "node/7606791158"
    },
    {
      "type": "Feature",
      "properties": {
        "@id": "node/7606791159",
        "name": "Gramsbergen",
        "public_transport": "station",
        "railway": "station",
        "railway:ref": "Gbg",
        "train": "yes",
        "wikidata": "Q2350173",
        "wikipedia": "nl:Station Gramsbergen",
        "zone": "4639"
      },
      "geometry": {
        "type": "Point",
        "coordinates": [
          6.676362,
          52.6098651
        ]
      },
      "id": "node/7606791159"
    },
    {
      "type": "Feature",
      "properties": {
        "@id": "node/7606793098",
        "description": "Meppel - Assen",
        "name": "Beilen",
        "public_transport": "station",
        "railway": "station",
        "railway:ref": "Bl",
        "train": "yes",
        "wheelchair": "yes",
        "wikidata": "Q47333",
        "wikipedia": "nl:Station Beilen",
        "zone": "1505"
      },
      "geometry": {
        "type": "Point",
        "coordinates": [
          6.5213108,
          52.8550649
        ]
      },
      "id": "node/7606793098"
    },
    {
      "type": "Feature",
      "properties": {
        "@id": "node/7606793099",
        "name": "Meppel",
        "public_transport": "station",
        "railway": "station",
        "railway:ref": "Mp",
        "train": "yes",
        "wheelchair": "yes",
        "wikidata": "Q47343",
        "wikipedia": "nl:Station Meppel",
        "zone": "1600"
      },
      "geometry": {
        "type": "Point",
        "coordinates": [
          6.1979382,
          52.6919049
        ]
      },
      "id": "node/7606793099"
    },
    {
      "type": "Feature",
      "properties": {
        "@id": "node/7606802764",
        "name": "Steenwijk",
        "public_transport": "station",
        "railway": "station",
        "railway:ref": "Swk",
        "train": "yes",
        "wheelchair": "yes",
        "wikidata": "Q4336076",
        "wikipedia": "nl:Station Steenwijk"
      },
      "geometry": {
        "type": "Point",
        "coordinates": [
          6.1164515,
          52.7911743
        ]
      },
      "id": "node/7606802764"
    },
    {
      "type": "Feature",
      "properties": {
        "@id": "node/7606802765",
        "name": "Wolvega",
        "public_transport": "station",
        "railway": "station",
        "railway:ref": "Wv",
        "train": "yes",
        "wikidata": "Q8030461",
        "wikipedia": "nl:Station Wolvega"
      },
      "geometry": {
        "type": "Point",
        "coordinates": [
          6.0047673,
          52.8802422
        ]
      },
      "id": "node/7606802765"
    },
    {
      "type": "Feature",
      "properties": {
        "@id": "node/7606802766",
        "name": "Heerenveen",
        "public_transport": "station",
        "railway": "station",
        "railway:ref": "Hr",
        "train": "yes",
        "wheelchair": "limited",
        "wikidata": "Q800899",
        "wikipedia": "nl:Station Heerenveen",
        "zone": "2400"
      },
      "geometry": {
        "type": "Point",
        "coordinates": [
          5.9153474,
          52.9607031
        ]
      },
      "id": "node/7606802766"
    },
    {
      "type": "Feature",
      "properties": {
        "@id": "node/7606802767",
        "name": "Akkrum",
        "public_transport": "station",
        "railway": "station",
        "railway:ref": "Akm",
        "train": "yes",
        "website": "https://www.ns.nl/stationsinformatie/akm/akkrum",
        "wikidata": "Q604368",
        "wikimedia_commons": "File:2023 Akkrum, stasjon (1).jpg",
        "wikipedia": "nl:Station Akkrum",
        "zone": "2334"
      },
      "geometry": {
        "type": "Point",
        "coordinates": [
          5.8433715,
          53.0473583
        ]
      },
      "id": "node/7606802767"
    },
    {
      "type": "Feature",
      "properties": {
        "@id": "node/7606802768",
        "name": "Grou-Jirnsum",
        "old_name:1868-1999": "Grouw-Irnsum",
        "operator": "Nederlandse Spoorwegen",
        "public_transport": "station",
        "railway": "station",
        "railway:ref": "Gw",
        "train": "yes",
        "wikidata": "Q2490738",
        "wikipedia": "nl:Station Grou-Jirnsum",
        "zone": "2354"
      },
      "geometry": {
        "type": "Point",
        "coordinates": [
          5.8222898,
          53.0898834
        ]
      },
      "id": "node/7606802768"
    },
    {
      "type": "Feature",
      "properties": {
        "@id": "node/7606818525",
        "name": "Harlingen Haven",
        "public_transport": "station",
        "railway": "station",
        "railway:ref": "Hlgh",
        "train": "yes",
        "wheelchair": "yes",
        "wikidata": "Q2194466",
        "wikipedia": "nl:Station Harlingen Haven",
        "zone": "2067"
      },
      "geometry": {
        "type": "Point",
        "coordinates": [
          5.4114962,
          53.1746159
        ]
      },
      "id": "node/7606818525"
    },
    {
      "type": "Feature",
      "properties": {
        "@id": "node/7606818526",
        "name": "Harlingen",
        "public_transport": "station",
        "railway": "station",
        "railway:ref": "Hlg",
        "train": "yes",
        "wheelchair": "yes",
        "wikidata": "Q800889",
        "wikipedia": "nl:Station Harlingen",
        "zone": "2067"
      },
      "geometry": {
        "type": "Point",
        "coordinates": [
          5.4252094,
          53.1703923
        ]
      },
      "id": "node/7606818526"
    },
    {
      "type": "Feature",
      "properties": {
        "@id": "node/7606818527",
        "name": "Franeker",
        "operator": "Arriva",
        "public_transport": "station",
        "railway": "station",
        "railway:ref": "Fn",
        "train": "yes",
        "wheelchair": "yes",
        "wikidata": "Q17934",
        "wikipedia": "nl:Station Franeker",
        "zone": "2047"
      },
      "geometry": {
        "type": "Point",
        "coordinates": [
          5.549851,
          53.1824012
        ]
      },
      "id": "node/7606818527"
    },
    {
      "type": "Feature",
      "properties": {
        "@id": "node/7606818528",
        "name": "Dronryp",
        "old_name:1863-2015": "Dronrijp",
        "public_transport": "station",
        "railway": "station",
        "railway:ref": "Drp",
        "train": "yes",
        "wheelchair": "yes",
        "wikidata": "Q1960877",
        "wikipedia": "nl:Station Dronryp",
        "zone": "2122"
      },
      "geometry": {
        "type": "Point",
        "coordinates": [
          5.6347677,
          53.1777182
        ]
      },
      "id": "node/7606818528"
    },
    {
      "type": "Feature",
      "properties": {
        "@id": "node/7606818529",
        "name": "Deinum",
        "public_transport": "station",
        "railway": "station",
        "railway:ref": "Dei",
        "train": "yes",
        "wheelchair": "yes",
        "wikidata": "Q2779850",
        "wikipedia": "nl:Station Deinum",
        "zone": "2017"
      },
      "geometry": {
        "type": "Point",
        "coordinates": [
          5.7280592,
          53.1887582
        ]
      },
      "id": "node/7606818529"
    },
    {
      "type": "Feature",
      "properties": {
        "@id": "node/7606819558",
        "name": "Daarlerveen",
        "public_transport": "station",
        "railway": "station",
        "railway:ref": "Da",
        "train": "yes",
        "wheelchair": "yes",
        "wikidata": "Q1872251",
        "wikipedia": "nl:Station Daarlerveen",
        "zone": "4572"
      },
      "geometry": {
        "type": "Point",
        "coordinates": [
          6.5760173,
          52.4411354
        ]
      },
      "id": "node/7606819558"
    },
    {
      "type": "Feature",
      "properties": {
        "@id": "node/7606825348",
        "name": "Leeuwarden Camminghaburen",
        "public_transport": "station",
        "railway": "station",
        "railway:ref": "Lwc",
        "train": "yes",
        "wheelchair": "yes",
        "wikidata": "Q17948",
        "wikipedia": "nl:Station Leeuwarden Camminghaburen",
        "zone": "2000"
      },
      "geometry": {
        "type": "Point",
        "coordinates": [
          5.8425552,
          53.2021437
        ]
      },
      "id": "node/7606825348"
    },
    {
      "type": "Feature",
      "properties": {
        "@id": "node/7606825349",
        "name": "Hurdegaryp",
        "old_name:1866-1989": "Hardegarijp",
        "operator": "Nederlandse Spoorwegen",
        "public_transport": "station",
        "railway": "station",
        "railway:ref": "Hdg",
        "toilets:wheelchair": "no",
        "train": "yes",
        "wheelchair": "yes",
        "wikidata": "Q2569972",
        "wikipedia": "nl:Station Hurdegaryp",
        "zone": "2130"
      },
      "geometry": {
        "type": "Point",
        "coordinates": [
          5.9344245,
          53.2188842
        ]
      },
      "id": "node/7606825349"
    },
    {
      "type": "Feature",
      "properties": {
        "@id": "node/7606825350",
        "name": "Feanwâlden",
        "old_name:1866-2015": "Veenwouden",
        "public_transport": "station",
        "railway": "station",
        "railway:ref": "Fwd",
        "train": "yes",
        "wheelchair": "yes",
        "wikidata": "Q426233",
        "wikipedia": "nl:Station Feanwâlden",
        "zone": "2130"
      },
      "geometry": {
        "type": "Point",
        "coordinates": [
          5.9897322,
          53.2350543
        ]
      },
      "id": "node/7606825350"
    },
    {
      "type": "Feature",
      "properties": {
        "@id": "node/7606825351",
        "description": "Leeuwarden - Groningen",
        "name": "De Westereen",
        "old_name:1885-2015": "Zwaagwesteinde",
        "public_transport": "station",
        "railway": "station",
        "railway:ref": "Dwe",
        "train": "yes",
        "wheelchair": "yes",
        "wikidata": "Q2652530",
        "wikimedia_commons": "Category:Station De Westereen",
        "wikipedia": "nl:Station De Westereen",
        "zone": "2138"
      },
      "geometry": {
        "type": "Point",
        "coordinates": [
          6.0354836,
          53.2482864
        ]
      },
      "id": "node/7606825351"
    },
    {
      "type": "Feature",
      "properties": {
        "@id": "node/7606839823",
        "name": "Hindeloopen",
        "public_transport": "station",
        "railway": "station",
        "railway:ref": "Hnp",
        "train": "yes",
        "wheelchair": "yes",
        "wikidata": "Q5765960",
        "wikimedia_commons": "Category:Station Hindeloopen",
        "wikipedia": "nl:Station Hindeloopen",
        "zone": "2234"
      },
      "geometry": {
        "type": "Point",
        "coordinates": [
          5.4231314,
          52.9464538
        ]
      },
      "id": "node/7606839823"
    },
    {
      "type": "Feature",
      "properties": {
        "@id": "node/7606839824",
        "name": "Workum",
        "public_transport": "station",
        "railway": "station",
        "railway:ref": "Wk",
        "train": "yes",
        "wheelchair": "yes",
        "wikidata": "Q4902663",
        "wikipedia": "nl:Station Workum",
        "zone": "2251"
      },
      "geometry": {
        "type": "Point",
        "coordinates": [
          5.4565133,
          52.9720548
        ]
      },
      "id": "node/7606839824"
    },
    {
      "type": "Feature",
      "properties": {
        "@id": "node/7606839825",
        "name": "IJlst",
        "public_transport": "station",
        "railway": "station",
        "railway:ref": "IJt",
        "train": "yes",
        "wheelchair": "yes",
        "wikidata": "Q2431423",
        "wikimedia_commons": "Category:Station IJlst",
        "wikipedia": "nl:Station IJlst",
        "zone": "2369"
      },
      "geometry": {
        "type": "Point",
        "coordinates": [
          5.6161316,
          53.0147424
        ]
      },
      "id": "node/7606839825"
    },
    {
      "type": "Feature",
      "properties": {
        "@id": "node/7606839826",
        "name": "Sneek",
        "name:fy": "Snits",
        "public_transport": "station",
        "railway": "station",
        "railway:ref": "Sk",
        "train": "yes",
        "wheelchair": "yes",
        "wikidata": "Q167148",
        "wikipedia": "nl:Station Sneek",
        "zone": "2359"
      },
      "geometry": {
        "type": "Point",
        "coordinates": [
          5.6518895,
          53.0326201
        ]
      },
      "id": "node/7606839826"
    },
    {
      "type": "Feature",
      "properties": {
        "@id": "node/7606839827",
        "name": "Sneek Noord",
        "name:fy": "Snits Noard",
        "public_transport": "station",
        "railway": "station",
        "railway:ref": "Sknd",
        "train": "yes",
        "wheelchair": "yes",
        "wikidata": "Q1908342",
        "wikimedia_commons": "Category:Station Sneek Noord",
        "wikipedia": "nl:Station Sneek Noord",
        "zone": "2359"
      },
      "geometry": {
        "type": "Point",
        "coordinates": [
          5.66273,
          53.0401281
        ]
      },
      "id": "node/7606839827"
    },
    {
      "type": "Feature",
      "properties": {
        "@id": "node/7607044117",
        "name": "Eys-Wittem",
        "operator": "Zuid-Limburgse Stoomtrein Maatschappij",
        "public_transport": "stop_position",
        "railway": "stop",
        "railway:ref": "Wtm",
        "train": "yes"
      },
      "geometry": {
        "type": "Point",
        "coordinates": [
          5.9247316,
          50.823222
        ]
      },
      "id": "node/7607044117"
    },
    {
      "type": "Feature",
      "properties": {
        "@id": "node/7607097523",
        "name": "Simpelveld",
        "operator": "Zuid-Limburgse Stoomtrein Maatschappij",
        "public_transport": "stop_position",
        "railway": "stop",
        "railway:ref": "Spv",
        "train": "yes"
      },
      "geometry": {
        "type": "Point",
        "coordinates": [
          5.9784901,
          50.8314013
        ]
      },
      "id": "node/7607097523"
    },
    {
      "type": "Feature",
      "properties": {
        "@id": "node/7607101239",
        "name": "Zoutindustrie",
        "operator": "Museum Buurtspoorweg",
        "public_transport": "stop_position",
        "train": "yes"
      },
      "geometry": {
        "type": "Point",
        "coordinates": [
          6.7853654,
          52.1917672
        ]
      },
      "id": "node/7607101239"
    },
    {
      "type": "Feature",
      "properties": {
        "@id": "node/7607245703",
        "name": "Haaksbergen",
        "operator": "Museum Buurtspoorweg",
        "public_transport": "stop_position",
        "railway": "stop",
        "train": "yes"
      },
      "geometry": {
        "type": "Point",
        "coordinates": [
          6.7385294,
          52.1585101
        ]
      },
      "id": "node/7607245703"
    },
    {
      "type": "Feature",
      "properties": {
        "@id": "node/7607257505",
        "name": "Veendam",
        "operator": "Stichting Stadskanaal Rail",
        "public_transport": "stop_position",
        "railway": "stop",
        "train": "yes"
      },
      "geometry": {
        "type": "Point",
        "coordinates": [
          6.8853358,
          53.1039861
        ]
      },
      "id": "node/7607257505"
    },
    {
      "type": "Feature",
      "properties": {
        "@id": "node/7607257508",
        "name": "Wildervank",
        "operator": "Stichting Stadskanaal Rail",
        "public_transport": "stop_position",
        "railway": "stop",
        "train": "yes"
      },
      "geometry": {
        "type": "Point",
        "coordinates": [
          6.8708196,
          53.0838181
        ]
      },
      "id": "node/7607257508"
    },
    {
      "type": "Feature",
      "properties": {
        "@id": "node/7607265117",
        "name": "Stadskanaal",
        "operator": "Stichting Stadskanaal Rail",
        "public_transport": "stop_position",
        "railway": "stop",
        "train": "yes"
      },
      "geometry": {
        "type": "Point",
        "coordinates": [
          6.9355971,
          52.996187
        ]
      },
      "id": "node/7607265117"
    },
    {
      "type": "Feature",
      "properties": {
        "@id": "node/7607272826",
        "name": "Bareveld",
        "operator": "Stichting Stadskanaal Rail",
        "public_transport": "stop_position",
        "railway": "stop",
        "train": "yes"
      },
      "geometry": {
        "type": "Point",
        "coordinates": [
          6.850412,
          53.0536671
        ]
      },
      "id": "node/7607272826"
    },
    {
      "type": "Feature",
      "properties": {
        "@id": "node/7610597877",
        "name": "Goes (SGB)",
        "operator": "Stoomtrein Goes - Borsele",
        "public_transport": "station",
        "railway": "station",
        "railway:ref": "Gs",
        "train": "yes",
        "usage": "tourism",
        "wheelchair": "yes",
        "wikidata": "Q615222",
        "wikipedia": "nl:Station Goes"
      },
      "geometry": {
        "type": "Point",
        "coordinates": [
          3.8828193,
          51.4971093
        ]
      },
      "id": "node/7610597877"
    },
    {
      "type": "Feature",
      "properties": {
        "@id": "node/7610638449",
        "name": "'s-Gravenpolder-'s-Heer Abtskerke",
        "operator": "Stoomtrein Goes - Borsele",
        "public_transport": "stop_position",
        "railway": "stop",
        "railway:ref": "Gha",
        "train": "yes"
      },
      "geometry": {
        "type": "Point",
        "coordinates": [
          3.8922183,
          51.4620832
        ]
      },
      "id": "node/7610638449"
    },
    {
      "type": "Feature",
      "properties": {
        "@id": "node/7610639511",
        "name": "Hoedekenskerke",
        "operator": "Stoomtrein Goes - Borsele",
        "public_transport": "stop_position",
        "railway": "stop",
        "railway:ref": "Hkk",
        "train": "yes"
      },
      "geometry": {
        "type": "Point",
        "coordinates": [
          3.9138174,
          51.4205969
        ]
      },
      "id": "node/7610639511"
    },
    {
      "type": "Feature",
      "properties": {
        "@id": "node/7610639512",
        "name": "Baarland",
        "operator": "Stoomtrein Goes - Borsele",
        "public_transport": "station",
        "railway": "station",
        "railway:ref": "Bld",
        "train": "yes",
        "usage": "tourism",
        "wikidata": "Q17459793",
        "wikipedia": "nl:Halte Baarland"
      },
      "geometry": {
        "type": "Point",
        "coordinates": [
          3.8826993,
          51.4150204
        ]
      },
      "id": "node/7610639512"
    },
    {
      "type": "Feature",
      "properties": {
        "@id": "node/7610639515",
        "name": "Hoedekenskerke",
        "operator": "Stoomtrein Goes - Borsele",
        "public_transport": "stop_position",
        "railway": "stop",
        "railway:ref": "Hkk",
        "train": "yes"
      },
      "geometry": {
        "type": "Point",
        "coordinates": [
          3.9137417,
          51.420626
        ]
      },
      "id": "node/7610639515"
    },
    {
      "type": "Feature",
      "properties": {
        "@id": "node/7610643507",
        "name": "Nisse",
        "operator": "Stoomtrein Goes - Borsele",
        "public_transport": "station",
        "railway": "station",
        "railway:ref": "Ni",
        "train": "yes",
        "usage": "tourism",
        "wikidata": "Q177365",
        "wikipedia": "nl:Station Nisse"
      },
      "geometry": {
        "type": "Point",
        "coordinates": [
          3.8801356,
          51.4539408
        ]
      },
      "id": "node/7610643507"
    },
    {
      "type": "Feature",
      "properties": {
        "@id": "node/7968362378",
        "name": "Leeuwarden",
        "public_transport": "stop_position",
        "railway": "stop",
        "ref": "6b",
        "train": "yes"
      },
      "geometry": {
        "type": "Point",
        "coordinates": [
          5.7935358,
          53.1960907
        ]
      },
      "id": "node/7968362378"
    },
    {
      "type": "Feature",
      "properties": {
        "@id": "node/8168181941",
        "name": "Leeuwarden",
        "public_transport": "stop_position",
        "railway": "stop",
        "ref": "8",
        "train": "yes"
      },
      "geometry": {
        "type": "Point",
        "coordinates": [
          5.7939519,
          53.1963211
        ]
      },
      "id": "node/8168181941"
    },
    {
      "type": "Feature",
      "properties": {
        "@id": "node/8324904398",
        "name": "Maastricht",
        "public_transport": "stop_position",
        "railway": "stop",
        "railway:ref": "Mt",
        "railway:ref:NMBS/SNCB": "XNMT",
        "ref": "3",
        "train": "yes",
        "uic_ref": "8400424"
      },
      "geometry": {
        "type": "Point",
        "coordinates": [
          5.7052034,
          50.8506844
        ]
      },
      "id": "node/8324904398"
    },
    {
      "type": "Feature",
      "properties": {
        "@id": "node/8324904399",
        "name": "Maastricht",
        "public_transport": "stop_position",
        "railway": "stop",
        "railway:ref": "Mt",
        "railway:ref:NMBS/SNCB": "XNMT",
        "ref": "2",
        "train": "yes",
        "uic_ref": "8400424"
      },
      "geometry": {
        "type": "Point",
        "coordinates": [
          5.705126,
          50.8505675
        ]
      },
      "id": "node/8324904399"
    },
    {
      "type": "Feature",
      "properties": {
        "@id": "node/8324904400",
        "name": "Maastricht",
        "public_transport": "stop_position",
        "railway": "stop",
        "railway:ref": "Mt",
        "railway:ref:NMBS/SNCB": "XNMT",
        "ref": "1",
        "train": "yes",
        "uic_ref": "8400424"
      },
      "geometry": {
        "type": "Point",
        "coordinates": [
          5.7049544,
          50.8505398
        ]
      },
      "id": "node/8324904400"
    },
    {
      "type": "Feature",
      "properties": {
        "@id": "node/8984211801",
        "name": "Geldermalsen",
        "public_transport": "stop_position",
        "railway": "stop",
        "railway:ref": "Gdm",
        "ref": "6",
        "train": "yes"
      },
      "geometry": {
        "type": "Point",
        "coordinates": [
          5.2711309,
          51.8826031
        ]
      },
      "id": "node/8984211801"
    },
    {
      "type": "Feature",
      "properties": {
        "@id": "node/8984211808",
        "name": "Geldermalsen",
        "public_transport": "stop_position",
        "railway": "stop",
        "railway:ref": "Gdm",
        "ref": "7",
        "train": "yes"
      },
      "geometry": {
        "type": "Point",
        "coordinates": [
          5.2709444,
          51.8825733
        ]
      },
      "id": "node/8984211808"
    },
    {
      "type": "Feature",
      "properties": {
        "@id": "node/9179010523",
        "local_ref": "5a",
        "name": "Leiden Centraal",
        "public_transport": "stop_position",
        "railway": "stop",
        "railway:ref": "Ledn",
        "ref": "5a",
        "train": "yes"
      },
      "geometry": {
        "type": "Point",
        "coordinates": [
          4.4840696,
          52.1677442
        ]
      },
      "id": "node/9179010523"
    },
    {
      "type": "Feature",
      "properties": {
        "@id": "node/9335077218",
        "local_ref": "9a",
        "name": "Leiden Centraal",
        "public_transport": "stop_position",
        "railway": "stop",
        "railway:ref": "Ledn",
        "ref": "9a",
        "train": "yes"
      },
      "geometry": {
        "type": "Point",
        "coordinates": [
          4.4836989,
          52.1679186
        ]
      },
      "id": "node/9335077218"
    },
    {
      "type": "Feature",
      "properties": {
        "@id": "node/9535431428",
        "name": "Meulenhorn",
        "public_transport": "stop_position",
        "railway": "stop",
        "ref": "1",
        "train": "yes"
      },
      "geometry": {
        "type": "Point",
        "coordinates": [
          6.3946997,
          53.1697426
        ]
      },
      "id": "node/9535431428"
    },
    {
      "type": "Feature",
      "properties": {
        "@id": "node/9536824642",
        "name": "Nienoord Centraal",
        "public_transport": "stop_position",
        "railway": "stop",
        "ref": "4",
        "train": "yes"
      },
      "geometry": {
        "type": "Point",
        "coordinates": [
          6.3966227,
          53.168621
        ]
      },
      "id": "node/9536824642"
    },
    {
      "type": "Feature",
      "properties": {
        "@id": "node/9547176841",
        "name": "Nienoord Zuid",
        "public_transport": "stop_position",
        "railway": "stop",
        "ref": "2",
        "train": "yes"
      },
      "geometry": {
        "type": "Point",
        "coordinates": [
          6.3968755,
          53.1665606
        ]
      },
      "id": "node/9547176841"
    },
    {
      "type": "Feature",
      "properties": {
        "@id": "node/9566731577",
        "name": "Goes",
        "operator": "Stoomtrein Goes - Borsele",
        "public_transport": "stop_position",
        "railway": "stop",
        "railway:ref": "Gs",
        "train": "yes"
      },
      "geometry": {
        "type": "Point",
        "coordinates": [
          3.8827656,
          51.4971436
        ]
      },
      "id": "node/9566731577"
    },
    {
      "type": "Feature",
      "properties": {
        "@id": "node/9572904952",
        "name": "Zuidbroek",
        "public_transport": "stop_position",
        "ref": "3",
        "train": "yes"
      },
      "geometry": {
        "type": "Point",
        "coordinates": [
          6.8681382,
          53.1593112
        ]
      },
      "id": "node/9572904952"
    },
    {
      "type": "Feature",
      "properties": {
        "@id": "node/9604186662",
        "name": "Delft",
        "network": "ProRail",
        "operator": "Nederlandse Spoorwegen",
        "public_transport": "stop_position",
        "railway": "stop",
        "railway:ref": "Dt",
        "ref": "4",
        "train": "yes",
        "wheelchair": "yes"
      },
      "geometry": {
        "type": "Point",
        "coordinates": [
          4.3564642,
          52.0072307
        ]
      },
      "id": "node/9604186662"
    },
    {
      "type": "Feature",
      "properties": {
        "@id": "node/9604269471",
        "name": "Deurne",
        "public_transport": "stop_position",
        "railway": "stop",
        "railway:ref": "Dn",
        "ref": "3",
        "train": "yes"
      },
      "geometry": {
        "type": "Point",
        "coordinates": [
          5.7909576,
          51.4554758
        ]
      },
      "id": "node/9604269471"
    },
    {
      "type": "Feature",
      "properties": {
        "@id": "node/9604329592",
        "name": "Dordrecht",
        "public_transport": "stop_position",
        "railway": "stop",
        "railway:ref": "Ddr",
        "ref": "3b",
        "train": "yes"
      },
      "geometry": {
        "type": "Point",
        "coordinates": [
          4.6698314,
          51.8070302
        ]
      },
      "id": "node/9604329592"
    },
    {
      "type": "Feature",
      "properties": {
        "@id": "node/9604329593",
        "name": "Dordrecht",
        "public_transport": "stop_position",
        "railway": "stop",
        "railway:ref": "Ddr",
        "ref": "15",
        "train": "yes"
      },
      "geometry": {
        "type": "Point",
        "coordinates": [
          4.6692252,
          51.8073262
        ]
      },
      "id": "node/9604329593"
    },
    {
      "type": "Feature",
      "properties": {
        "@id": "node/9604339766",
        "name": "Beesd",
        "public_transport": "stop_position",
        "railway": "stop",
        "railway:ref": "Bsd",
        "ref": "1",
        "train": "yes"
      },
      "geometry": {
        "type": "Point",
        "coordinates": [
          5.1957838,
          51.899434
        ]
      },
      "id": "node/9604339766"
    },
    {
      "type": "Feature",
      "properties": {
        "@id": "node/9604350295",
        "name": "Nijmegen",
        "public_transport": "stop_position",
        "railway": "stop",
        "railway:ref": "Nm",
        "ref": "35",
        "train": "yes"
      },
      "geometry": {
        "type": "Point",
        "coordinates": [
          5.8522932,
          51.8422083
        ]
      },
      "id": "node/9604350295"
    },
    {
      "type": "Feature",
      "properties": {
        "@id": "node/9604424689",
        "name": "Roosendaal",
        "public_transport": "stop_position",
        "railway": "stop",
        "railway:ref": "Rsd",
        "railway:ref:NMBS/SNCB": "XNRSD",
        "ref": "1b",
        "train": "yes",
        "wheelchair": "yes"
      },
      "geometry": {
        "type": "Point",
        "coordinates": [
          4.4593862,
          51.540821
        ]
      },
      "id": "node/9604424689"
    },
    {
      "type": "Feature",
      "properties": {
        "@id": "node/9604440969",
        "name": "Barendrecht",
        "public_transport": "stop_position",
        "railway": "stop",
        "railway:ref": "Brd",
        "ref": "1",
        "train": "yes"
      },
      "geometry": {
        "type": "Point",
        "coordinates": [
          4.5536533,
          51.8545474
        ]
      },
      "id": "node/9604440969"
    },
    {
      "type": "Feature",
      "properties": {
        "@id": "node/9604440970",
        "name": "Barendrecht",
        "public_transport": "stop_position",
        "railway": "stop",
        "railway:ref": "Brd",
        "ref": "4",
        "train": "yes"
      },
      "geometry": {
        "type": "Point",
        "coordinates": [
          4.5534099,
          51.8544428
        ]
      },
      "id": "node/9604440970"
    },
    {
      "type": "Feature",
      "properties": {
        "@id": "node/9604442721",
        "name": "Rotterdam Lombardijen",
        "public_transport": "stop_position",
        "railway": "stop",
        "railway:ref": "Rlb",
        "ref": "1",
        "train": "yes"
      },
      "geometry": {
        "type": "Point",
        "coordinates": [
          4.5312934,
          51.8804256
        ]
      },
      "id": "node/9604442721"
    },
    {
      "type": "Feature",
      "properties": {
        "@id": "node/9604442722",
        "name": "Rotterdam Lombardijen",
        "public_transport": "stop_position",
        "railway": "stop",
        "railway:ref": "Rlb",
        "ref": "4",
        "train": "yes"
      },
      "geometry": {
        "type": "Point",
        "coordinates": [
          4.530815,
          51.8802913
        ]
      },
      "id": "node/9604442722"
    },
    {
      "type": "Feature",
      "properties": {
        "@id": "node/9604448340",
        "name": "Zwijndrecht",
        "public_transport": "stop_position",
        "railway": "stop",
        "railway:ref": "Zwd",
        "ref": "4",
        "train": "yes"
      },
      "geometry": {
        "type": "Point",
        "coordinates": [
          4.642329,
          51.814697
        ]
      },
      "id": "node/9604448340"
    },
    {
      "type": "Feature",
      "properties": {
        "@id": "node/9604448341",
        "name": "Zwijndrecht",
        "public_transport": "stop_position",
        "railway": "stop",
        "railway:ref": "Zwd",
        "ref": "1",
        "train": "yes"
      },
      "geometry": {
        "type": "Point",
        "coordinates": [
          4.6412044,
          51.8153834
        ]
      },
      "id": "node/9604448341"
    },
    {
      "type": "Feature",
      "properties": {
        "@id": "node/9604452073",
        "name": "Rijswijk",
        "public_transport": "stop_position",
        "railway": "stop",
        "railway:ref": "Rsw",
        "ref": "4",
        "train": "yes"
      },
      "geometry": {
        "type": "Point",
        "coordinates": [
          4.3222632,
          52.0376012
        ]
      },
      "id": "node/9604452073"
    },
    {
      "type": "Feature",
      "properties": {
        "@id": "node/9604452074",
        "name": "Rijswijk",
        "public_transport": "stop_position",
        "railway": "stop",
        "railway:ref": "Rsw",
        "ref": "2",
        "train": "yes"
      },
      "geometry": {
        "type": "Point",
        "coordinates": [
          4.3220748,
          52.0374776
        ]
      },
      "id": "node/9604452074"
    },
    {
      "type": "Feature",
      "properties": {
        "@id": "node/9604465717",
        "name": "Rotterdam Zuid",
        "public_transport": "stop_position",
        "railway": "stop",
        "railway:ref": "Rtz",
        "ref": "1",
        "train": "yes"
      },
      "geometry": {
        "type": "Point",
        "coordinates": [
          4.510009,
          51.9049557
        ]
      },
      "id": "node/9604465717"
    },
    {
      "type": "Feature",
      "properties": {
        "@id": "node/9604465718",
        "name": "Rotterdam Zuid",
        "public_transport": "stop_position",
        "railway": "stop",
        "railway:ref": "Rtz",
        "ref": "4",
        "train": "yes"
      },
      "geometry": {
        "type": "Point",
        "coordinates": [
          4.5096765,
          51.9048453
        ]
      },
      "id": "node/9604465718"
    },
    {
      "type": "Feature",
      "properties": {
        "@id": "node/9604474649",
        "name": "Kerkrade Centrum",
        "name:de": "Kirchrath Zentrum",
        "public_transport": "stop_position",
        "railway": "stop",
        "railway:ref": "Krd",
        "ref": "2",
        "train": "yes"
      },
      "geometry": {
        "type": "Point",
        "coordinates": [
          6.0573113,
          50.8613773
        ]
      },
      "id": "node/9604474649"
    },
    {
      "type": "Feature",
      "properties": {
        "@id": "node/9604490378",
        "name": "Rotterdam Blaak",
        "public_transport": "stop_position",
        "railway": "stop",
        "railway:ref": "Rtb",
        "ref": "1",
        "train": "yes"
      },
      "geometry": {
        "type": "Point",
        "coordinates": [
          4.4892133,
          51.9202058
        ]
      },
      "id": "node/9604490378"
    },
    {
      "type": "Feature",
      "properties": {
        "@id": "node/9604490379",
        "name": "Rotterdam Blaak",
        "public_transport": "stop_position",
        "railway": "stop",
        "railway:ref": "Rtb",
        "ref": "4",
        "train": "yes"
      },
      "geometry": {
        "type": "Point",
        "coordinates": [
          4.4888087,
          51.9200369
        ]
      },
      "id": "node/9604490379"
    },
    {
      "type": "Feature",
      "properties": {
        "@id": "node/9604500835",
        "name": "Eygelshoven",
        "public_transport": "stop_position",
        "railway": "stop",
        "railway:ref": "Egh",
        "ref": "1",
        "train": "yes"
      },
      "geometry": {
        "type": "Point",
        "coordinates": [
          6.046364,
          50.8897157
        ]
      },
      "id": "node/9604500835"
    },
    {
      "type": "Feature",
      "properties": {
        "@id": "node/9604509706",
        "name": "Maastricht Randwyck",
        "public_transport": "stop_position",
        "railway": "stop",
        "railway:ref": "Mtr",
        "ref": "3",
        "train": "yes"
      },
      "geometry": {
        "type": "Point",
        "coordinates": [
          5.7174297,
          50.8376792
        ]
      },
      "id": "node/9604509706"
    },
    {
      "type": "Feature",
      "properties": {
        "@id": "node/9604554853",
        "name": "Lelystad Centrum",
        "public_transport": "stop_position",
        "railway": "stop",
        "railway:ref": "Lls",
        "ref": "3",
        "train": "yes"
      },
      "geometry": {
        "type": "Point",
        "coordinates": [
          5.4727766,
          52.507646
        ]
      },
      "id": "node/9604554853"
    },
    {
      "type": "Feature",
      "properties": {
        "@id": "node/9604554854",
        "name": "Lelystad Centrum",
        "public_transport": "stop_position",
        "railway": "stop",
        "railway:ref": "Lls",
        "ref": "2",
        "train": "yes"
      },
      "geometry": {
        "type": "Point",
        "coordinates": [
          5.4727178,
          52.507644
        ]
      },
      "id": "node/9604554854"
    },
    {
      "type": "Feature",
      "properties": {
        "@id": "node/9604561636",
        "name": "De Vink",
        "public_transport": "stop_position",
        "railway": "stop",
        "railway:ref": "Dvnk",
        "ref": "2",
        "train": "yes"
      },
      "geometry": {
        "type": "Point",
        "coordinates": [
          4.456286,
          52.1472007
        ]
      },
      "id": "node/9604561636"
    },
    {
      "type": "Feature",
      "properties": {
        "@id": "node/9604561637",
        "name": "De Vink",
        "public_transport": "stop_position",
        "railway": "stop",
        "railway:ref": "Dvnk",
        "ref": "3",
        "train": "yes"
      },
      "geometry": {
        "type": "Point",
        "coordinates": [
          4.4563331,
          52.14718
        ]
      },
      "id": "node/9604561637"
    },
    {
      "type": "Feature",
      "properties": {
        "@id": "node/9604566973",
        "name": "Voorschoten",
        "public_transport": "stop_position",
        "railway": "stop",
        "railway:ref": "Vst",
        "ref": "2",
        "train": "yes"
      },
      "geometry": {
        "type": "Point",
        "coordinates": [
          4.4336463,
          52.1262345
        ]
      },
      "id": "node/9604566973"
    },
    {
      "type": "Feature",
      "properties": {
        "@id": "node/9604566974",
        "name": "Voorschoten",
        "public_transport": "stop_position",
        "railway": "stop",
        "railway:ref": "Vst",
        "ref": "3",
        "train": "yes"
      },
      "geometry": {
        "type": "Point",
        "coordinates": [
          4.433693,
          52.1262143
        ]
      },
      "id": "node/9604566974"
    },
    {
      "type": "Feature",
      "properties": {
        "@id": "node/9604567337",
        "local_ref": "2",
        "name": "Leiden Centraal",
        "public_transport": "stop_position",
        "railway": "stop",
        "railway:ref": "Ledn",
        "ref": "2",
        "train": "yes"
      },
      "geometry": {
        "type": "Point",
        "coordinates": [
          4.4820517,
          52.1658583
        ]
      },
      "id": "node/9604567337"
    },
    {
      "type": "Feature",
      "properties": {
        "@id": "node/9604567338",
        "local_ref": "1",
        "name": "Leiden Centraal",
        "public_transport": "stop_position",
        "railway": "stop",
        "railway:ref": "Ledn",
        "ref": "1",
        "train": "yes"
      },
      "geometry": {
        "type": "Point",
        "coordinates": [
          4.4821781,
          52.1657922
        ]
      },
      "id": "node/9604567338"
    },
    {
      "type": "Feature",
      "properties": {
        "@id": "node/9604567339",
        "name": "Leiden Centraal",
        "old_name:-1997": "Leiden",
        "public_transport": "station",
        "railway": "station",
        "railway:ref": "Ledn",
        "start_date": "1843-06-15",
        "train": "yes",
        "website": "https://www.ns.nl/stationsinformatie/ledn/leiden-centraal",
        "wheelchair": "yes",
        "wikidata": "Q801075",
        "wikipedia": "nl:Station Leiden Centraal",
        "zone": "5444"
      },
      "geometry": {
        "type": "Point",
        "coordinates": [
          4.482286,
          52.166319
        ]
      },
      "id": "node/9604567339"
    },
    {
      "type": "Feature",
      "properties": {
        "@id": "node/9604743605",
        "name": "Arnhem Centraal",
        "public_transport": "stop_position",
        "railway": "stop",
        "railway:ref": "Ah",
        "ref": "4a",
        "train": "yes"
      },
      "geometry": {
        "type": "Point",
        "coordinates": [
          5.8985787,
          51.9850317
        ]
      },
      "id": "node/9604743605"
    },
    {
      "type": "Feature",
      "properties": {
        "@id": "node/9604743606",
        "name": "Arnhem Centraal",
        "public_transport": "stop_position",
        "railway": "stop",
        "railway:ref": "Ah",
        "ref": "6a",
        "train": "yes"
      },
      "geometry": {
        "type": "Point",
        "coordinates": [
          5.8986166,
          51.9851091
        ]
      },
      "id": "node/9604743606"
    },
    {
      "type": "Feature",
      "properties": {
        "@id": "node/9673547598",
        "name": "Emmen Zuid",
        "public_transport": "stop_position",
        "railway": "stop",
        "ref": "2",
        "train": "yes"
      },
      "geometry": {
        "type": "Point",
        "coordinates": [
          6.874406,
          52.7486562
        ]
      },
      "id": "node/9673547598"
    },
    {
      "type": "Feature",
      "properties": {
        "@id": "node/10055685733",
        "name": "Heerlen",
        "public_transport": "stop_position",
        "railway": "stop",
        "train": "yes"
      },
      "geometry": {
        "type": "Point",
        "coordinates": [
          5.9759637,
          50.8906909
        ]
      },
      "id": "node/10055685733"
    },
    {
      "type": "Feature",
      "properties": {
        "@id": "node/10204515338",
        "name": "Ede-Wageningen",
        "public_transport": "stop_position",
        "railway": "stop",
        "railway:ref": "Ed",
        "ref": "5",
        "train": "yes"
      },
      "geometry": {
        "type": "Point",
        "coordinates": [
          5.6755207,
          52.0270322
        ]
      },
      "id": "node/10204515338"
    },
    {
      "type": "Feature",
      "properties": {
        "@id": "node/10657991746",
        "name": "Hurdegaryp",
        "public_transport": "stop_position",
        "ref": "1",
        "train": "yes"
      },
      "geometry": {
        "type": "Point",
        "coordinates": [
          5.9346958,
          53.2189416
        ]
      },
      "id": "node/10657991746"
    },
    {
      "type": "Feature",
      "properties": {
        "@id": "node/10657991747",
        "name": "Hurdegaryp",
        "public_transport": "stop_position",
        "ref": "2",
        "train": "yes"
      },
      "geometry": {
        "type": "Point",
        "coordinates": [
          5.9335633,
          53.2186537
        ]
      },
      "id": "node/10657991747"
    },
    {
      "type": "Feature",
      "properties": {
        "@id": "node/11013743255",
        "name": "Rotterdam Stadion",
        "public_transport": "stop_position",
        "railway": "stop",
        "railway:ref": "Rtst",
        "train": "yes"
      },
      "geometry": {
        "type": "Point",
        "coordinates": [
          4.5198161,
          51.8938466
        ]
      },
      "id": "node/11013743255"
    },
    {
      "type": "Feature",
      "properties": {
        "@id": "node/11013743256",
        "name": "Rotterdam Stadion",
        "public_transport": "stop_position",
        "railway": "stop",
        "railway:ref": "Rtst",
        "train": "yes"
      },
      "geometry": {
        "type": "Point",
        "coordinates": [
          4.5195536,
          51.8938617
        ]
      },
      "id": "node/11013743256"
    },
    {
      "type": "Feature",
      "properties": {
        "@id": "node/11208806839",
        "name": "Meerssen",
        "operator": "ProRail;Arriva Personenvervoer Nederland",
        "operator:wikidata": "Q2316882;Q2581356",
        "public_transport": "station",
        "railway": "station",
        "railway:ref": "Mes",
        "source": "BAG",
        "source:date": "2014-05-07",
        "station": "train",
        "train": "yes",
        "uic_ref": "8400434",
        "wheelchair": "yes",
        "wikidata": "Q3539623",
        "wikimedia_commons": "Category:Station Meerssen",
        "wikipedia": "nl:Station Meerssen",
        "zone": "6740"
      },
      "geometry": {
        "type": "Point",
        "coordinates": [
          5.7501291,
          50.8826069
        ]
      },
      "id": "node/11208806839"
    },
    {
      "type": "Feature",
      "properties": {
        "@id": "node/11374459005",
        "name": "Oldenzaal",
        "public_transport": "stop_position",
        "railway": "stop",
        "ref": "1b",
        "train": "yes"
      },
      "geometry": {
        "type": "Point",
        "coordinates": [
          6.9372966,
          52.306641
        ]
      },
      "id": "node/11374459005"
    },
    {
      "type": "Feature",
      "properties": {
        "@id": "node/12015429687",
        "name": "Tilburg",
        "public_transport": "stop_position",
        "railway": "stop",
        "railway:ref": "Tb",
        "ref": "4",
        "train": "yes",
        "wikidata": "Q801519",
        "wikipedia": "nl:Station Tilburg"
      },
      "geometry": {
        "type": "Point",
        "coordinates": [
          5.0833807,
          51.560825
        ]
      },
      "id": "node/12015429687"
    },
    {
      "type": "Feature",
      "properties": {
        "@id": "node/12698955736",
        "name": "Meulenhorn",
        "public_transport": "stop_position",
        "railway": "stop",
        "ref": "2",
        "train": "yes"
      },
      "geometry": {
        "type": "Point",
        "coordinates": [
          6.3947163,
          53.1697194
        ]
      },
      "id": "node/12698955736"
    },
    {
      "type": "Feature",
      "properties": {
        "@id": "node/12698955739",
        "name": "Nienoord Centraal",
        "public_transport": "stop_position",
        "railway": "stop",
        "ref": "2",
        "train": "yes"
      },
      "geometry": {
        "type": "Point",
        "coordinates": [
          6.3965998,
          53.1685793
        ]
      },
      "id": "node/12698955739"
    },
    {
      "type": "Feature",
      "properties": {
        "@id": "node/12698955740",
        "name": "Nienoord Centraal",
        "public_transport": "stop_position",
        "railway": "stop",
        "ref": "1",
        "train": "yes"
      },
      "geometry": {
        "type": "Point",
        "coordinates": [
          6.3966034,
          53.1685683
        ]
      },
      "id": "node/12698955740"
    },
    {
      "type": "Feature",
      "properties": {
        "@id": "node/12698955741",
        "name": "Nienoord Zuid",
        "public_transport": "stop_position",
        "railway": "stop",
        "ref": "1",
        "train": "yes"
      },
      "geometry": {
        "type": "Point",
        "coordinates": [
          6.3968452,
          53.1665608
        ]
      },
      "id": "node/12698955741"
    },
    {
      "type": "Feature",
      "properties": {
        "@id": "node/12702194136",
        "name": "Nienoord Centraal",
        "public_transport": "stop_position",
        "railway": "stop",
        "ref": "3",
        "train": "yes"
      },
      "geometry": {
        "type": "Point",
        "coordinates": [
          6.3965533,
          53.1686059
        ]
      },
      "id": "node/12702194136"
    },
    {
      "type": "Feature",
      "properties": {
        "@id": "node/12959335862",
        "name": "Groningen",
        "public_transport": "stop_position",
        "railway": "stop",
        "ref": "4",
        "train": "yes"
      },
      "geometry": {
        "type": "Point",
        "coordinates": [
          6.5641552,
          53.2103503
        ]
      },
      "id": "node/12959335862"
    },
    {
      "type": "Feature",
      "properties": {
        "@id": "node/12959386794",
        "name": "Groningen",
        "public_transport": "stop_position",
        "railway": "stop",
        "ref": "7",
        "train": "yes"
      },
      "geometry": {
        "type": "Point",
        "coordinates": [
          6.5641929,
          53.2099952
        ]
      },
      "id": "node/12959386794"
    },
    {
      "type": "Feature",
      "properties": {
        "@id": "node/12959389522",
        "name": "Groningen",
        "public_transport": "stop_position",
        "railway": "stop",
        "ref": "5",
        "train": "yes"
      },
      "geometry": {
        "type": "Point",
        "coordinates": [
          6.5641726,
          53.2101767
        ]
      },
      "id": "node/12959389522"
    },
    {
      "type": "Feature",
      "properties": {
        "@id": "node/12959406439",
        "name": "Groningen",
        "public_transport": "stop_position",
        "railway": "stop",
        "ref": "6",
        "train": "yes"
      },
      "geometry": {
        "type": "Point",
        "coordinates": [
          6.5641757,
          53.2101273
        ]
      },
      "id": "node/12959406439"
    },
    {
      "type": "Feature",
      "properties": {
        "@id": "node/12960986642",
        "name": "Groningen",
        "public_transport": "stop_position",
        "railway": "stop",
        "ref": "1",
        "train": "yes"
      },
      "geometry": {
        "type": "Point",
        "coordinates": [
          6.5641378,
          53.2105852
        ]
      },
      "id": "node/12960986642"
    },
    {
      "type": "Feature",
      "properties": {
        "@id": "node/12960986643",
        "name": "Groningen",
        "public_transport": "stop_position",
        "railway": "stop",
        "ref": "2",
        "train": "yes"
      },
      "geometry": {
        "type": "Point",
        "coordinates": [
          6.5642295,
          53.2105347
        ]
      },
      "id": "node/12960986643"
    },
    {
      "type": "Feature",
      "properties": {
        "@id": "node/13058465677",
        "name": "Vught",
        "public_transport": "stop_position",
        "railway": "stop",
        "railway:ref": "Vg",
        "ref": "1",
        "train": "yes"
      },
      "geometry": {
        "type": "Point",
        "coordinates": [
          5.2927632,
          51.6498147
        ]
      },
      "id": "node/13058465677"
    },
    {
      "type": "Feature",
      "properties": {
        "@id": "node/13058465678",
        "name": "Vught",
        "public_transport": "stop_position",
        "railway": "stop",
        "railway:ref": "Vg",
        "ref": "2",
        "train": "yes"
      },
      "geometry": {
        "type": "Point",
        "coordinates": [
          5.2927051,
          51.649811
        ]
      },
      "id": "node/13058465678"
    },
    {
      "type": "Feature",
      "properties": {
        "@id": "node/13058465700",
        "name": "Vught",
        "public_transport": "station",
        "railway": "station",
        "railway:ref": "Vg",
        "train": "yes",
        "website": "https://www.ns.nl/stationsinformatie/vg/vught",
        "wikidata": "Q1893367",
        "wikipedia": "nl:Station Vught"
      },
      "geometry": {
        "type": "Point",
        "coordinates": [
          5.2927159,
          51.6499279
        ]
      },
      "id": "node/13058465700"
    },
    {
      "type": "Feature",
      "properties": {
        "@id": "node/13275334180",
        "name": "Amsterdam ArenA",
        "public_transport": "stop_position",
        "railway": "stop",
        "train": "yes"
      },
      "geometry": {
        "type": "Point",
        "coordinates": [
          4.9429915,
          52.3160187
        ]
      },
      "id": "node/13275334180"
    }
  ]
}